keyword,match_type,ad_group,keyword_state,serving_state,historical_urls,normalized_urls,url_statuses,url_conflict,intent_class,macroarea,familia,intent_theme,classification_method,classification_confidence,impressions_max,clicks_max,conversions_max,source_rows
,Total: Campaña,,,,,,EMPTY,NO,DESCARTAR,,,,fila vacía,HIGH,0,0,0.0,1
,Total: Coincidencias de página de destino de AI Max,,,,,,EMPTY,NO,DESCARTAR,,,,fila vacía,HIGH,0,0,0.0,1
,Total: Concordancias ampliadas de AI Max,,,,,,EMPTY,NO,DESCARTAR,,,,fila vacía,HIGH,0,0,0.0,1
,Total: Inclusiones de URLs de tu campaña,,,,,,EMPTY,NO,DESCARTAR,,,,fila vacía,HIGH,0,0,0.0,1
,Total: Palabras clave de tu campaña,,,,,,EMPTY,NO,DESCARTAR,,,,fila vacía,HIGH,0,0,0.0,1
,Total: Tus palabras clave,,,,,,EMPTY,NO,DESCARTAR,,,,fila vacía,HIGH,0,0,0.0,1
,Total: Todas las palabras clave excepto las retiradas,--, --, --,,,EMPTY,NO,DESCARTAR,,,,fila vacía,HIGH,0,0,0.0,1
articulos de publicidad,Concordancia amplia,AdGroup ID: 29852379151 Created at 2016-06-13T05:28:10.432-07:00,Habilitado,No apto,,,EMPTY,NO,USO_CAMPAÑA,,,Genérico corporativo,keyword rescatada de grupo técnico,MEDIUM,0,0,0.0,1
articulos promocionales,Concordancia amplia,AdGroup ID: 29852379151 Created at 2016-06-13T05:28:10.432-07:00,Habilitado,No apto,,,EMPTY,NO,USO_CAMPAÑA,,,Genérico corporativo,keyword rescatada de grupo técnico,MEDIUM,0,0,0.0,1
articulos publicitarios,Concordancia amplia,AdGroup ID: 29852379151 Created at 2016-06-13T05:28:10.432-07:00,Habilitado,No apto,,,EMPTY,NO,USO_CAMPAÑA,,,Genérico corporativo,keyword rescatada de grupo técnico,MEDIUM,0,0,0.0,1
merchandising,Concordancia amplia,AdGroup ID: 29852379151 Created at 2016-06-13T05:28:10.432-07:00,Habilitado,No apto,,,EMPTY,NO,USO_CAMPAÑA,,,Genérico corporativo,keyword rescatada de grupo técnico,MEDIUM,0,0,0.0,1
productos promocionales,Concordancia amplia,AdGroup ID: 29852379151 Created at 2016-06-13T05:28:10.432-07:00,Habilitado,No apto,,,EMPTY,NO,USO_CAMPAÑA,,,Genérico corporativo,keyword rescatada de grupo técnico,MEDIUM,0,0,0.0,1
productos publicitarios,Concordancia amplia,AdGroup ID: 29852379151 Created at 2016-06-13T05:28:10.432-07:00,Habilitado,No apto,,,EMPTY,NO,USO_CAMPAÑA,,,Genérico corporativo,keyword rescatada de grupo técnico,MEDIUM,0,0,0.0,1
promocionales,Concordancia amplia,AdGroup ID: 29852379151 Created at 2016-06-13T05:28:10.432-07:00,Habilitado,No apto,,,EMPTY,NO,USO_CAMPAÑA,,,Genérico corporativo,keyword rescatada de grupo técnico,MEDIUM,0,0,0.0,1
regalos corporativos,Concordancia amplia,AdGroup ID: 29852379151 Created at 2016-06-13T05:28:10.432-07:00,Habilitado,No apto,,,EMPTY,NO,USO_CAMPAÑA,,,Genérico corporativo,keyword rescatada de grupo técnico,MEDIUM,0,0,0.0,1
regalos de empresa,Concordancia amplia,AdGroup ID: 29852379151 Created at 2016-06-13T05:28:10.432-07:00,Habilitado,No apto,,,EMPTY,NO,USO_CAMPAÑA,,,Genérico corporativo,keyword rescatada de grupo técnico,MEDIUM,0,0,0.0,1
regalos empresa,Concordancia amplia,AdGroup ID: 29852379151 Created at 2016-06-13T05:28:10.432-07:00,Habilitado,No apto,,,EMPTY,NO,USO_CAMPAÑA,,,Genérico corporativo,keyword rescatada de grupo técnico,MEDIUM,0,0,0.0,1
regalos empresariales,Concordancia amplia,AdGroup ID: 29852379151 Created at 2016-06-13T05:28:10.432-07:00,Habilitado,No apto,,,EMPTY,NO,USO_CAMPAÑA,,,Genérico corporativo,keyword rescatada de grupo técnico,MEDIUM,0,0,0.0,1
regalos promocionales,Concordancia amplia,AdGroup ID: 29852379151 Created at 2016-06-13T05:28:10.432-07:00,Habilitado,No apto,,,EMPTY,NO,USO_CAMPAÑA,,,Genérico corporativo,keyword rescatada de grupo técnico,MEDIUM,0,0,0.0,1
regalos publicitarios,Concordancia amplia,AdGroup ID: 29852379151 Created at 2016-06-13T05:28:10.432-07:00,Habilitado,No apto,,,EMPTY,NO,USO_CAMPAÑA,,,Genérico corporativo,keyword rescatada de grupo técnico,MEDIUM,0,0,0.0,1
"""agenda bolsillo""",Concordancia de frase,Agendas Libretas Memo Set,Habilitado,Limitado,,,EMPTY,NO,PRODUCTO,Oficina y Escritura,Libretas y Cuadernos,,keyword→objeto,HIGH,0,0,0.0,1
"""Agenda Colorskine Promocional""",Concordancia de frase,Agendas Libretas Memo Set,Habilitado,No apto,,,EMPTY,NO,PRODUCTO,Oficina y Escritura,Libretas y Cuadernos,,keyword→objeto,HIGH,0,0,0.0,1
"""agenda con bolsillo""",Concordancia de frase,Agendas Libretas Memo Set,Habilitado,Limitado,,,EMPTY,NO,PRODUCTO,Oficina y Escritura,Libretas y Cuadernos,,keyword→objeto,HIGH,0,0,0.0,1
"""agenda corporativa""",Concordancia de frase,Agendas Libretas Memo Set,Habilitado,Limitado,,,EMPTY,NO,PRODUCTO,Oficina y Escritura,Libretas y Cuadernos,,keyword→objeto,HIGH,0,0,0.0,1
"""agenda de bolsillo medidas""",Concordancia de frase,Agendas Libretas Memo Set,Habilitado,Limitado,,,EMPTY,NO,PRODUCTO,Oficina y Escritura,Libretas y Cuadernos,,keyword→objeto,HIGH,0,0,0.0,1
"""agenda de bolsillo para imprimir""",Concordancia de frase,Agendas Libretas Memo Set,Habilitado,Limitado,,,EMPTY,NO,PRODUCTO,Oficina y Escritura,Libretas y Cuadernos,,keyword→objeto,HIGH,0,0,0.0,1
"""Agenda ecológica""",Concordancia de frase,Agendas Libretas Memo Set,Habilitado,Limitado,https://regalospremium.cl/cuadernos-libretas-memo-set-publicitarios/,https://regalospremium.cl/cuadernos-libretas-memo-set-publicitarios/,CURRENT_FORMAT,NO,PRODUCTO,Oficina y Escritura,Libretas y Cuadernos,,keyword→objeto,HIGH,0,0,0.0,1
"""agenda ecologica""",Concordancia de frase,Agendas Libretas Memo Set,Habilitado,Limitado,https://regalospremium.cl/cuadernos-libretas-memo-set-publicitarios/,https://regalospremium.cl/cuadernos-libretas-memo-set-publicitarios/,CURRENT_FORMAT,NO,PRODUCTO,Oficina y Escritura,Libretas y Cuadernos,,keyword→objeto,HIGH,0,0,0.0,1
"""agenda escolar de bolsillo""",Concordancia de frase,Agendas Libretas Memo Set,Habilitado,Apto,,,EMPTY,NO,PRODUCTO,Oficina y Escritura,Libretas y Cuadernos,,keyword→objeto,HIGH,0,0,0.0,1
"""agenda escolar personalizada""",Concordancia de frase,Agendas Libretas Memo Set,Habilitado,Limitado,https://regalospremium.cl/cuadernos-libretas-memo-set-publicitarios/,https://regalospremium.cl/cuadernos-libretas-memo-set-publicitarios/,CURRENT_FORMAT,NO,PRODUCTO,Oficina y Escritura,Libretas y Cuadernos,,keyword→objeto,HIGH,0,0,0.0,1
"""agenda magnetica de bolsillo""",Concordancia de frase,Agendas Libretas Memo Set,Habilitado,Limitado,,,EMPTY,NO,PRODUCTO,Oficina y Escritura,Libretas y Cuadernos,,keyword→objeto,HIGH,0,0,0.0,1
"""agenda para profesores""",Concordancia de frase,Agendas Libretas Memo Set,Habilitado,Limitado,https://regalospremium.cl/cuadernos-libretas-memo-set-publicitarios/,https://regalospremium.cl/cuadernos-libretas-memo-set-publicitarios/,CURRENT_FORMAT,NO,PRODUCTO,Oficina y Escritura,Libretas y Cuadernos,,keyword→objeto,HIGH,0,0,0.0,1
"""Agenda personalizada""",Concordancia de frase,Agendas Libretas Memo Set,Habilitado,Limitado,https://regalospremium.cl/cuadernos-libretas-memo-set-publicitarios/,https://regalospremium.cl/cuadernos-libretas-memo-set-publicitarios/,CURRENT_FORMAT,NO,PRODUCTO,Oficina y Escritura,Libretas y Cuadernos,,keyword→objeto,HIGH,0,0,0.0,2
"""agenda personalizada con logo""",Concordancia de frase,Agendas Libretas Memo Set,Habilitado,Limitado,https://regalospremium.cl/cuadernos-libretas-memo-set-publicitarios/,https://regalospremium.cl/cuadernos-libretas-memo-set-publicitarios/,CURRENT_FORMAT,NO,PRODUCTO,Oficina y Escritura,Libretas y Cuadernos,,keyword→objeto,HIGH,0,0,0.0,1
"""agenda personalizada para hombre""",Concordancia de frase,Agendas Libretas Memo Set,Habilitado,Limitado,,,EMPTY,NO,PRODUCTO,Oficina y Escritura,Libretas y Cuadernos,,keyword→objeto,HIGH,0,0,0.0,1
"""agenda publicitaria""",Concordancia de frase,Agendas Libretas Memo Set,Habilitado,Limitado,https://regalospremium.cl/cuadernos-libretas-memo-set-publicitarios/,https://regalospremium.cl/cuadernos-libretas-memo-set-publicitarios/,CURRENT_FORMAT,NO,PRODUCTO,Oficina y Escritura,Libretas y Cuadernos,,keyword→objeto,HIGH,0,0,0.0,1
"""agendas baratas""",Concordancia de frase,Agendas Libretas Memo Set,Habilitado,Apto,https://regalospremium.cl/cuadernos-libretas-memo-set-publicitarios/,https://regalospremium.cl/cuadernos-libretas-memo-set-publicitarios/,CURRENT_FORMAT,NO,PRODUCTO,Oficina y Escritura,Libretas y Cuadernos,,keyword→objeto,HIGH,0,0,0.0,1
"""agendas biodegradables""",Concordancia de frase,Agendas Libretas Memo Set,Habilitado,No apto,https://regalospremium.cl/cuadernos-libretas-memo-set-publicitarios/,https://regalospremium.cl/cuadernos-libretas-memo-set-publicitarios/,CURRENT_FORMAT,NO,PRODUCTO,Oficina y Escritura,Libretas y Cuadernos,,keyword→objeto,HIGH,0,0,0.0,1
"""agendas con elastico""",Concordancia de frase,Agendas Libretas Memo Set,Habilitado,No apto,https://regalospremium.cl/cuadernos-libretas-memo-set/,https://regalospremium.cl/cuadernos-libretas-memo-set/,CURRENT_FORMAT,NO,PRODUCTO,Oficina y Escritura,Libretas y Cuadernos,,keyword→objeto,HIGH,0,0,0.0,1
"""agendas con logo""",Concordancia de frase,Agendas Libretas Memo Set,Habilitado,Limitado,https://regalospremium.cl/cuadernos-libretas-memo-set-publicitarios/,https://regalospremium.cl/cuadernos-libretas-memo-set-publicitarios/,CURRENT_FORMAT,NO,PRODUCTO,Oficina y Escritura,Libretas y Cuadernos,,keyword→objeto,HIGH,0,0,0.0,1
"""agendas corporativas personalizadas""",Concordancia de frase,Agendas Libretas Memo Set,Habilitado,Limitado,,,EMPTY,NO,PRODUCTO,Oficina y Escritura,Libretas y Cuadernos,,keyword→objeto,HIGH,0,0,0.0,1
"""agendas de bolsillo baratas""",Concordancia de frase,Agendas Libretas Memo Set,Habilitado,No apto,,,EMPTY,NO,PRODUCTO,Oficina y Escritura,Libretas y Cuadernos,,keyword→objeto,HIGH,0,0,0.0,1
"""agendas docentes personalizadas""",Concordancia de frase,Agendas Libretas Memo Set,Habilitado,Limitado,https://regalospremium.cl/cuadernos-libretas-memo-set-publicitarios/,https://regalospremium.cl/cuadernos-libretas-memo-set-publicitarios/,CURRENT_FORMAT,NO,PRODUCTO,Oficina y Escritura,Libretas y Cuadernos,,keyword→objeto,HIGH,0,0,0.0,1
"""agendas ecologicas""",Concordancia de frase,Agendas Libretas Memo Set,Habilitado,Limitado,https://regalospremium.cl/cuadernos-libretas-memo-set-publicitarios/,https://regalospremium.cl/cuadernos-libretas-memo-set-publicitarios/,CURRENT_FORMAT,NO,PRODUCTO,Oficina y Escritura,Libretas y Cuadernos,,keyword→objeto,HIGH,0,0,0.0,1
"""agendas economicas""",Concordancia de frase,Agendas Libretas Memo Set,Habilitado,Limitado,https://regalospremium.cl/cuadernos-libretas-memo-set-publicitarios/,https://regalospremium.cl/cuadernos-libretas-memo-set-publicitarios/,CURRENT_FORMAT,NO,PRODUCTO,Oficina y Escritura,Libretas y Cuadernos,,keyword→objeto,HIGH,0,0,0.0,1
"""agendas ejecutivas personalizadas""",Concordancia de frase,Agendas Libretas Memo Set,Habilitado,Limitado,,,EMPTY,NO,PRODUCTO,Oficina y Escritura,Libretas y Cuadernos,,keyword→objeto,HIGH,0,0,0.0,1
"""agendas escolares""",Concordancia de frase,Agendas Libretas Memo Set,Habilitado,Limitado,,,EMPTY,NO,PRODUCTO,Oficina y Escritura,Libretas y Cuadernos,,keyword→objeto,HIGH,0,0,0.0,1
"""agendas escolares personalizadas""",Concordancia de frase,Agendas Libretas Memo Set,Habilitado,Limitado,,,EMPTY,NO,PRODUCTO,Oficina y Escritura,Libretas y Cuadernos,,keyword→objeto,HIGH,0,0,0.0,1
"""agendas impresas""",Concordancia de frase,Agendas Libretas Memo Set,Habilitado,Limitado,https://regalospremium.cl/cuadernos-libretas-memo-set-publicitarios/,https://regalospremium.cl/cuadernos-libretas-memo-set-publicitarios/,CURRENT_FORMAT,NO,PRODUCTO,Oficina y Escritura,Libretas y Cuadernos,,keyword→objeto,HIGH,0,0,0.0,1
"""agendas mini""",Concordancia de frase,Agendas Libretas Memo Set,Habilitado,Limitado,https://regalospremium.cl/cuadernos-libretas-memo-set-publicitarios/,https://regalospremium.cl/cuadernos-libretas-memo-set-publicitarios/,CURRENT_FORMAT,NO,PRODUCTO,Oficina y Escritura,Libretas y Cuadernos,,keyword→objeto,HIGH,0,0,0.0,1
"""agendas para empresas""",Concordancia de frase,Agendas Libretas Memo Set,Habilitado,Limitado,https://regalospremium.cl/cuadernos-libretas-memo-set-publicitarios/,https://regalospremium.cl/cuadernos-libretas-memo-set-publicitarios/,CURRENT_FORMAT,NO,PRODUCTO,Oficina y Escritura,Libretas y Cuadernos,,keyword→objeto,HIGH,0,0,0.0,1
"""agendas pequeñas de bolsillo""",Concordancia de frase,Agendas Libretas Memo Set,Habilitado,Limitado,,,EMPTY,NO,PRODUCTO,Oficina y Escritura,Libretas y Cuadernos,,keyword→objeto,HIGH,0,0,0.0,1
"""agendas personalizadas""",Concordancia de frase,Agendas Libretas Memo Set,Habilitado,Limitado,https://regalospremium.cl/cuadernos-libretas-memo-set-publicitarios/,https://regalospremium.cl/cuadernos-libretas-memo-set-publicitarios/,CURRENT_FORMAT,NO,PRODUCTO,Oficina y Escritura,Libretas y Cuadernos,,keyword→objeto,HIGH,0,0,0.0,1
"""agendas personalizadas 2024""",Concordancia de frase,Agendas Libretas Memo Set,Habilitado,Limitado,https://regalospremium.cl/cuadernos-libretas-memo-set-publicitarios/,https://regalospremium.cl/cuadernos-libretas-memo-set-publicitarios/,CURRENT_FORMAT,NO,PRODUCTO,Oficina y Escritura,Libretas y Cuadernos,,keyword→objeto,HIGH,0,0,0.0,1
"""agendas personalizadas baratas""",Concordancia de frase,Agendas Libretas Memo Set,Habilitado,Limitado,,,EMPTY,NO,PRODUCTO,Oficina y Escritura,Libretas y Cuadernos,,keyword→objeto,HIGH,0,0,0.0,1
"""agendas personalizadas con nombre""",Concordancia de frase,Agendas Libretas Memo Set,Habilitado,Limitado,,,EMPTY,NO,PRODUCTO,Oficina y Escritura,Libretas y Cuadernos,,keyword→objeto,HIGH,0,0,0.0,1
"""agendas personalizadas empresas""",Concordancia de frase,Agendas Libretas Memo Set,Habilitado,Apto,,,EMPTY,NO,PRODUCTO,Oficina y Escritura,Libretas y Cuadernos,,keyword→objeto,HIGH,0,0,0.0,1
"""agendas personalizadas online""",Concordancia de frase,Agendas Libretas Memo Set,Habilitado,Apto,,,EMPTY,NO,PRODUCTO,Oficina y Escritura,Libretas y Cuadernos,,keyword→objeto,HIGH,0,0,0.0,1
"""agendas personalizadas para empresas""",Concordancia de frase,Agendas Libretas Memo Set,Habilitado,Limitado,https://regalospremium.cl/cuadernos-libretas-memo-set-publicitarios/,https://regalospremium.cl/cuadernos-libretas-memo-set-publicitarios/,CURRENT_FORMAT,NO,PRODUCTO,Oficina y Escritura,Libretas y Cuadernos,,keyword→objeto,HIGH,0,0,0.0,1
"""agendas personalizadas para imprimir""",Concordancia de frase,Agendas Libretas Memo Set,Habilitado,Limitado,https://regalospremium.cl/cuadernos-libretas-memo-set-publicitarios/,https://regalospremium.cl/cuadernos-libretas-memo-set-publicitarios/,CURRENT_FORMAT,NO,PRODUCTO,Oficina y Escritura,Libretas y Cuadernos,,keyword→objeto,HIGH,0,0,0.0,1
"""agendas personalizadas para regalo""",Concordancia de frase,Agendas Libretas Memo Set,Habilitado,Apto,https://regalospremium.cl/cuadernos-libretas-memo-set-publicitarios/,https://regalospremium.cl/cuadernos-libretas-memo-set-publicitarios/,CURRENT_FORMAT,NO,PRODUCTO,Oficina y Escritura,Libretas y Cuadernos,,keyword→objeto,HIGH,0,0,0.0,1
"""agendas por mayor""",Concordancia de frase,Agendas Libretas Memo Set,Habilitado,Limitado,https://regalospremium.cl/cuadernos-libretas-memo-set-publicitarios/,https://regalospremium.cl/cuadernos-libretas-memo-set-publicitarios/,CURRENT_FORMAT,NO,PRODUCTO,Oficina y Escritura,Libretas y Cuadernos,,keyword→objeto,HIGH,0,0,0.0,1
"""agendas promocionales""",Concordancia de frase,Agendas Libretas Memo Set,Habilitado,Limitado,https://regalospremium.cl/cuadernos-libretas-memo-set-publicitarios/,https://regalospremium.cl/cuadernos-libretas-memo-set-publicitarios/,CURRENT_FORMAT,NO,PRODUCTO,Oficina y Escritura,Libretas y Cuadernos,,keyword→objeto,HIGH,0,0,0.0,1
"""agendas publicidad""",Concordancia de frase,Agendas Libretas Memo Set,Habilitado,Limitado,https://regalospremium.cl/cuadernos-libretas-memo-set-publicitarios/,https://regalospremium.cl/cuadernos-libretas-memo-set-publicitarios/,CURRENT_FORMAT,NO,PRODUCTO,Oficina y Escritura,Libretas y Cuadernos,,keyword→objeto,HIGH,0,0,0.0,1
"""agendas publicitarias 2023""",Concordancia de frase,Agendas Libretas Memo Set,Habilitado,No apto,https://regalospremium.cl/cuadernos-libretas-memo-set-publicitarios/,https://regalospremium.cl/cuadernos-libretas-memo-set-publicitarios/,CURRENT_FORMAT,NO,PRODUCTO,Oficina y Escritura,Libretas y Cuadernos,,keyword→objeto,HIGH,0,0,0.0,1
"""artículos de oficina personalizados""",Concordancia de frase,Agendas Libretas Memo Set,Habilitado,Limitado,,,EMPTY,NO,PRODUCTO,Oficina y Escritura,Libretas y Cuadernos,,fallback grupo histórico,MEDIUM,0,0,0.0,1
"""banderita señalizadora de paginas adhesiva de plastico""",Concordancia de frase,Agendas Libretas Memo Set,Habilitado,No apto,,,EMPTY,NO,PRODUCTO,Oficina y Escritura,Libretas y Cuadernos,,fallback grupo histórico,MEDIUM,0,0,0.0,1
"""banderitas adhesivas""",Concordancia de frase,Agendas Libretas Memo Set,Habilitado,Limitado,,,EMPTY,NO,PRODUCTO,Oficina y Escritura,Libretas y Cuadernos,,fallback grupo histórico,MEDIUM,0,0,0.0,1
"""banderitas adhesivas de 2.5 cm x 4.3 paquete 50 piezas""",Concordancia de frase,Agendas Libretas Memo Set,Habilitado,Limitado,,,EMPTY,NO,PRODUCTO,Oficina y Escritura,Libretas y Cuadernos,,fallback grupo histórico,MEDIUM,0,0,0.0,1
"""banderitas adhesivas de colores""",Concordancia de frase,Agendas Libretas Memo Set,Habilitado,Limitado,,,EMPTY,NO,PRODUCTO,Oficina y Escritura,Libretas y Cuadernos,,fallback grupo histórico,MEDIUM,0,0,0.0,1
"""banderitas adhesivas de plastico señalizadoras de paginas""",Concordancia de frase,Agendas Libretas Memo Set,Habilitado,Apto,,,EMPTY,NO,PRODUCTO,Oficina y Escritura,Libretas y Cuadernos,,fallback grupo histórico,MEDIUM,0,0,0.0,1
"""banderitas adhesivas pastel""",Concordancia de frase,Agendas Libretas Memo Set,Habilitado,Limitado,,,EMPTY,NO,PRODUCTO,Oficina y Escritura,Libretas y Cuadernos,,fallback grupo histórico,MEDIUM,0,0,0.0,1
"""banderitas adhesivas por mayor""",Concordancia de frase,Agendas Libretas Memo Set,Habilitado,Apto,,,EMPTY,NO,PRODUCTO,Oficina y Escritura,Libretas y Cuadernos,,fallback grupo histórico,MEDIUM,0,0,0.0,1
"""banderitas adhesivas post it""",Concordancia de frase,Agendas Libretas Memo Set,Habilitado,Limitado,,,EMPTY,NO,PRODUCTO,Oficina y Escritura,Libretas y Cuadernos,,fallback grupo histórico,MEDIUM,0,0,0.0,1
"""banderitas adhesivas transparentes""",Concordancia de frase,Agendas Libretas Memo Set,Habilitado,Limitado,,,EMPTY,NO,PRODUCTO,Oficina y Escritura,Libretas y Cuadernos,,fallback grupo histórico,MEDIUM,0,0,0.0,1
"""banderitas memo tip""",Concordancia de frase,Agendas Libretas Memo Set,Habilitado,Limitado,,,EMPTY,NO,PRODUCTO,Oficina y Escritura,Libretas y Cuadernos,,fallback grupo histórico,MEDIUM,0,0,0.0,1
"""banderitas post it transparentes""",Concordancia de frase,Agendas Libretas Memo Set,Habilitado,Limitado,,,EMPTY,NO,PRODUCTO,Oficina y Escritura,Libretas y Cuadernos,,fallback grupo histórico,MEDIUM,0,0,0.0,1
"""banderitas señaladoras""",Concordancia de frase,Agendas Libretas Memo Set,Habilitado,Limitado,,,EMPTY,NO,PRODUCTO,Oficina y Escritura,Libretas y Cuadernos,,fallback grupo histórico,MEDIUM,0,0,0.0,1
"""banderitas señaladoras adhesivas""",Concordancia de frase,Agendas Libretas Memo Set,Habilitado,Limitado,,,EMPTY,NO,PRODUCTO,Oficina y Escritura,Libretas y Cuadernos,,fallback grupo histórico,MEDIUM,0,0,0.0,1
"""Bloc de notas reciclado con bolígrafo""",Concordancia de frase,Agendas Libretas Memo Set,Habilitado,No apto,,,EMPTY,NO,PRODUCTO,Oficina y Escritura,Lápices y Bolígrafos,,keyword→objeto,HIGH,0,0,0.0,1
"""Cintas porta credenciales""",Concordancia de frase,Agendas Libretas Memo Set,Habilitado,Limitado,,,EMPTY,NO,PRODUCTO,Promocionales,Lanyards,,keyword→objeto,HIGH,0,0,0.0,1
"""colorear cuaderno dibujo""",Concordancia de frase,Agendas Libretas Memo Set,Habilitado,Limitado,,,EMPTY,NO,PRODUCTO,Oficina y Escritura,Libretas y Cuadernos,,keyword→objeto,HIGH,0,0,0.0,1
"""comprar agenda""",Concordancia de frase,Agendas Libretas Memo Set,Habilitado,Limitado,https://regalospremium.cl/cuadernos-libretas-memo-set-publicitarios/,https://regalospremium.cl/cuadernos-libretas-memo-set-publicitarios/,CURRENT_FORMAT,NO,PRODUCTO,Oficina y Escritura,Libretas y Cuadernos,,keyword→objeto,HIGH,0,0,0.0,1
"""comprar agendas personalizadas""",Concordancia de frase,Agendas Libretas Memo Set,Habilitado,Limitado,https://regalospremium.cl/cuadernos-libretas-memo-set-publicitarios/,https://regalospremium.cl/cuadernos-libretas-memo-set-publicitarios/,CURRENT_FORMAT,NO,PRODUCTO,Oficina y Escritura,Libretas y Cuadernos,,keyword→objeto,HIGH,0,0,0.0,1
"""Comprar Cuaderno de Bamboo""",Concordancia de frase,Agendas Libretas Memo Set,Habilitado,No apto,,,EMPTY,NO,PRODUCTO,Oficina y Escritura,Libretas y Cuadernos,,keyword→objeto,HIGH,0,0,0.0,1
"""comprar cuadernos baratos""",Concordancia de frase,Agendas Libretas Memo Set,Habilitado,Limitado,,,EMPTY,NO,PRODUCTO,Oficina y Escritura,Libretas y Cuadernos,,keyword→objeto,HIGH,0,0,0.0,1
"""comprar libreta""",Concordancia de frase,Agendas Libretas Memo Set,Habilitado,Limitado,https://regalospremium.cl/cuadernos-libretas-memo-set-publicitarios/,https://regalospremium.cl/cuadernos-libretas-memo-set-publicitarios/,CURRENT_FORMAT,NO,PRODUCTO,Oficina y Escritura,Libretas y Cuadernos,,keyword→objeto,HIGH,0,0,0.0,1
"""comprar libretas baratas""",Concordancia de frase,Agendas Libretas Memo Set,Habilitado,Limitado,,,EMPTY,NO,PRODUCTO,Oficina y Escritura,Libretas y Cuadernos,,keyword→objeto,HIGH,0,0,0.0,1
"""Comprar Libretas Ecológicas""",Concordancia de frase,Agendas Libretas Memo Set,Habilitado,No apto,,,EMPTY,NO,PRODUCTO,Oficina y Escritura,Libretas y Cuadernos,,keyword→objeto,HIGH,0,0,0.0,1
"""Comprar Memo Set Oficina""",Concordancia de frase,Agendas Libretas Memo Set,Habilitado,No apto,,,EMPTY,NO,PRODUCTO,Oficina y Escritura,Libretas y Cuadernos,,keyword→objeto,HIGH,0,0,0.0,1
"""Concordancia amplia""",Concordancia de frase,Agendas Libretas Memo Set,Habilitado,Limitado,,,EMPTY,NO,PRODUCTO,Oficina y Escritura,Libretas y Cuadernos,,fallback grupo histórico,MEDIUM,0,0,0.0,1
"""croqueras personalizadas""",Concordancia de frase,Agendas Libretas Memo Set,Habilitado,Apto,,,EMPTY,NO,PRODUCTO,Oficina y Escritura,Libretas y Cuadernos,,fallback grupo histórico,MEDIUM,0,0,0.0,1
"""Cuadernillo de bolsillo""",Concordancia de frase,Agendas Libretas Memo Set,Habilitado,Limitado,,,EMPTY,NO,PRODUCTO,Oficina y Escritura,Libretas y Cuadernos,,fallback grupo histórico,MEDIUM,0,0,0.0,1
"""cuadernillos de tapa dura""",Concordancia de frase,Agendas Libretas Memo Set,Habilitado,Apto,,,EMPTY,NO,PRODUCTO,Oficina y Escritura,Libretas y Cuadernos,,fallback grupo histórico,MEDIUM,0,0,0.0,1
"""cuaderno 24 hojas tapa dura""",Concordancia de frase,Agendas Libretas Memo Set,Habilitado,Limitado,,,EMPTY,NO,PRODUCTO,Oficina y Escritura,Libretas y Cuadernos,,keyword→objeto,HIGH,0,0,0.0,1
"""cuaderno a3 tapa dura""",Concordancia de frase,Agendas Libretas Memo Set,Habilitado,Limitado,https://regalospremium.cl/cuadernos-libretas-memo-set-publicitarios/,https://regalospremium.cl/cuadernos-libretas-memo-set-publicitarios/,CURRENT_FORMAT,NO,PRODUCTO,Oficina y Escritura,Libretas y Cuadernos,,keyword→objeto,HIGH,0,0,0.0,1
"""cuaderno a5 tapa dura""",Concordancia de frase,Agendas Libretas Memo Set,Habilitado,Limitado,https://regalospremium.cl/cuadernos-libretas-memo-set-publicitarios/,https://regalospremium.cl/cuadernos-libretas-memo-set-publicitarios/,CURRENT_FORMAT,NO,PRODUCTO,Oficina y Escritura,Libretas y Cuadernos,,keyword→objeto,HIGH,0,0,0.0,1
"""cuaderno a5 tapa dura medidas""",Concordancia de frase,Agendas Libretas Memo Set,Habilitado,No apto,,,EMPTY,NO,PRODUCTO,Oficina y Escritura,Libretas y Cuadernos,,keyword→objeto,HIGH,0,0,0.0,1
"""cuaderno a6 tapa dura""",Concordancia de frase,Agendas Libretas Memo Set,Habilitado,Limitado,,,EMPTY,NO,PRODUCTO,Oficina y Escritura,Libretas y Cuadernos,,keyword→objeto,HIGH,0,0,0.0,1
"""cuaderno con dibujos para colorear""",Concordancia de frase,Agendas Libretas Memo Set,Habilitado,Limitado,,,EMPTY,NO,PRODUCTO,Oficina y Escritura,Libretas y Cuadernos,,keyword→objeto,HIGH,0,0,0.0,1
"""cuaderno corporativo""",Concordancia de frase,Agendas Libretas Memo Set,Habilitado,Limitado,https://regalospremium.cl/cuadernos-libretas-memo-set-publicitarios/,https://regalospremium.cl/cuadernos-libretas-memo-set-publicitarios/,CURRENT_FORMAT,NO,PRODUCTO,Oficina y Escritura,Libretas y Cuadernos,,keyword→objeto,HIGH,0,0,0.0,1
"""cuaderno de dibujo para colorear""",Concordancia de frase,Agendas Libretas Memo Set,Habilitado,Limitado,,,EMPTY,NO,PRODUCTO,Oficina y Escritura,Libretas y Cuadernos,,keyword→objeto,HIGH,0,0,0.0,1
"""cuaderno de dibujos para pintar""",Concordancia de frase,Agendas Libretas Memo Set,Habilitado,Limitado,,,EMPTY,NO,PRODUCTO,Oficina y Escritura,Libretas y Cuadernos,,keyword→objeto,HIGH,0,0,0.0,1
"""cuaderno de notas personalizado""",Concordancia de frase,Agendas Libretas Memo Set,Habilitado,Limitado,,,EMPTY,NO,PRODUCTO,Oficina y Escritura,Libretas y Cuadernos,,keyword→objeto,HIGH,0,0,0.0,1
"""Cuaderno de planificación con logo""",Concordancia de frase,Agendas Libretas Memo Set,Habilitado,No apto,,,EMPTY,NO,PRODUCTO,Oficina y Escritura,Libretas y Cuadernos,,keyword→objeto,HIGH,0,0,0.0,1
"""cuaderno de puntos""",Concordancia de frase,Agendas Libretas Memo Set,Habilitado,Limitado,https://regalospremium.cl/cuadernos-libretas-memo-set-publicitarios/,https://regalospremium.cl/cuadernos-libretas-memo-set-publicitarios/,CURRENT_FORMAT,NO,PRODUCTO,Oficina y Escritura,Libretas y Cuadernos,,keyword→objeto,HIGH,0,0,0.0,1
"""Cuaderno de tapa fuerte""",Concordancia de frase,Agendas Libretas Memo Set,Habilitado,No apto,,,EMPTY,NO,PRODUCTO,Oficina y Escritura,Libretas y Cuadernos,,keyword→objeto,HIGH,0,0,0.0,1
"""Cuaderno de viaje con lápiz""",Concordancia de frase,Agendas Libretas Memo Set,Habilitado,No apto,,,EMPTY,NO,PRODUCTO,Oficina y Escritura,Libretas y Cuadernos,,keyword→objeto,HIGH,0,0,0.0,1
"""cuaderno dibujo para colorear""",Concordancia de frase,Agendas Libretas Memo Set,Habilitado,Limitado,,,EMPTY,NO,PRODUCTO,Oficina y Escritura,Libretas y Cuadernos,,keyword→objeto,HIGH,0,0,0.0,1
"""cuaderno eco""",Concordancia de frase,Agendas Libretas Memo Set,Habilitado,Apto,,,EMPTY,NO,PRODUCTO,Oficina y Escritura,Libretas y Cuadernos,,keyword→objeto,HIGH,0,0,0.0,1
"""Cuaderno Ecológico Compost""",Concordancia de frase,Agendas Libretas Memo Set,Habilitado,Apto,,,EMPTY,NO,PRODUCTO,Oficina y Escritura,Libretas y Cuadernos,,keyword→objeto,HIGH,0,0,0.0,1
"""cuaderno grande tapa dura""",Concordancia de frase,Agendas Libretas Memo Set,Habilitado,Limitado,https://regalospremium.cl/cuadernos-libretas-memo-set-publicitarios/,https://regalospremium.cl/cuadernos-libretas-memo-set-publicitarios/,CURRENT_FORMAT,NO,PRODUCTO,Oficina y Escritura,Libretas y Cuadernos,,keyword→objeto,HIGH,0,0,0.0,1
"""cuaderno liso tapa dura""",Concordancia de frase,Agendas Libretas Memo Set,Habilitado,Limitado,https://regalospremium.cl/cuadernos-libretas-memo-set-publicitarios/,https://regalospremium.cl/cuadernos-libretas-memo-set-publicitarios/,CURRENT_FORMAT,NO,PRODUCTO,Oficina y Escritura,Libretas y Cuadernos,,keyword→objeto,HIGH,0,0,0.0,1
"""cuaderno medio oficio""",Concordancia de frase,Agendas Libretas Memo Set,Habilitado,Limitado,,,EMPTY,NO,PRODUCTO,Oficina y Escritura,Libretas y Cuadernos,,keyword→objeto,HIGH,0,0,0.0,1
"""cuaderno pequeño tapa dura""",Concordancia de frase,Agendas Libretas Memo Set,Habilitado,Limitado,https://regalospremium.cl/cuadernos-libretas-memo-set-publicitarios/,https://regalospremium.cl/cuadernos-libretas-memo-set-publicitarios/,CURRENT_FORMAT,NO,PRODUCTO,Oficina y Escritura,Libretas y Cuadernos,,keyword→objeto,HIGH,0,0,0.0,1
"""cuaderno personalizado""",Concordancia de frase,Agendas Libretas Memo Set,Habilitado,Limitado,,,EMPTY,NO,PRODUCTO,Oficina y Escritura,Libretas y Cuadernos,,keyword→objeto,HIGH,0,0,0.0,1
"""cuaderno personalizado con foto""",Concordancia de frase,Agendas Libretas Memo Set,Habilitado,Limitado,,,EMPTY,NO,PRODUCTO,Oficina y Escritura,Libretas y Cuadernos,,keyword→objeto,HIGH,0,0,0.0,1
"""cuaderno personalizado tapa dura""",Concordancia de frase,Agendas Libretas Memo Set,Habilitado,Limitado,https://regalospremium.cl/cuadernos-libretas-memo-set-publicitarios/,https://regalospremium.cl/cuadernos-libretas-memo-set-publicitarios/,CURRENT_FORMAT,NO,PRODUCTO,Oficina y Escritura,Libretas y Cuadernos,,keyword→objeto,HIGH,0,0,0.0,1
"""Cuaderno portátil con lápiz""",Concordancia de frase,Agendas Libretas Memo Set,Habilitado,No apto,,,EMPTY,NO,PRODUCTO,Oficina y Escritura,Libretas y Cuadernos,,keyword→objeto,HIGH,0,0,0.0,1
"""cuaderno promocional""",Concordancia de frase,Agendas Libretas Memo Set,Habilitado,Limitado,https://regalospremium.cl/cuadernos-libretas-memo-set-publicitarios/,https://regalospremium.cl/cuadernos-libretas-memo-set-publicitarios/,CURRENT_FORMAT,NO,PRODUCTO,Oficina y Escritura,Libretas y Cuadernos,,keyword→objeto,HIGH,0,0,0.0,1
"""cuaderno publicitario""",Concordancia de frase,Agendas Libretas Memo Set,Habilitado,Limitado,https://regalospremium.cl/cuadernos-libretas-memo-set-publicitarios/,https://regalospremium.cl/cuadernos-libretas-memo-set-publicitarios/,CURRENT_FORMAT,NO,PRODUCTO,Oficina y Escritura,Libretas y Cuadernos,,keyword→objeto,HIGH,0,0,0.0,1
"""Cuaderno rígido""",Concordancia de frase,Agendas Libretas Memo Set,Habilitado,Apto,,,EMPTY,NO,PRODUCTO,Oficina y Escritura,Libretas y Cuadernos,,keyword→objeto,HIGH,0,0,0.0,1
"""Cuaderno sostenible""",Concordancia de frase,Agendas Libretas Memo Set,Habilitado,Apto,,,EMPTY,NO,PRODUCTO,Oficina y Escritura,Libretas y Cuadernos,,keyword→objeto,HIGH,0,0,0.0,1
"""cuaderno tapa dura""",Concordancia de frase,Agendas Libretas Memo Set,Habilitado,Limitado,https://regalospremium.cl/cuadernos-libretas-memo-set-publicitarios/,https://regalospremium.cl/cuadernos-libretas-memo-set-publicitarios/,CURRENT_FORMAT,NO,PRODUCTO,Oficina y Escritura,Libretas y Cuadernos,,keyword→objeto,HIGH,0,0,0.0,1
"""cuadernos a4 personalizados tapa dura""",Concordancia de frase,Agendas Libretas Memo Set,Habilitado,Limitado,,,EMPTY,NO,PRODUCTO,Oficina y Escritura,Libretas y Cuadernos,,keyword→objeto,HIGH,0,0,0.0,1
"""cuadernos a5 baratos""",Concordancia de frase,Agendas Libretas Memo Set,Habilitado,Limitado,,,EMPTY,NO,PRODUCTO,Oficina y Escritura,Libretas y Cuadernos,,keyword→objeto,HIGH,0,0,0.0,1
"""cuadernos baratos al por mayor""",Concordancia de frase,Agendas Libretas Memo Set,Habilitado,Limitado,,,EMPTY,NO,PRODUCTO,Oficina y Escritura,Libretas y Cuadernos,,keyword→objeto,HIGH,0,0,0.0,1
"""cuadernos bonitos y baratos""",Concordancia de frase,Agendas Libretas Memo Set,Habilitado,Limitado,,,EMPTY,NO,PRODUCTO,Oficina y Escritura,Libretas y Cuadernos,,keyword→objeto,HIGH,0,0,0.0,1
"""cuadernos con logo""",Concordancia de frase,Agendas Libretas Memo Set,Habilitado,Limitado,https://regalospremium.cl/cuadernos-libretas-memo-set-publicitarios/,https://regalospremium.cl/cuadernos-libretas-memo-set-publicitarios/,CURRENT_FORMAT,NO,PRODUCTO,Oficina y Escritura,Libretas y Cuadernos,,keyword→objeto,HIGH,0,0,0.0,1
"""Cuadernos corporativos""",Concordancia de frase,Agendas Libretas Memo Set,Habilitado,Limitado,,,EMPTY,NO,PRODUCTO,Oficina y Escritura,Libretas y Cuadernos,,keyword→objeto,HIGH,0,0,0.0,1
"""cuadernos corporativos personalizados""",Concordancia de frase,Agendas Libretas Memo Set,Habilitado,Limitado,https://regalospremium.cl/cuadernos-libretas-memo-set-publicitarios/,https://regalospremium.cl/cuadernos-libretas-memo-set-publicitarios/,CURRENT_FORMAT,NO,PRODUCTO,Oficina y Escritura,Libretas y Cuadernos,,keyword→objeto,HIGH,0,0,0.0,1
"""cuadernos corporativos tapa dura""",Concordancia de frase,Agendas Libretas Memo Set,Habilitado,Limitado,,,EMPTY,NO,PRODUCTO,Oficina y Escritura,Libretas y Cuadernos,,keyword→objeto,HIGH,0,0,0.0,1
"""cuadernos de notas""",Concordancia de frase,Agendas Libretas Memo Set,Habilitado,Limitado,,,EMPTY,NO,PRODUCTO,Oficina y Escritura,Libretas y Cuadernos,,keyword→objeto,HIGH,0,0,0.0,1
"""cuadernos de notas personalizados""",Concordancia de frase,Agendas Libretas Memo Set,Habilitado,Apto,,,EMPTY,NO,PRODUCTO,Oficina y Escritura,Libretas y Cuadernos,,keyword→objeto,HIGH,0,0,0.0,1
"""cuadernos de oficina""",Concordancia de frase,Agendas Libretas Memo Set,Habilitado,Limitado,,,EMPTY,NO,PRODUCTO,Oficina y Escritura,Libretas y Cuadernos,,keyword→objeto,HIGH,0,0,0.0,1
"""cuadernos de tapa dura""",Concordancia de frase,Agendas Libretas Memo Set,Habilitado,Limitado,https://regalospremium.cl/cuadernos-libretas-memo-set-publicitarios/,https://regalospremium.cl/cuadernos-libretas-memo-set-publicitarios/,CURRENT_FORMAT,NO,PRODUCTO,Oficina y Escritura,Libretas y Cuadernos,,keyword→objeto,HIGH,0,0,0.0,1
"""cuadernos ecologicos""",Concordancia de frase,Agendas Libretas Memo Set,Habilitado,Limitado,https://regalospremium.cl/cuadernos-libretas-memo-set-publicitarios/,https://regalospremium.cl/cuadernos-libretas-memo-set-publicitarios/,CURRENT_FORMAT,NO,PRODUCTO,Oficina y Escritura,Libretas y Cuadernos,,keyword→objeto,HIGH,0,0,0.0,1
"""cuadernos ecológicos""",Concordancia de frase,Agendas Libretas Memo Set,Habilitado,Apto,,,EMPTY,NO,PRODUCTO,Oficina y Escritura,Libretas y Cuadernos,,keyword→objeto,HIGH,0,0,0.0,1
"""cuadernos ecológicos chile""",Concordancia de frase,Agendas Libretas Memo Set,Habilitado,No apto,https://regalospremium.cl/cuadernos-libretas-memo-set-publicitarios/,https://regalospremium.cl/cuadernos-libretas-memo-set-publicitarios/,CURRENT_FORMAT,NO,PRODUCTO,Oficina y Escritura,Libretas y Cuadernos,,keyword→objeto,HIGH,0,0,0.0,1
"""cuadernos ecologicos logotipo""",Concordancia de frase,Agendas Libretas Memo Set,Habilitado,No apto,https://regalospremium.cl/cuadernos-libretas-memo-set-publicitarios/,https://regalospremium.cl/cuadernos-libretas-memo-set-publicitarios/,CURRENT_FORMAT,NO,PRODUCTO,Oficina y Escritura,Libretas y Cuadernos,,keyword→objeto,HIGH,0,0,0.0,1
"""cuadernos ecologicos personalizados""",Concordancia de frase,Agendas Libretas Memo Set,Habilitado,Limitado,https://regalospremium.cl/cuadernos-libretas-memo-set-publicitarios/,https://regalospremium.cl/cuadernos-libretas-memo-set-publicitarios/,CURRENT_FORMAT,NO,PRODUCTO,Oficina y Escritura,Libretas y Cuadernos,,keyword→objeto,HIGH,0,0,0.0,1
"""cuadernos ecológicos por mayor""",Concordancia de frase,Agendas Libretas Memo Set,Habilitado,No apto,https://regalospremium.cl/cuadernos-libretas-memo-set-publicitarios/,https://regalospremium.cl/cuadernos-libretas-memo-set-publicitarios/,CURRENT_FORMAT,NO,PRODUCTO,Oficina y Escritura,Libretas y Cuadernos,,keyword→objeto,HIGH,0,0,0.0,1
"""cuadernos ecológicos tapa dura""",Concordancia de frase,Agendas Libretas Memo Set,Habilitado,No apto,https://regalospremium.cl/cuadernos-libretas-memo-set-publicitarios/,https://regalospremium.cl/cuadernos-libretas-memo-set-publicitarios/,CURRENT_FORMAT,NO,PRODUCTO,Oficina y Escritura,Libretas y Cuadernos,,keyword→objeto,HIGH,0,0,0.0,1
"""cuadernos ejecutivos""",Concordancia de frase,Agendas Libretas Memo Set,Habilitado,Limitado,,,EMPTY,NO,PRODUCTO,Oficina y Escritura,Libretas y Cuadernos,,keyword→objeto,HIGH,0,0,0.0,1
"""cuadernos empresariales""",Concordancia de frase,Agendas Libretas Memo Set,Habilitado,Limitado,https://regalospremium.cl/cuadernos-libretas-memo-set-publicitarios/,https://regalospremium.cl/cuadernos-libretas-memo-set-publicitarios/,CURRENT_FORMAT,NO,PRODUCTO,Oficina y Escritura,Libretas y Cuadernos,,keyword→objeto,HIGH,0,0,0.0,1
"""cuadernos infantiles para colorear""",Concordancia de frase,Agendas Libretas Memo Set,Habilitado,Limitado,,,EMPTY,NO,PRODUCTO,Oficina y Escritura,Libretas y Cuadernos,,keyword→objeto,HIGH,0,0,0.0,1
"""cuadernos kraft baratos""",Concordancia de frase,Agendas Libretas Memo Set,Habilitado,No apto,,,EMPTY,NO,PRODUCTO,Oficina y Escritura,Libretas y Cuadernos,,keyword→objeto,HIGH,0,0,0.0,1
"""cuadernos libretas""",Concordancia de frase,Agendas Libretas Memo Set,Habilitado,Limitado,https://regalospremium.cl/cuadernos-libretas-memo-set-publicitarios/,https://regalospremium.cl/cuadernos-libretas-memo-set-publicitarios/,CURRENT_FORMAT,NO,PRODUCTO,Oficina y Escritura,Libretas y Cuadernos,,keyword→objeto,HIGH,0,0,0.0,1
"""cuadernos mas baratos""",Concordancia de frase,Agendas Libretas Memo Set,Habilitado,Limitado,,,EMPTY,NO,PRODUCTO,Oficina y Escritura,Libretas y Cuadernos,,keyword→objeto,HIGH,0,0,0.0,1
"""cuadernos moleskine baratos""",Concordancia de frase,Agendas Libretas Memo Set,Habilitado,Apto,,,EMPTY,NO,PRODUCTO,Oficina y Escritura,Libretas y Cuadernos,,keyword→objeto,HIGH,0,0,0.0,1
"""cuadernos papel reciclado chile""",Concordancia de frase,Agendas Libretas Memo Set,Habilitado,No apto,https://regalospremium.cl/cuadernos-libretas-memo-set-publicitarios/,https://regalospremium.cl/cuadernos-libretas-memo-set-publicitarios/,CURRENT_FORMAT,NO,PRODUCTO,Oficina y Escritura,Libretas y Cuadernos,,keyword→objeto,HIGH,0,0,0.0,1
"""cuadernos pequeños baratos""",Concordancia de frase,Agendas Libretas Memo Set,Habilitado,Limitado,,,EMPTY,NO,PRODUCTO,Oficina y Escritura,Libretas y Cuadernos,,keyword→objeto,HIGH,0,0,0.0,1
"""Cuadernos personalizados""",Concordancia de frase,Agendas Libretas Memo Set,Habilitado,Apto,,,EMPTY,NO,PRODUCTO,Oficina y Escritura,Libretas y Cuadernos,,keyword→objeto,HIGH,0,0,0.0,1
"""cuadernos personalizados al por mayor""",Concordancia de frase,Agendas Libretas Memo Set,Habilitado,Limitado,,,EMPTY,NO,PRODUCTO,Oficina y Escritura,Libretas y Cuadernos,,keyword→objeto,HIGH,0,0,0.0,1
"""cuadernos personalizados baratos""",Concordancia de frase,Agendas Libretas Memo Set,Habilitado,Limitado,https://regalospremium.cl/cuadernos-libretas-memo-set-publicitarios/,https://regalospremium.cl/cuadernos-libretas-memo-set-publicitarios/,CURRENT_FORMAT,NO,PRODUCTO,Oficina y Escritura,Libretas y Cuadernos,,keyword→objeto,HIGH,0,0,0.0,1
"""cuadernos personalizados empresariales""",Concordancia de frase,Agendas Libretas Memo Set,Habilitado,Limitado,,,EMPTY,NO,PRODUCTO,Oficina y Escritura,Libretas y Cuadernos,,keyword→objeto,HIGH,0,0,0.0,1
"""cuadernos personalizados para empresas""",Concordancia de frase,Agendas Libretas Memo Set,Habilitado,Limitado,https://regalospremium.cl/cuadernos-libretas-memo-set-publicitarios/,https://regalospremium.cl/cuadernos-libretas-memo-set-publicitarios/,CURRENT_FORMAT,NO,PRODUCTO,Oficina y Escritura,Libretas y Cuadernos,,keyword→objeto,HIGH,0,0,0.0,1
"""cuadernos personalizados tapa dura""",Concordancia de frase,Agendas Libretas Memo Set,Habilitado,Limitado,https://regalospremium.cl/cuadernos-libretas-memo-set-publicitarios/,https://regalospremium.cl/cuadernos-libretas-memo-set-publicitarios/,CURRENT_FORMAT,NO,PRODUCTO,Oficina y Escritura,Libretas y Cuadernos,,keyword→objeto,HIGH,0,0,0.0,1
"""cuadernos por mayoreo""",Concordancia de frase,Agendas Libretas Memo Set,Habilitado,Limitado,,,EMPTY,NO,PRODUCTO,Oficina y Escritura,Libretas y Cuadernos,,keyword→objeto,HIGH,0,0,0.0,1
"""cuadernos por mayoreo baratos""",Concordancia de frase,Agendas Libretas Memo Set,Habilitado,Limitado,,,EMPTY,NO,PRODUCTO,Oficina y Escritura,Libretas y Cuadernos,,keyword→objeto,HIGH,0,0,0.0,1
"""cuadernos reciclados""",Concordancia de frase,Agendas Libretas Memo Set,Habilitado,Limitado,https://regalospremium.cl/cuadernos-libretas-memo-set-publicitarios/,https://regalospremium.cl/cuadernos-libretas-memo-set-publicitarios/,CURRENT_FORMAT,NO,PRODUCTO,Oficina y Escritura,Libretas y Cuadernos,,keyword→objeto,HIGH,0,0,0.0,1
"""Cuadernos Tapa Dura con Logo""",Concordancia de frase,Agendas Libretas Memo Set,Habilitado,No apto,,,EMPTY,NO,PRODUCTO,Oficina y Escritura,Libretas y Cuadernos,,keyword→objeto,HIGH,0,0,0.0,1
"""cuadernos tapa dura por mayor""",Concordancia de frase,Agendas Libretas Memo Set,Habilitado,Apto,,,EMPTY,NO,PRODUCTO,Oficina y Escritura,Libretas y Cuadernos,,keyword→objeto,HIGH,0,0,0.0,1
"""Cuerdas para tarjetas de identificación""",Concordancia de frase,Agendas Libretas Memo Set,Habilitado,No apto,,,EMPTY,NO,PRODUCTO,Oficina y Escritura,Libretas y Cuadernos,,fallback grupo histórico,MEDIUM,0,0,0.0,1
"""ibretas económicas""",Concordancia de frase,Agendas Libretas Memo Set,Habilitado,No apto,,,EMPTY,NO,PRODUCTO,Oficina y Escritura,Libretas y Cuadernos,,fallback grupo histórico,MEDIUM,0,0,0.0,1
"""Kit de notas adhesivas""",Concordancia de frase,Agendas Libretas Memo Set,Habilitado,Limitado,,,EMPTY,NO,PRODUCTO,Oficina y Escritura,Libretas y Cuadernos,,fallback grupo histórico,MEDIUM,0,0,0.0,1
"""Kit de notas ecológico""",Concordancia de frase,Agendas Libretas Memo Set,Habilitado,No apto,,,EMPTY,NO,PRODUCTO,Oficina y Escritura,Libretas y Cuadernos,,fallback grupo histórico,MEDIUM,0,0,0.0,1
"""Lanyards personalizados""",Concordancia de frase,Agendas Libretas Memo Set,Habilitado,Limitado,,,EMPTY,NO,PRODUCTO,Promocionales,Lanyards,,keyword→objeto,HIGH,0,0,0.0,1
"""Lanyards y Portacredenciales""",Concordancia de frase,Agendas Libretas Memo Set,Habilitado,No apto,,,EMPTY,NO,PRODUCTO,Promocionales,Lanyards,,keyword→objeto,HIGH,0,0,0.0,1
"""libreta a5""",Concordancia de frase,Agendas Libretas Memo Set,Habilitado,Limitado,https://regalospremium.cl/cuadernos-libretas-memo-set-publicitarios/,https://regalospremium.cl/cuadernos-libretas-memo-set-publicitarios/,CURRENT_FORMAT,NO,PRODUCTO,Oficina y Escritura,Libretas y Cuadernos,,keyword→objeto,HIGH,0,0,0.0,1
"""libreta barata""",Concordancia de frase,Agendas Libretas Memo Set,Habilitado,Limitado,,,EMPTY,NO,PRODUCTO,Oficina y Escritura,Libretas y Cuadernos,,keyword→objeto,HIGH,0,0,0.0,1
"""Libreta biodegradable""",Concordancia de frase,Agendas Libretas Memo Set,Habilitado,Limitado,,,EMPTY,NO,PRODUCTO,Oficina y Escritura,Libretas y Cuadernos,,keyword→objeto,HIGH,0,0,0.0,1
"""libreta bolsillo""",Concordancia de frase,Agendas Libretas Memo Set,Habilitado,Limitado,,,EMPTY,NO,PRODUCTO,Oficina y Escritura,Libretas y Cuadernos,,keyword→objeto,HIGH,0,0,0.0,1
"""libreta colorear""",Concordancia de frase,Agendas Libretas Memo Set,Habilitado,Limitado,,,EMPTY,NO,PRODUCTO,Oficina y Escritura,Libretas y Cuadernos,,keyword→objeto,HIGH,0,0,0.0,1
"""libreta colorskine""",Concordancia de frase,Agendas Libretas Memo Set,Habilitado,Limitado,,,EMPTY,NO,PRODUCTO,Oficina y Escritura,Libretas y Cuadernos,,keyword→objeto,HIGH,0,0,0.0,1
"""Libreta compacta""",Concordancia de frase,Agendas Libretas Memo Set,Habilitado,Limitado,,,EMPTY,NO,PRODUCTO,Oficina y Escritura,Libretas y Cuadernos,,keyword→objeto,HIGH,0,0,0.0,1
"""Libreta compacta con bolígrafo""",Concordancia de frase,Agendas Libretas Memo Set,Habilitado,No apto,,,EMPTY,NO,PRODUCTO,Oficina y Escritura,Libretas y Cuadernos,,keyword→objeto,HIGH,0,0,0.0,1
"""libreta de apuntes""",Concordancia de frase,Agendas Libretas Memo Set,Habilitado,Limitado,https://regalospremium.cl/cuadernos-libretas-memo-set-publicitarios/,https://regalospremium.cl/cuadernos-libretas-memo-set-publicitarios/,CURRENT_FORMAT,NO,PRODUCTO,Oficina y Escritura,Libretas y Cuadernos,,keyword→objeto,HIGH,0,0,0.0,1
"""Libreta de Bolsillo con Lápiz""",Concordancia de frase,Agendas Libretas Memo Set,Habilitado,No apto,,,EMPTY,NO,PRODUCTO,Oficina y Escritura,Libretas y Cuadernos,,keyword→objeto,HIGH,0,0,0.0,1
"""libreta de colorear""",Concordancia de frase,Agendas Libretas Memo Set,Habilitado,Limitado,,,EMPTY,NO,PRODUCTO,Oficina y Escritura,Libretas y Cuadernos,,keyword→objeto,HIGH,0,0,0.0,1
"""libreta de dibujos para colorear""",Concordancia de frase,Agendas Libretas Memo Set,Habilitado,Limitado,,,EMPTY,NO,PRODUCTO,Oficina y Escritura,Libretas y Cuadernos,,keyword→objeto,HIGH,0,0,0.0,1
"""Libreta de marca premium""",Concordancia de frase,Agendas Libretas Memo Set,Habilitado,No apto,,,EMPTY,NO,PRODUCTO,Oficina y Escritura,Libretas y Cuadernos,,keyword→objeto,HIGH,0,0,0.0,1
"""libreta de nota""",Concordancia de frase,Agendas Libretas Memo Set,Habilitado,Limitado,,,EMPTY,NO,PRODUCTO,Oficina y Escritura,Libretas y Cuadernos,,keyword→objeto,HIGH,0,0,0.0,1
"""libreta dibujo para colorear""",Concordancia de frase,Agendas Libretas Memo Set,Habilitado,Limitado,,,EMPTY,NO,PRODUCTO,Oficina y Escritura,Libretas y Cuadernos,,keyword→objeto,HIGH,0,0,0.0,1
"""libreta ecologica""",Concordancia de frase,Agendas Libretas Memo Set,Habilitado,Limitado,https://regalospremium.cl/cuadernos-libretas-memo-set-publicitarios/,https://regalospremium.cl/cuadernos-libretas-memo-set-publicitarios/,CURRENT_FORMAT,NO,PRODUCTO,Oficina y Escritura,Libretas y Cuadernos,,keyword→objeto,HIGH,0,0,0.0,1
"""libreta ecológica""",Concordancia de frase,Agendas Libretas Memo Set,Habilitado,Limitado,,,EMPTY,NO,PRODUCTO,Oficina y Escritura,Libretas y Cuadernos,,keyword→objeto,HIGH,0,0,0.0,1
"""libreta ecologica con boligrafo""",Concordancia de frase,Agendas Libretas Memo Set,Habilitado,Apto,https://regalospremium.cl/cuadernos-libretas-memo-set-publicitarios/,https://regalospremium.cl/cuadernos-libretas-memo-set-publicitarios/,CURRENT_FORMAT,NO,PRODUCTO,Oficina y Escritura,Libretas y Cuadernos,,keyword→objeto,HIGH,0,0,0.0,1
"""libreta ecologica con lapicero""",Concordancia de frase,Agendas Libretas Memo Set,Habilitado,Apto,https://regalospremium.cl/cuadernos-libretas-memo-set-publicitarios/,https://regalospremium.cl/cuadernos-libretas-memo-set-publicitarios/,CURRENT_FORMAT,NO,PRODUCTO,Oficina y Escritura,Libretas y Cuadernos,,keyword→objeto,HIGH,0,0,0.0,1
"""libreta ecológica con post it""",Concordancia de frase,Agendas Libretas Memo Set,Habilitado,Limitado,https://regalospremium.cl/cuadernos-libretas-memo-set-publicitarios/,https://regalospremium.cl/cuadernos-libretas-memo-set-publicitarios/,CURRENT_FORMAT,NO,PRODUCTO,Oficina y Escritura,Libretas y Cuadernos,,keyword→objeto,HIGH,0,0,0.0,1
"""libreta ecologica personalizada""",Concordancia de frase,Agendas Libretas Memo Set,Habilitado,Limitado,https://regalospremium.cl/cuadernos-libretas-memo-set-publicitarios/,https://regalospremium.cl/cuadernos-libretas-memo-set-publicitarios/,CURRENT_FORMAT,NO,PRODUCTO,Oficina y Escritura,Libretas y Cuadernos,,keyword→objeto,HIGH,0,0,0.0,1
"""libreta ecologica por mayor""",Concordancia de frase,Agendas Libretas Memo Set,Habilitado,Limitado,https://regalospremium.cl/cuadernos-libretas-memo-set-publicitarios/,https://regalospremium.cl/cuadernos-libretas-memo-set-publicitarios/,CURRENT_FORMAT,NO,PRODUCTO,Oficina y Escritura,Libretas y Cuadernos,,keyword→objeto,HIGH,0,0,0.0,1
"""Libreta encuadernada""",Concordancia de frase,Agendas Libretas Memo Set,Habilitado,Limitado,,,EMPTY,NO,PRODUCTO,Oficina y Escritura,Libretas y Cuadernos,,keyword→objeto,HIGH,0,0,0.0,1
"""libreta hojas blancas""",Concordancia de frase,Agendas Libretas Memo Set,Habilitado,Limitado,https://regalospremium.cl/cuadernos-libretas-memo-set-publicitarios/,https://regalospremium.cl/cuadernos-libretas-memo-set-publicitarios/,CURRENT_FORMAT,NO,PRODUCTO,Oficina y Escritura,Libretas y Cuadernos,,keyword→objeto,HIGH,0,0,0.0,1
"""libreta kraft barata""",Concordancia de frase,Agendas Libretas Memo Set,Habilitado,Apto,,,EMPTY,NO,PRODUCTO,Oficina y Escritura,Libretas y Cuadernos,,keyword→objeto,HIGH,0,0,0.0,1
"""libreta moleskine""",Concordancia de frase,Agendas Libretas Memo Set,Habilitado,Limitado,https://regalospremium.cl/cuadernos-libretas-memo-set-publicitarios/,https://regalospremium.cl/cuadernos-libretas-memo-set-publicitarios/,CURRENT_FORMAT,NO,PRODUCTO,Oficina y Escritura,Libretas y Cuadernos,,keyword→objeto,HIGH,0,0,0.0,1
"""libreta notas""",Concordancia de frase,Agendas Libretas Memo Set,Habilitado,Limitado,https://regalospremium.cl/cuadernos-libretas-memo-set-publicitarios/,https://regalospremium.cl/cuadernos-libretas-memo-set-publicitarios/,CURRENT_FORMAT,NO,PRODUCTO,Oficina y Escritura,Libretas y Cuadernos,,keyword→objeto,HIGH,0,0,0.0,1
"""libreta papel ecológico""",Concordancia de frase,Agendas Libretas Memo Set,Habilitado,No apto,https://regalospremium.cl/cuadernos-libretas-memo-set-publicitarios/,https://regalospremium.cl/cuadernos-libretas-memo-set-publicitarios/,CURRENT_FORMAT,NO,PRODUCTO,Oficina y Escritura,Libretas y Cuadernos,,keyword→objeto,HIGH,0,0,0.0,1
"""libreta para colorear""",Concordancia de frase,Agendas Libretas Memo Set,Habilitado,Limitado,,,EMPTY,NO,PRODUCTO,Oficina y Escritura,Libretas y Cuadernos,,keyword→objeto,HIGH,0,0,0.0,1
"""libreta pequeña barata""",Concordancia de frase,Agendas Libretas Memo Set,Habilitado,Limitado,,,EMPTY,NO,PRODUCTO,Oficina y Escritura,Libretas y Cuadernos,,keyword→objeto,HIGH,0,0,0.0,1
"""Libreta Pequeña de Bolsillo""",Concordancia de frase,Agendas Libretas Memo Set,Habilitado,Limitado,,,EMPTY,NO,PRODUCTO,Oficina y Escritura,Libretas y Cuadernos,,keyword→objeto,HIGH,0,0,0.0,1
"""libreta personalizada""",Concordancia de frase,Agendas Libretas Memo Set,Habilitado,Limitado,https://regalospremium.cl/cuadernos-libretas-memo-set-publicitarios/,https://regalospremium.cl/cuadernos-libretas-memo-set-publicitarios/,CURRENT_FORMAT,NO,PRODUCTO,Oficina y Escritura,Libretas y Cuadernos,,keyword→objeto,HIGH,0,0,0.0,1
"""libreta personalizada barata""",Concordancia de frase,Agendas Libretas Memo Set,Habilitado,Limitado,,,EMPTY,NO,PRODUCTO,Oficina y Escritura,Libretas y Cuadernos,,keyword→objeto,HIGH,0,0,0.0,1
"""libreta personalizada con nombre""",Concordancia de frase,Agendas Libretas Memo Set,Habilitado,Limitado,,,EMPTY,NO,PRODUCTO,Oficina y Escritura,Libretas y Cuadernos,,keyword→objeto,HIGH,0,0,0.0,1
"""libreta post it""",Concordancia de frase,Agendas Libretas Memo Set,Habilitado,Limitado,https://regalospremium.cl/cuadernos-libretas-memo-set-publicitarios/,https://regalospremium.cl/cuadernos-libretas-memo-set-publicitarios/,CURRENT_FORMAT,NO,PRODUCTO,Oficina y Escritura,Libretas y Cuadernos,,keyword→objeto,HIGH,0,0,0.0,1
"""libreta tamaño bolsillo""",Concordancia de frase,Agendas Libretas Memo Set,Habilitado,Limitado,,,EMPTY,NO,PRODUCTO,Oficina y Escritura,Libretas y Cuadernos,,keyword→objeto,HIGH,0,0,0.0,1
"""Libreta Tapa Dura""",Concordancia de frase,Agendas Libretas Memo Set,Habilitado,Limitado,,,EMPTY,NO,PRODUCTO,Oficina y Escritura,Libretas y Cuadernos,,keyword→objeto,HIGH,0,0,0.0,1
"""libretas""",Concordancia de frase,Agendas Libretas Memo Set,Habilitado,Limitado,https://regalospremium.cl/cuadernos-libretas-memo-set-publicitarios/,https://regalospremium.cl/cuadernos-libretas-memo-set-publicitarios/,CURRENT_FORMAT,NO,PRODUCTO,Oficina y Escritura,Libretas y Cuadernos,,keyword→objeto,HIGH,0,0,0.0,1
"""libretas a5 baratas""",Concordancia de frase,Agendas Libretas Memo Set,Habilitado,Limitado,,,EMPTY,NO,PRODUCTO,Oficina y Escritura,Libretas y Cuadernos,,keyword→objeto,HIGH,0,0,0.0,1
"""libretas a5 personalizadas""",Concordancia de frase,Agendas Libretas Memo Set,Habilitado,Apto,,,EMPTY,NO,PRODUCTO,Oficina y Escritura,Libretas y Cuadernos,,keyword→objeto,HIGH,0,0,0.0,1
"""libretas a6 baratas""",Concordancia de frase,Agendas Libretas Memo Set,Habilitado,Apto,,,EMPTY,NO,PRODUCTO,Oficina y Escritura,Libretas y Cuadernos,,keyword→objeto,HIGH,0,0,0.0,1
"""libretas al por mayor""",Concordancia de frase,Agendas Libretas Memo Set,Habilitado,Limitado,,,EMPTY,NO,PRODUCTO,Oficina y Escritura,Libretas y Cuadernos,,keyword→objeto,HIGH,0,0,0.0,1
"""libretas anilladas""",Concordancia de frase,Agendas Libretas Memo Set,Habilitado,Limitado,https://regalospremium.cl/cuadernos-libretas-memo-set-publicitarios/,https://regalospremium.cl/cuadernos-libretas-memo-set-publicitarios/,CURRENT_FORMAT,NO,PRODUCTO,Oficina y Escritura,Libretas y Cuadernos,,keyword→objeto,HIGH,0,0,0.0,1
"""libretas baratas""",Concordancia de frase,Agendas Libretas Memo Set,Habilitado,Limitado,https://regalospremium.cl/cuadernos-libretas-memo-set-publicitarios/,https://regalospremium.cl/cuadernos-libretas-memo-set-publicitarios/,CURRENT_FORMAT,NO,PRODUCTO,Oficina y Escritura,Libretas y Cuadernos,,keyword→objeto,HIGH,0,0,0.0,1
"""libretas baratas a4""",Concordancia de frase,Agendas Libretas Memo Set,Habilitado,Limitado,,,EMPTY,NO,PRODUCTO,Oficina y Escritura,Libretas y Cuadernos,,keyword→objeto,HIGH,0,0,0.0,1
"""libretas baratas a5""",Concordancia de frase,Agendas Libretas Memo Set,Habilitado,Limitado,,,EMPTY,NO,PRODUCTO,Oficina y Escritura,Libretas y Cuadernos,,keyword→objeto,HIGH,0,0,0.0,1
"""libretas baratas por mayoreo""",Concordancia de frase,Agendas Libretas Memo Set,Habilitado,Limitado,,,EMPTY,NO,PRODUCTO,Oficina y Escritura,Libretas y Cuadernos,,keyword→objeto,HIGH,0,0,0.0,1
"""libretas baratas y bonitas""",Concordancia de frase,Agendas Libretas Memo Set,Habilitado,Apto,,,EMPTY,NO,PRODUCTO,Oficina y Escritura,Libretas y Cuadernos,,keyword→objeto,HIGH,0,0,0.0,1
"""libretas blancas baratas""",Concordancia de frase,Agendas Libretas Memo Set,Habilitado,Limitado,,,EMPTY,NO,PRODUCTO,Oficina y Escritura,Libretas y Cuadernos,,keyword→objeto,HIGH,0,0,0.0,1
"""libretas bonitas y baratas""",Concordancia de frase,Agendas Libretas Memo Set,Habilitado,Limitado,,,EMPTY,NO,PRODUCTO,Oficina y Escritura,Libretas y Cuadernos,,keyword→objeto,HIGH,0,0,0.0,1
"""Libretas con branding""",Concordancia de frase,Agendas Libretas Memo Set,Habilitado,Apto,,,EMPTY,NO,PRODUCTO,Oficina y Escritura,Libretas y Cuadernos,,keyword→objeto,HIGH,0,0,0.0,1
"""libretas con hojas en blanco""",Concordancia de frase,Agendas Libretas Memo Set,Habilitado,Limitado,https://regalospremium.cl/cuadernos-libretas-memo-set-publicitarios/,https://regalospremium.cl/cuadernos-libretas-memo-set-publicitarios/,CURRENT_FORMAT,NO,PRODUCTO,Oficina y Escritura,Libretas y Cuadernos,,keyword→objeto,HIGH,0,0,0.0,1
"""libretas con logo""",Concordancia de frase,Agendas Libretas Memo Set,Habilitado,Limitado,https://regalospremium.cl/cuadernos-libretas-memo-set-publicitarios/,https://regalospremium.cl/cuadernos-libretas-memo-set-publicitarios/,CURRENT_FORMAT,NO,PRODUCTO,Oficina y Escritura,Libretas y Cuadernos,,keyword→objeto,HIGH,0,0,0.0,1
"""libretas con puntos""",Concordancia de frase,Agendas Libretas Memo Set,Habilitado,Limitado,https://regalospremium.cl/cuadernos-libretas-memo-set-publicitarios/,https://regalospremium.cl/cuadernos-libretas-memo-set-publicitarios/,CURRENT_FORMAT,NO,PRODUCTO,Oficina y Escritura,Libretas y Cuadernos,,keyword→objeto,HIGH,0,0,0.0,1
"""libretas corporativas""",Concordancia de frase,Agendas Libretas Memo Set,Habilitado,Limitado,https://regalospremium.cl/cuadernos-libretas-memo-set-publicitarios/,https://regalospremium.cl/cuadernos-libretas-memo-set-publicitarios/,CURRENT_FORMAT,NO,PRODUCTO,Oficina y Escritura,Libretas y Cuadernos,,keyword→objeto,HIGH,0,0,0.0,1
"""libretas de bolsillo""",Concordancia de frase,Agendas Libretas Memo Set,Habilitado,Limitado,,,EMPTY,NO,PRODUCTO,Oficina y Escritura,Libretas y Cuadernos,,keyword→objeto,HIGH,0,0,0.0,1
"""libretas de bolsillo personalizadas""",Concordancia de frase,Agendas Libretas Memo Set,Habilitado,Limitado,,,EMPTY,NO,PRODUCTO,Oficina y Escritura,Libretas y Cuadernos,,keyword→objeto,HIGH,0,0,0.0,1
"""libretas de dibujo baratas""",Concordancia de frase,Agendas Libretas Memo Set,Habilitado,Limitado,,,EMPTY,NO,PRODUCTO,Oficina y Escritura,Libretas y Cuadernos,,keyword→objeto,HIGH,0,0,0.0,1
"""libretas de hojas blancas""",Concordancia de frase,Agendas Libretas Memo Set,Habilitado,Limitado,https://regalospremium.cl/cuadernos-libretas-memo-set-publicitarios/,https://regalospremium.cl/cuadernos-libretas-memo-set-publicitarios/,CURRENT_FORMAT,NO,PRODUCTO,Oficina y Escritura,Libretas y Cuadernos,,keyword→objeto,HIGH,0,0,0.0,1
"""libretas de tapa dura""",Concordancia de frase,Agendas Libretas Memo Set,Habilitado,Limitado,,,EMPTY,NO,PRODUCTO,Oficina y Escritura,Libretas y Cuadernos,,keyword→objeto,HIGH,0,0,0.0,1
"""libretas eco""",Concordancia de frase,Agendas Libretas Memo Set,Habilitado,Limitado,,,EMPTY,NO,PRODUCTO,Oficina y Escritura,Libretas y Cuadernos,,keyword→objeto,HIGH,0,0,0.0,1
"""libretas ecologicas""",Concordancia de frase,Agendas Libretas Memo Set,Habilitado,Limitado,https://regalospremium.cl/cuadernos-libretas-memo-set-publicitarios/,https://regalospremium.cl/cuadernos-libretas-memo-set-publicitarios/,CURRENT_FORMAT,NO,PRODUCTO,Oficina y Escritura,Libretas y Cuadernos,,keyword→objeto,HIGH,0,0,0.0,1
"""libretas ecológicas""",Concordancia de frase,Agendas Libretas Memo Set,Habilitado,Limitado,,,EMPTY,NO,PRODUCTO,Oficina y Escritura,Libretas y Cuadernos,,keyword→objeto,HIGH,0,0,0.0,1
"""libretas ecológicas chile""",Concordancia de frase,Agendas Libretas Memo Set,Habilitado,No apto,https://regalospremium.cl/cuadernos-libretas-memo-set-publicitarios/,https://regalospremium.cl/cuadernos-libretas-memo-set-publicitarios/,CURRENT_FORMAT,NO,PRODUCTO,Oficina y Escritura,Libretas y Cuadernos,,keyword→objeto,HIGH,0,0,0.0,1
"""libretas ecológicas con logo""",Concordancia de frase,Agendas Libretas Memo Set,Habilitado,No apto,https://regalospremium.cl/cuadernos-libretas-memo-set-publicitarios/,https://regalospremium.cl/cuadernos-libretas-memo-set-publicitarios/,CURRENT_FORMAT,NO,PRODUCTO,Oficina y Escritura,Libretas y Cuadernos,,keyword→objeto,HIGH,0,0,0.0,1
"""libretas ecológicas patronato""",Concordancia de frase,Agendas Libretas Memo Set,Habilitado,No apto,https://regalospremium.cl/cuadernos-libretas-memo-set-publicitarios/,https://regalospremium.cl/cuadernos-libretas-memo-set-publicitarios/,CURRENT_FORMAT,NO,PRODUCTO,Oficina y Escritura,Libretas y Cuadernos,,keyword→objeto,HIGH,0,0,0.0,1
"""libretas ecologicas personalizadas""",Concordancia de frase,Agendas Libretas Memo Set,Habilitado,Limitado,https://regalospremium.cl/cuadernos-libretas-memo-set-publicitarios/,https://regalospremium.cl/cuadernos-libretas-memo-set-publicitarios/,CURRENT_FORMAT,NO,PRODUCTO,Oficina y Escritura,Libretas y Cuadernos,,keyword→objeto,HIGH,0,0,0.0,1
"""libretas ecológicas personalizadas""",Concordancia de frase,Agendas Libretas Memo Set,Habilitado,Limitado,https://regalospremium.cl/cuadernos-libretas-memo-set-publicitarios/,https://regalospremium.cl/cuadernos-libretas-memo-set-publicitarios/,CURRENT_FORMAT,NO,PRODUCTO,Oficina y Escritura,Libretas y Cuadernos,,keyword→objeto,HIGH,0,0,0.0,1
"""libretas ecologicas por mayor""",Concordancia de frase,Agendas Libretas Memo Set,Habilitado,Limitado,https://regalospremium.cl/cuadernos-libretas-memo-set-publicitarios/,https://regalospremium.cl/cuadernos-libretas-memo-set-publicitarios/,CURRENT_FORMAT,NO,PRODUCTO,Oficina y Escritura,Libretas y Cuadernos,,keyword→objeto,HIGH,0,0,0.0,1
"""libretas ecológicas precio""",Concordancia de frase,Agendas Libretas Memo Set,Habilitado,Apto,https://regalospremium.cl/cuadernos-libretas-memo-set-publicitarios/,https://regalospremium.cl/cuadernos-libretas-memo-set-publicitarios/,CURRENT_FORMAT,NO,PRODUCTO,Oficina y Escritura,Libretas y Cuadernos,,keyword→objeto,HIGH,0,0,0.0,1
"""libretas ecológicas promocionales""",Concordancia de frase,Agendas Libretas Memo Set,Habilitado,No apto,https://regalospremium.cl/cuadernos-libretas-memo-set/,https://regalospremium.cl/cuadernos-libretas-memo-set/,CURRENT_FORMAT,NO,PRODUCTO,Oficina y Escritura,Libretas y Cuadernos,,keyword→objeto,HIGH,0,0,0.0,1
"""libretas economicas""",Concordancia de frase,Agendas Libretas Memo Set,Habilitado,Limitado,https://regalospremium.cl/cuadernos-libretas-memo-set-publicitarios/,https://regalospremium.cl/cuadernos-libretas-memo-set-publicitarios/,CURRENT_FORMAT,NO,PRODUCTO,Oficina y Escritura,Libretas y Cuadernos,,keyword→objeto,HIGH,0,0,0.0,1
"""libretas economicas precio""",Concordancia de frase,Agendas Libretas Memo Set,Habilitado,Apto,,,EMPTY,NO,PRODUCTO,Oficina y Escritura,Libretas y Cuadernos,,keyword→objeto,HIGH,0,0,0.0,1
"""libretas escolares baratas""",Concordancia de frase,Agendas Libretas Memo Set,Habilitado,Apto,,,EMPTY,NO,PRODUCTO,Oficina y Escritura,Libretas y Cuadernos,,keyword→objeto,HIGH,0,0,0.0,1
"""libretas forradas""",Concordancia de frase,Agendas Libretas Memo Set,Habilitado,Apto,https://regalospremium.cl/cuadernos-libretas-memo-set-publicitarios/,https://regalospremium.cl/cuadernos-libretas-memo-set-publicitarios/,CURRENT_FORMAT,NO,PRODUCTO,Oficina y Escritura,Libretas y Cuadernos,,keyword→objeto,HIGH,0,0,0.0,1
"""libretas forradas de tela""",Concordancia de frase,Agendas Libretas Memo Set,Habilitado,Limitado,https://regalospremium.cl/cuadernos-libretas-memo-set-publicitarios/,https://regalospremium.cl/cuadernos-libretas-memo-set-publicitarios/,CURRENT_FORMAT,NO,PRODUCTO,Oficina y Escritura,Libretas y Cuadernos,,keyword→objeto,HIGH,0,0,0.0,1
"""libretas institucionales""",Concordancia de frase,Agendas Libretas Memo Set,Habilitado,Limitado,,,EMPTY,NO,PRODUCTO,Oficina y Escritura,Libretas y Cuadernos,,keyword→objeto,HIGH,0,0,0.0,1
"""libretas kraft baratas""",Concordancia de frase,Agendas Libretas Memo Set,Habilitado,Apto,,,EMPTY,NO,PRODUCTO,Oficina y Escritura,Libretas y Cuadernos,,keyword→objeto,HIGH,0,0,0.0,1
"""libretas mas baratas""",Concordancia de frase,Agendas Libretas Memo Set,Habilitado,Limitado,,,EMPTY,NO,PRODUCTO,Oficina y Escritura,Libretas y Cuadernos,,keyword→objeto,HIGH,0,0,0.0,1
"""libretas merchandising""",Concordancia de frase,Agendas Libretas Memo Set,Habilitado,Limitado,https://regalospremium.cl/cuadernos-libretas-memo-set-publicitarios/,https://regalospremium.cl/cuadernos-libretas-memo-set-publicitarios/,CURRENT_FORMAT,NO,PRODUCTO,Oficina y Escritura,Libretas y Cuadernos,,keyword→objeto,HIGH,0,0,0.0,1
"""libretas moleskine personalizadas""",Concordancia de frase,Agendas Libretas Memo Set,Habilitado,Apto,,,EMPTY,NO,PRODUCTO,Oficina y Escritura,Libretas y Cuadernos,,keyword→objeto,HIGH,0,0,0.0,1
"""libretas para personalizar""",Concordancia de frase,Agendas Libretas Memo Set,Habilitado,Limitado,,,EMPTY,NO,PRODUCTO,Oficina y Escritura,Libretas y Cuadernos,,keyword→objeto,HIGH,0,0,0.0,1
"""libretas para regalo""",Concordancia de frase,Agendas Libretas Memo Set,Habilitado,Limitado,,,EMPTY,NO,PRODUCTO,Oficina y Escritura,Libretas y Cuadernos,,keyword→objeto,HIGH,0,0,0.0,1
"""libretas pequeñas""",Concordancia de frase,Agendas Libretas Memo Set,Habilitado,Limitado,https://regalospremium.cl/cuadernos-libretas-memo-set-publicitarios/,https://regalospremium.cl/cuadernos-libretas-memo-set-publicitarios/,CURRENT_FORMAT,NO,PRODUCTO,Oficina y Escritura,Libretas y Cuadernos,,keyword→objeto,HIGH,0,0,0.0,1
"""libretas pequeñas baratas""",Concordancia de frase,Agendas Libretas Memo Set,Habilitado,Limitado,,,EMPTY,NO,PRODUCTO,Oficina y Escritura,Libretas y Cuadernos,,keyword→objeto,HIGH,0,0,0.0,1
"""libretas personalizadas""",Concordancia de frase,Agendas Libretas Memo Set,Habilitado,Limitado,https://regalospremium.cl/cuadernos-libretas-memo-set-publicitarios/,https://regalospremium.cl/cuadernos-libretas-memo-set-publicitarios/,CURRENT_FORMAT,NO,PRODUCTO,Oficina y Escritura,Libretas y Cuadernos,,keyword→objeto,HIGH,0,0,0.0,1
"""libretas personalizadas baratas""",Concordancia de frase,Agendas Libretas Memo Set,Habilitado,Limitado,,,EMPTY,NO,PRODUCTO,Oficina y Escritura,Libretas y Cuadernos,,keyword→objeto,HIGH,0,0,0.0,1
"""libretas personalizadas para empresas""",Concordancia de frase,Agendas Libretas Memo Set,Habilitado,Limitado,,,EMPTY,NO,PRODUCTO,Oficina y Escritura,Libretas y Cuadernos,,keyword→objeto,HIGH,0,0,0.0,1
"""libretas personalizadas para regalar""",Concordancia de frase,Agendas Libretas Memo Set,Habilitado,Limitado,,,EMPTY,NO,PRODUCTO,Oficina y Escritura,Libretas y Cuadernos,,keyword→objeto,HIGH,0,0,0.0,1
"""libretas personalizadas pasta dura""",Concordancia de frase,Agendas Libretas Memo Set,Habilitado,Limitado,,,EMPTY,NO,PRODUCTO,Oficina y Escritura,Libretas y Cuadernos,,keyword→objeto,HIGH,0,0,0.0,1
"""libretas personalizadas por mayor""",Concordancia de frase,Agendas Libretas Memo Set,Habilitado,Limitado,https://regalospremium.cl/cuadernos-libretas-memo-set-publicitarios/,https://regalospremium.cl/cuadernos-libretas-memo-set-publicitarios/,CURRENT_FORMAT,NO,PRODUCTO,Oficina y Escritura,Libretas y Cuadernos,,keyword→objeto,HIGH,0,0,0.0,1
"""libretas profesionales baratas""",Concordancia de frase,Agendas Libretas Memo Set,Habilitado,Apto,,,EMPTY,NO,PRODUCTO,Oficina y Escritura,Libretas y Cuadernos,,keyword→objeto,HIGH,0,0,0.0,1
"""libretas promocionales""",Concordancia de frase,Agendas Libretas Memo Set,Habilitado,Limitado,https://regalospremium.cl/cuadernos-libretas-memo-set-publicitarios/,https://regalospremium.cl/cuadernos-libretas-memo-set-publicitarios/,CURRENT_FORMAT,NO,PRODUCTO,Oficina y Escritura,Libretas y Cuadernos,,keyword→objeto,HIGH,0,0,0.0,1
"""libretas publicitarias""",Concordancia de frase,Agendas Libretas Memo Set,Habilitado,Limitado,https://regalospremium.cl/cuadernos-libretas-memo-set-publicitarios/,https://regalospremium.cl/cuadernos-libretas-memo-set-publicitarios/,CURRENT_FORMAT,NO,PRODUCTO,Oficina y Escritura,Libretas y Cuadernos,,keyword→objeto,HIGH,0,0,0.0,1
"""libretas recicladas""",Concordancia de frase,Agendas Libretas Memo Set,Habilitado,Limitado,https://regalospremium.cl/cuadernos-libretas-memo-set-publicitarios/,https://regalospremium.cl/cuadernos-libretas-memo-set-publicitarios/,CURRENT_FORMAT,NO,PRODUCTO,Oficina y Escritura,Libretas y Cuadernos,,keyword→objeto,HIGH,0,0,0.0,1
"""Libretas sustentables""",Concordancia de frase,Agendas Libretas Memo Set,Habilitado,Apto,,,EMPTY,NO,PRODUCTO,Oficina y Escritura,Libretas y Cuadernos,,keyword→objeto,HIGH,0,0,0.0,1
"""libretas tapa dura""",Concordancia de frase,Agendas Libretas Memo Set,Habilitado,Limitado,https://regalospremium.cl/cuadernos-libretas-memo-set-publicitarios/,https://regalospremium.cl/cuadernos-libretas-memo-set-publicitarios/,CURRENT_FORMAT,NO,PRODUCTO,Oficina y Escritura,Libretas y Cuadernos,,keyword→objeto,HIGH,0,0,0.0,1
"""libretas tipo moleskine baratas""",Concordancia de frase,Agendas Libretas Memo Set,Habilitado,No apto,,,EMPTY,NO,PRODUCTO,Oficina y Escritura,Libretas y Cuadernos,,keyword→objeto,HIGH,0,0,0.0,1
"""libro de colorear""",Concordancia de frase,Agendas Libretas Memo Set,Habilitado,Limitado,,,EMPTY,NO,PRODUCTO,Oficina y Escritura,Libretas y Cuadernos,,fallback grupo histórico,MEDIUM,0,0,0.0,1
"""libro para colorear""",Concordancia de frase,Agendas Libretas Memo Set,Habilitado,Limitado,,,EMPTY,NO,PRODUCTO,Oficina y Escritura,Libretas y Cuadernos,,fallback grupo histórico,MEDIUM,0,0,0.0,1
"""memo set""",Concordancia de frase,Agendas Libretas Memo Set,Habilitado,Apto,https://regalospremium.cl/cuadernos-libretas-memo-set-publicitarios/,https://regalospremium.cl/cuadernos-libretas-memo-set-publicitarios/,CURRENT_FORMAT,NO,PRODUCTO,Oficina y Escritura,Libretas y Cuadernos,,keyword→objeto,HIGH,0,0,0.0,1
"""memo set corporativo""",Concordancia de frase,Agendas Libretas Memo Set,Habilitado,No apto,,,EMPTY,NO,PRODUCTO,Oficina y Escritura,Libretas y Cuadernos,,keyword→objeto,HIGH,0,0,0.0,1
"""memo set cubo""",Concordancia de frase,Agendas Libretas Memo Set,Habilitado,No apto,,,EMPTY,NO,PRODUCTO,Oficina y Escritura,Libretas y Cuadernos,,keyword→objeto,HIGH,0,0,0.0,1
"""memo set de oficina""",Concordancia de frase,Agendas Libretas Memo Set,Habilitado,No apto,,,EMPTY,NO,PRODUCTO,Oficina y Escritura,Libretas y Cuadernos,,keyword→objeto,HIGH,0,0,0.0,1
"""memo set ecológico""",Concordancia de frase,Agendas Libretas Memo Set,Habilitado,No apto,,,EMPTY,NO,PRODUCTO,Oficina y Escritura,Libretas y Cuadernos,,keyword→objeto,HIGH,0,0,0.0,1
"""memo set ecológico con bolígrafo""",Concordancia de frase,Agendas Libretas Memo Set,Habilitado,Apto,,,EMPTY,NO,PRODUCTO,Oficina y Escritura,Libretas y Cuadernos,,keyword→objeto,HIGH,0,0,0.0,1
"""Memo Set Ecológico y Bolígrafo""",Concordancia de frase,Agendas Libretas Memo Set,Habilitado,No apto,,,EMPTY,NO,PRODUCTO,Oficina y Escritura,Libretas y Cuadernos,,keyword→objeto,HIGH,0,0,0.0,1
"""memo set escritorio""",Concordancia de frase,Agendas Libretas Memo Set,Habilitado,No apto,https://regalospremium.cl/cuadernos-libretas-memo-set-publicitarios/,https://regalospremium.cl/cuadernos-libretas-memo-set-publicitarios/,CURRENT_FORMAT,NO,PRODUCTO,Oficina y Escritura,Libretas y Cuadernos,,keyword→objeto,HIGH,0,0,0.0,1
"""memo set personalizado""",Concordancia de frase,Agendas Libretas Memo Set,Habilitado,No apto,,,EMPTY,NO,PRODUCTO,Oficina y Escritura,Libretas y Cuadernos,,keyword→objeto,HIGH,0,0,0.0,1
"""memo tip banderitas""",Concordancia de frase,Agendas Libretas Memo Set,Habilitado,Limitado,,,EMPTY,NO,PRODUCTO,Oficina y Escritura,Libretas y Cuadernos,,fallback grupo histórico,MEDIUM,0,0,0.0,1
"""mini agendas de bolsillo""",Concordancia de frase,Agendas Libretas Memo Set,Habilitado,Limitado,https://regalospremium.cl/cuadernos-libretas-memo-set-publicitarios/,https://regalospremium.cl/cuadernos-libretas-memo-set-publicitarios/,CURRENT_FORMAT,NO,PRODUCTO,Oficina y Escritura,Libretas y Cuadernos,,keyword→objeto,HIGH,0,0,0.0,1
"""mini banderitas post it""",Concordancia de frase,Agendas Libretas Memo Set,Habilitado,Limitado,,,EMPTY,NO,PRODUCTO,Oficina y Escritura,Libretas y Cuadernos,,fallback grupo histórico,MEDIUM,0,0,0.0,1
"""Mini cuaderno portátil""",Concordancia de frase,Agendas Libretas Memo Set,Habilitado,No apto,,,EMPTY,NO,PRODUCTO,Oficina y Escritura,Libretas y Cuadernos,,keyword→objeto,HIGH,0,0,0.0,1
"""mini libreta de bolsillo""",Concordancia de frase,Agendas Libretas Memo Set,Habilitado,Limitado,,,EMPTY,NO,PRODUCTO,Oficina y Escritura,Libretas y Cuadernos,,keyword→objeto,HIGH,0,0,0.0,1
"""Pack de marcadores adhesivos""",Concordancia de frase,Agendas Libretas Memo Set,Habilitado,No apto,,,EMPTY,NO,PRODUCTO,Oficina y Escritura,Libretas y Cuadernos,,fallback grupo histórico,MEDIUM,0,0,0.0,1
"""Pack de notas para escritorio""",Concordancia de frase,Agendas Libretas Memo Set,Habilitado,No apto,,,EMPTY,NO,PRODUCTO,Oficina y Escritura,Libretas y Cuadernos,,fallback grupo histórico,MEDIUM,0,0,0.0,1
"""personaliza tu agenda""",Concordancia de frase,Agendas Libretas Memo Set,Habilitado,Limitado,,,EMPTY,NO,PRODUCTO,Oficina y Escritura,Libretas y Cuadernos,,keyword→objeto,HIGH,0,0,0.0,1
"""personalizacion de cuadernos""",Concordancia de frase,Agendas Libretas Memo Set,Habilitado,Limitado,,,EMPTY,NO,PRODUCTO,Oficina y Escritura,Libretas y Cuadernos,,keyword→objeto,HIGH,0,0,0.0,1
"""precio de agendas""",Concordancia de frase,Agendas Libretas Memo Set,Habilitado,Limitado,https://regalospremium.cl/cuadernos-libretas-memo-set-publicitarios/,https://regalospremium.cl/cuadernos-libretas-memo-set-publicitarios/,CURRENT_FORMAT,NO,PRODUCTO,Oficina y Escritura,Libretas y Cuadernos,,keyword→objeto,HIGH,0,0,0.0,1
"""precios libretas escolares baratas""",Concordancia de frase,Agendas Libretas Memo Set,Habilitado,Apto,,,EMPTY,NO,PRODUCTO,Oficina y Escritura,Libretas y Cuadernos,,keyword→objeto,HIGH,0,0,0.0,1
"""productos promocionales""",Concordancia de frase,Agendas Libretas Memo Set,Habilitado,Limitado,https://regalospremium.cl/cuadernos-libretas-memo-set-publicitarios/,https://regalospremium.cl/cuadernos-libretas-memo-set-publicitarios/,CURRENT_FORMAT,NO,PRODUCTO,Oficina y Escritura,Libretas y Cuadernos,,fallback grupo histórico,MEDIUM,0,0,0.0,1
"""publicidad cuadernos""",Concordancia de frase,Agendas Libretas Memo Set,Habilitado,Limitado,https://regalospremium.cl/cuadernos-libretas-memo-set-publicitarios/,https://regalospremium.cl/cuadernos-libretas-memo-set-publicitarios/,CURRENT_FORMAT,NO,PRODUCTO,Oficina y Escritura,Libretas y Cuadernos,,keyword→objeto,HIGH,0,0,0.0,1
"""publicidad de agendas""",Concordancia de frase,Agendas Libretas Memo Set,Habilitado,Limitado,https://regalospremium.cl/cuadernos-libretas-memo-set-publicitarios/,https://regalospremium.cl/cuadernos-libretas-memo-set-publicitarios/,CURRENT_FORMAT,NO,PRODUCTO,Oficina y Escritura,Libretas y Cuadernos,,keyword→objeto,HIGH,0,0,0.0,1
"""regalos promocionales""",Concordancia de frase,Agendas Libretas Memo Set,Habilitado,Limitado,,,EMPTY,NO,PRODUCTO,Oficina y Escritura,Libretas y Cuadernos,,fallback grupo histórico,MEDIUM,0,0,0.0,1
"""Señaladores de colores""",Concordancia de frase,Agendas Libretas Memo Set,Habilitado,Limitado,,,EMPTY,NO,PRODUCTO,Oficina y Escritura,Libretas y Cuadernos,,fallback grupo histórico,MEDIUM,0,0,0.0,1
"""Set de Banderitas Adhesivas""",Concordancia de frase,Agendas Libretas Memo Set,Habilitado,Limitado,,,EMPTY,NO,PRODUCTO,Oficina y Escritura,Libretas y Cuadernos,,fallback grupo histórico,MEDIUM,0,0,0.0,1
"""set de escritura""",Concordancia de frase,Agendas Libretas Memo Set,Habilitado,Limitado,,,EMPTY,NO,PRODUCTO,Oficina y Escritura,Libretas y Cuadernos,,fallback grupo histórico,MEDIUM,0,0,0.0,1
"""set de notas""",Concordancia de frase,Agendas Libretas Memo Set,Habilitado,Limitado,,,EMPTY,NO,PRODUCTO,Oficina y Escritura,Libretas y Cuadernos,,fallback grupo histórico,MEDIUM,0,0,0.0,1
"""Set de oficina con post-it""",Concordancia de frase,Agendas Libretas Memo Set,Habilitado,Apto,,,EMPTY,NO,PRODUCTO,Oficina y Escritura,Libretas y Cuadernos,,fallback grupo histórico,MEDIUM,0,0,0.0,1
"""Set de oficina sostenible""",Concordancia de frase,Agendas Libretas Memo Set,Habilitado,No apto,,,EMPTY,NO,PRODUCTO,Oficina y Escritura,Libretas y Cuadernos,,fallback grupo histórico,MEDIUM,0,0,0.0,1
"""Stickers para marcar páginas""",Concordancia de frase,Agendas Libretas Memo Set,Habilitado,No apto,,,EMPTY,NO,PRODUCTO,Oficina y Escritura,Libretas y Cuadernos,,fallback grupo histórico,MEDIUM,0,0,0.0,1
"""venta de agendas personalizadas""",Concordancia de frase,Agendas Libretas Memo Set,Habilitado,Limitado,https://regalospremium.cl/cuadernos-libretas-memo-set-publicitarios/,https://regalospremium.cl/cuadernos-libretas-memo-set-publicitarios/,CURRENT_FORMAT,NO,PRODUCTO,Oficina y Escritura,Libretas y Cuadernos,,keyword→objeto,HIGH,0,0,0.0,1
"""venta de libretas ecologicas""",Concordancia de frase,Agendas Libretas Memo Set,Habilitado,No apto,https://regalospremium.cl/cuadernos-libretas-memo-set-publicitarios/,https://regalospremium.cl/cuadernos-libretas-memo-set-publicitarios/,CURRENT_FORMAT,NO,PRODUCTO,Oficina y Escritura,Libretas y Cuadernos,,keyword→objeto,HIGH,0,0,0.0,1
"""venta por mayor libretas ecologicas""",Concordancia de frase,Agendas Libretas Memo Set,Habilitado,No apto,https://regalospremium.cl/cuadernos-libretas-memo-set-publicitarios/,https://regalospremium.cl/cuadernos-libretas-memo-set-publicitarios/,CURRENT_FORMAT,NO,PRODUCTO,Oficina y Escritura,Libretas y Cuadernos,,keyword→objeto,HIGH,0,0,0.0,1
"""18 de septiembre regalos""",Concordancia de frase,Asado BBQ,En pausa,En pausa,https://regalospremium.cl/herramientas-y-asado/,https://regalospremium.cl/herramientas-y-asado/,CURRENT_FORMAT,NO,PRODUCTO,Herramientas y Outdoor,Herramientas,,fallback grupo histórico,MEDIUM,0,0,0.0,1
"""accesorios asado""",Concordancia de frase,Asado BBQ,En pausa,En pausa,https://regalospremium.cl/herramientas-y-asado/,https://regalospremium.cl/herramientas-y-asado/,CURRENT_FORMAT,NO,PRODUCTO,Herramientas y Outdoor,Herramientas,,keyword→objeto,HIGH,0,0,0.0,1
"""accesorios asador""",Concordancia de frase,Asado BBQ,En pausa,En pausa,https://regalospremium.cl/herramientas-y-asado/,https://regalospremium.cl/herramientas-y-asado/,CURRENT_FORMAT,NO,PRODUCTO,Herramientas y Outdoor,Herramientas,,fallback grupo histórico,MEDIUM,0,0,0.0,1
"""accesorios de asado""",Concordancia de frase,Asado BBQ,En pausa,En pausa,https://regalospremium.cl/herramientas-y-asado/,https://regalospremium.cl/herramientas-y-asado/,CURRENT_FORMAT,NO,PRODUCTO,Herramientas y Outdoor,Herramientas,,keyword→objeto,HIGH,0,0,0.0,1
"""accesorios para asado""",Concordancia de frase,Asado BBQ,En pausa,En pausa,https://regalospremium.cl/herramientas-y-asado/,https://regalospremium.cl/herramientas-y-asado/,CURRENT_FORMAT,NO,PRODUCTO,Herramientas y Outdoor,Herramientas,,keyword→objeto,HIGH,0,0,0.0,1
"""accesorios para asador""",Concordancia de frase,Asado BBQ,En pausa,En pausa,https://regalospremium.cl/herramientas-y-asado/,https://regalospremium.cl/herramientas-y-asado/,CURRENT_FORMAT,NO,PRODUCTO,Herramientas y Outdoor,Herramientas,,fallback grupo histórico,MEDIUM,0,0,0.0,1
"""accesorios para asados chile""",Concordancia de frase,Asado BBQ,En pausa,En pausa,https://regalospremium.cl/herramientas-y-asado/,https://regalospremium.cl/herramientas-y-asado/,CURRENT_FORMAT,NO,PRODUCTO,Herramientas y Outdoor,Herramientas,,fallback grupo histórico,MEDIUM,0,0,0.0,1
"""accesorios para asar""",Concordancia de frase,Asado BBQ,En pausa,En pausa,https://regalospremium.cl/herramientas-y-asado/,https://regalospremium.cl/herramientas-y-asado/,CURRENT_FORMAT,NO,PRODUCTO,Herramientas y Outdoor,Herramientas,,fallback grupo histórico,MEDIUM,0,0,0.0,1
"""accesorios para parrillas""",Concordancia de frase,Asado BBQ,En pausa,En pausa,,,EMPTY,NO,PRODUCTO,Herramientas y Outdoor,Herramientas,,fallback grupo histórico,MEDIUM,0,0,0.0,1
"""accesorios para parrilleros""",Concordancia de frase,Asado BBQ,En pausa,En pausa,https://regalospremium.cl/herramientas-y-asado/,https://regalospremium.cl/herramientas-y-asado/,CURRENT_FORMAT,NO,PRODUCTO,Herramientas y Outdoor,Herramientas,,fallback grupo histórico,MEDIUM,0,0,0.0,1
"""accesorios para parrilleros profesionales""",Concordancia de frase,Asado BBQ,En pausa,En pausa,https://regalospremium.cl/herramientas-y-asado/,https://regalospremium.cl/herramientas-y-asado/,CURRENT_FORMAT,NO,PRODUCTO,Herramientas y Outdoor,Herramientas,,fallback grupo histórico,MEDIUM,0,0,0.0,1
"""accesorios parrillero""",Concordancia de frase,Asado BBQ,En pausa,En pausa,https://regalospremium.cl/herramientas-y-asado/,https://regalospremium.cl/herramientas-y-asado/,CURRENT_FORMAT,NO,PRODUCTO,Herramientas y Outdoor,Herramientas,,fallback grupo histórico,MEDIUM,0,0,0.0,1
"""accesorios parrilleros""",Concordancia de frase,Asado BBQ,En pausa,En pausa,https://regalospremium.cl/herramientas-y-asado/,https://regalospremium.cl/herramientas-y-asado/,CURRENT_FORMAT,NO,PRODUCTO,Herramientas y Outdoor,Herramientas,,fallback grupo histórico,MEDIUM,0,0,0.0,1
"""articulos de asador""",Concordancia de frase,Asado BBQ,En pausa,En pausa,,,EMPTY,NO,PRODUCTO,Herramientas y Outdoor,Herramientas,,fallback grupo histórico,MEDIUM,0,0,0.0,1
"""articulos para asado""",Concordancia de frase,Asado BBQ,En pausa,En pausa,https://regalospremium.cl/herramientas-y-asado/,https://regalospremium.cl/herramientas-y-asado/,CURRENT_FORMAT,NO,PRODUCTO,Herramientas y Outdoor,Herramientas,,keyword→objeto,HIGH,0,0,0.0,1
"""articulos para asados""",Concordancia de frase,Asado BBQ,En pausa,En pausa,https://regalospremium.cl/herramientas-y-asado/,https://regalospremium.cl/herramientas-y-asado/,CURRENT_FORMAT,NO,PRODUCTO,Herramientas y Outdoor,Herramientas,,fallback grupo histórico,MEDIUM,0,0,0.0,1
"""articulos para parrilleros""",Concordancia de frase,Asado BBQ,En pausa,En pausa,https://regalospremium.cl/herramientas-y-asado/,https://regalospremium.cl/herramientas-y-asado/,CURRENT_FORMAT,NO,PRODUCTO,Herramientas y Outdoor,Herramientas,,fallback grupo histórico,MEDIUM,0,0,0.0,1
"""articulos parrilleros""",Concordancia de frase,Asado BBQ,En pausa,En pausa,https://regalospremium.cl/herramientas-y-asado/,https://regalospremium.cl/herramientas-y-asado/,CURRENT_FORMAT,NO,PRODUCTO,Herramientas y Outdoor,Herramientas,,fallback grupo histórico,MEDIUM,0,0,0.0,1
"""asado kit""",Concordancia de frase,Asado BBQ,En pausa,En pausa,https://regalospremium.cl/herramientas-y-asado/,https://regalospremium.cl/herramientas-y-asado/,CURRENT_FORMAT,NO,PRODUCTO,Herramientas y Outdoor,Herramientas,,keyword→objeto,HIGH,0,0,0.0,1
"""delantal asado""",Concordancia de frase,Asado BBQ,En pausa,En pausa,https://regalospremium.cl/herramientas-y-asado/,https://regalospremium.cl/herramientas-y-asado/,CURRENT_FORMAT,NO,PRODUCTO,Herramientas y Outdoor,Herramientas,,keyword→objeto,HIGH,0,0,0.0,1
"""delantal asador""",Concordancia de frase,Asado BBQ,En pausa,En pausa,https://regalospremium.cl/herramientas-y-asado/,https://regalospremium.cl/herramientas-y-asado/,CURRENT_FORMAT,NO,PRODUCTO,Textil,Delantales,,keyword→objeto,HIGH,0,0,0.0,1
"""delantal asados""",Concordancia de frase,Asado BBQ,En pausa,En pausa,https://regalospremium.cl/herramientas-y-asado/,https://regalospremium.cl/herramientas-y-asado/,CURRENT_FORMAT,NO,PRODUCTO,Textil,Delantales,,keyword→objeto,HIGH,0,0,0.0,1
"""delantal BBQ""",Concordancia de frase,Asado BBQ,En pausa,En pausa,https://regalospremium.cl/herramientas-y-asado/,https://regalospremium.cl/herramientas-y-asado/,CURRENT_FORMAT,NO,PRODUCTO,Herramientas y Outdoor,Herramientas,,keyword→objeto,HIGH,0,0,0.0,1
"""delantal de asador""",Concordancia de frase,Asado BBQ,En pausa,En pausa,https://regalospremium.cl/herramientas-y-asado/,https://regalospremium.cl/herramientas-y-asado/,CURRENT_FORMAT,NO,PRODUCTO,Textil,Delantales,,keyword→objeto,HIGH,0,0,0.0,1
"""delantal de cocina hombre parrillero""",Concordancia de frase,Asado BBQ,En pausa,En pausa,https://regalospremium.cl/herramientas-y-asado/,https://regalospremium.cl/herramientas-y-asado/,CURRENT_FORMAT,NO,PRODUCTO,Textil,Delantales,,keyword→objeto,HIGH,0,0,0.0,1
"""delantal de cuero parrillero""",Concordancia de frase,Asado BBQ,En pausa,En pausa,https://regalospremium.cl/herramientas-y-asado/,https://regalospremium.cl/herramientas-y-asado/,CURRENT_FORMAT,NO,PRODUCTO,Textil,Delantales,,keyword→objeto,HIGH,0,0,0.0,1
"""delantal de parrilla""",Concordancia de frase,Asado BBQ,En pausa,En pausa,https://regalospremium.cl/herramientas-y-asado/,https://regalospremium.cl/herramientas-y-asado/,CURRENT_FORMAT,NO,PRODUCTO,Textil,Delantales,,keyword→objeto,HIGH,0,0,0.0,1
"""delantal para asador""",Concordancia de frase,Asado BBQ,En pausa,En pausa,https://regalospremium.cl/herramientas-y-asado/,https://regalospremium.cl/herramientas-y-asado/,CURRENT_FORMAT,NO,PRODUCTO,Textil,Delantales,,keyword→objeto,HIGH,0,0,0.0,1
"""delantal parrillero""",Concordancia de frase,Asado BBQ,En pausa,En pausa,https://regalospremium.cl/herramientas-y-asado/,https://regalospremium.cl/herramientas-y-asado/,CURRENT_FORMAT,NO,PRODUCTO,Textil,Delantales,,keyword→objeto,HIGH,0,0,0.0,1
"""delantal parrillero de cuero""",Concordancia de frase,Asado BBQ,En pausa,En pausa,https://regalospremium.cl/herramientas-y-asado/,https://regalospremium.cl/herramientas-y-asado/,CURRENT_FORMAT,NO,PRODUCTO,Textil,Delantales,,keyword→objeto,HIGH,0,0,0.0,1
"""delantal parrillero hombre""",Concordancia de frase,Asado BBQ,En pausa,En pausa,https://regalospremium.cl/herramientas-y-asado/,https://regalospremium.cl/herramientas-y-asado/,CURRENT_FORMAT,NO,PRODUCTO,Textil,Delantales,,keyword→objeto,HIGH,0,0,0.0,1
"""delantal parrillero logotipo""",Concordancia de frase,Asado BBQ,En pausa,En pausa,https://regalospremium.cl/herramientas-y-asado/,https://regalospremium.cl/herramientas-y-asado/,CURRENT_FORMAT,NO,PRODUCTO,Textil,Delantales,,keyword→objeto,HIGH,0,0,0.0,1
"""delantal parrillero para hombre""",Concordancia de frase,Asado BBQ,En pausa,En pausa,https://regalospremium.cl/herramientas-y-asado/,https://regalospremium.cl/herramientas-y-asado/,CURRENT_FORMAT,NO,PRODUCTO,Textil,Delantales,,keyword→objeto,HIGH,0,0,0.0,1
"""delantal parrillero personalizado""",Concordancia de frase,Asado BBQ,En pausa,En pausa,https://regalospremium.cl/herramientas-y-asado/,https://regalospremium.cl/herramientas-y-asado/,CURRENT_FORMAT,NO,PRODUCTO,Textil,Delantales,,keyword→objeto,HIGH,0,0,0.0,1
"""delantales para asados""",Concordancia de frase,Asado BBQ,En pausa,En pausa,https://regalospremium.cl/herramientas-y-asado/,https://regalospremium.cl/herramientas-y-asado/,CURRENT_FORMAT,NO,PRODUCTO,Textil,Delantales,,keyword→objeto,HIGH,0,0,0.0,1
"""delantales para parrilleros""",Concordancia de frase,Asado BBQ,En pausa,En pausa,https://regalospremium.cl/herramientas-y-asado/,https://regalospremium.cl/herramientas-y-asado/,CURRENT_FORMAT,NO,PRODUCTO,Textil,Delantales,,keyword→objeto,HIGH,0,0,0.0,1
"""delantales parrilleros""",Concordancia de frase,Asado BBQ,En pausa,En pausa,https://regalospremium.cl/herramientas-y-asado/,https://regalospremium.cl/herramientas-y-asado/,CURRENT_FORMAT,NO,PRODUCTO,Textil,Delantales,,keyword→objeto,HIGH,0,0,0.0,1
"""guantes para parrilla""",Concordancia de frase,Asado BBQ,En pausa,En pausa,https://regalospremium.cl/herramientas-y-asado/,https://regalospremium.cl/herramientas-y-asado/,CURRENT_FORMAT,NO,PRODUCTO,Herramientas y Outdoor,Herramientas,,fallback grupo histórico,MEDIUM,0,0,0.0,1
"""herramientas para parrilla""",Concordancia de frase,Asado BBQ,En pausa,En pausa,https://regalospremium.cl/herramientas-y-asado/,https://regalospremium.cl/herramientas-y-asado/,CURRENT_FORMAT,NO,PRODUCTO,Herramientas y Outdoor,Herramientas,,keyword→objeto,HIGH,0,0,0.0,1
"""implementos de asado""",Concordancia de frase,Asado BBQ,En pausa,En pausa,https://regalospremium.cl/herramientas-y-asado/,https://regalospremium.cl/herramientas-y-asado/,CURRENT_FORMAT,NO,PRODUCTO,Herramientas y Outdoor,Herramientas,,keyword→objeto,HIGH,0,0,0.0,1
"""implementos para asados""",Concordancia de frase,Asado BBQ,En pausa,En pausa,https://regalospremium.cl/herramientas-y-asado/,https://regalospremium.cl/herramientas-y-asado/,CURRENT_FORMAT,NO,PRODUCTO,Herramientas y Outdoor,Herramientas,,fallback grupo histórico,MEDIUM,0,0,0.0,1
"""kit asado""",Concordancia de frase,Asado BBQ,En pausa,En pausa,https://regalospremium.cl/herramientas-y-asado/,https://regalospremium.cl/herramientas-y-asado/,CURRENT_FORMAT,NO,PRODUCTO,Herramientas y Outdoor,Herramientas,,keyword→objeto,HIGH,0,0,0.0,1
"""kit asador""",Concordancia de frase,Asado BBQ,En pausa,En pausa,https://regalospremium.cl/herramientas-y-asado/,https://regalospremium.cl/herramientas-y-asado/,CURRENT_FORMAT,NO,PRODUCTO,Herramientas y Outdoor,Herramientas,,fallback grupo histórico,MEDIUM,0,0,0.0,1
"""kit asador personalizado""",Concordancia de frase,Asado BBQ,En pausa,En pausa,https://regalospremium.cl/herramientas-y-asado/,https://regalospremium.cl/herramientas-y-asado/,CURRENT_FORMAT,NO,PRODUCTO,Herramientas y Outdoor,Herramientas,,fallback grupo histórico,MEDIUM,0,0,0.0,1
"""kit de accesorios para asar carne""",Concordancia de frase,Asado BBQ,En pausa,En pausa,https://regalospremium.cl/herramientas-y-asado/,https://regalospremium.cl/herramientas-y-asado/,CURRENT_FORMAT,NO,PRODUCTO,Herramientas y Outdoor,Herramientas,,fallback grupo histórico,MEDIUM,0,0,0.0,1
"""kit de asado""",Concordancia de frase,Asado BBQ,En pausa,En pausa,https://regalospremium.cl/herramientas-y-asado/,https://regalospremium.cl/herramientas-y-asado/,CURRENT_FORMAT,NO,PRODUCTO,Herramientas y Outdoor,Herramientas,,keyword→objeto,HIGH,0,0,0.0,1
"""kit de asador""",Concordancia de frase,Asado BBQ,En pausa,En pausa,https://regalospremium.cl/herramientas-y-asado/,https://regalospremium.cl/herramientas-y-asado/,CURRENT_FORMAT,NO,PRODUCTO,Herramientas y Outdoor,Herramientas,,fallback grupo histórico,MEDIUM,0,0,0.0,1
"""kit de herramientas para asado""",Concordancia de frase,Asado BBQ,En pausa,En pausa,https://regalospremium.cl/herramientas-y-asado/,https://regalospremium.cl/herramientas-y-asado/,CURRENT_FORMAT,NO,PRODUCTO,Herramientas y Outdoor,Herramientas,,keyword→objeto,HIGH,0,0,0.0,1
"""kit para asador""",Concordancia de frase,Asado BBQ,En pausa,En pausa,https://regalospremium.cl/herramientas-y-asado/,https://regalospremium.cl/herramientas-y-asado/,CURRENT_FORMAT,NO,PRODUCTO,Herramientas y Outdoor,Herramientas,,fallback grupo histórico,MEDIUM,0,0,0.0,1
"""kit para asados""",Concordancia de frase,Asado BBQ,En pausa,En pausa,https://regalospremium.cl/herramientas-y-asado/,https://regalospremium.cl/herramientas-y-asado/,CURRENT_FORMAT,NO,PRODUCTO,Herramientas y Outdoor,Herramientas,,fallback grupo histórico,MEDIUM,0,0,0.0,1
"""kit para asar""",Concordancia de frase,Asado BBQ,En pausa,En pausa,https://regalospremium.cl/herramientas-y-asado/,https://regalospremium.cl/herramientas-y-asado/,CURRENT_FORMAT,NO,PRODUCTO,Herramientas y Outdoor,Herramientas,,fallback grupo histórico,MEDIUM,0,0,0.0,1
"""kit para asar carne""",Concordancia de frase,Asado BBQ,En pausa,En pausa,https://regalospremium.cl/herramientas-y-asado/,https://regalospremium.cl/herramientas-y-asado/,CURRENT_FORMAT,NO,PRODUCTO,Herramientas y Outdoor,Herramientas,,fallback grupo histórico,MEDIUM,0,0,0.0,1
"""kit parrillero""",Concordancia de frase,Asado BBQ,En pausa,En pausa,https://regalospremium.cl/herramientas-y-asado/,https://regalospremium.cl/herramientas-y-asado/,CURRENT_FORMAT,NO,PRODUCTO,Herramientas y Outdoor,Herramientas,,fallback grupo histórico,MEDIUM,0,0,0.0,1
"""kit parrillero personalizado""",Concordancia de frase,Asado BBQ,En pausa,En pausa,https://regalospremium.cl/herramientas-y-asado/,https://regalospremium.cl/herramientas-y-asado/,CURRENT_FORMAT,NO,PRODUCTO,Herramientas y Outdoor,Herramientas,,fallback grupo histórico,MEDIUM,0,0,0.0,1
"""maleta asado""",Concordancia de frase,Asado BBQ,En pausa,En pausa,https://regalospremium.cl/herramientas-y-asado/,https://regalospremium.cl/herramientas-y-asado/,CURRENT_FORMAT,NO,PRODUCTO,Herramientas y Outdoor,Herramientas,,keyword→objeto,HIGH,0,0,0.0,1
"""maleta para asados""",Concordancia de frase,Asado BBQ,En pausa,En pausa,https://regalospremium.cl/herramientas-y-asado/,https://regalospremium.cl/herramientas-y-asado/,CURRENT_FORMAT,NO,PRODUCTO,Herramientas y Outdoor,Herramientas,,fallback grupo histórico,MEDIUM,0,0,0.0,1
"""modelos de tablas para picar carne""",Concordancia de frase,Asado BBQ,En pausa,En pausa,https://regalospremium.cl/herramientas-y-asado/,https://regalospremium.cl/herramientas-y-asado/,CURRENT_FORMAT,NO,PRODUCTO,Herramientas y Outdoor,Herramientas,,fallback grupo histórico,MEDIUM,0,0,0.0,1
"""packs parrilleros""",Concordancia de frase,Asado BBQ,En pausa,En pausa,https://regalospremium.cl/herramientas-y-asado/,https://regalospremium.cl/herramientas-y-asado/,CURRENT_FORMAT,NO,PRODUCTO,Herramientas y Outdoor,Herramientas,,fallback grupo histórico,MEDIUM,0,0,0.0,1
"""parrillas santiago""",Concordancia de frase,Asado BBQ,En pausa,En pausa,https://regalospremium.cl/herramientas-y-asado/,https://regalospremium.cl/herramientas-y-asado/,CURRENT_FORMAT,NO,PRODUCTO,Herramientas y Outdoor,Herramientas,,fallback grupo histórico,MEDIUM,0,0,0.0,1
"""parrillas y accesorios accesorios""",Concordancia de frase,Asado BBQ,En pausa,En pausa,https://regalospremium.cl/herramientas-y-asado/,https://regalospremium.cl/herramientas-y-asado/,CURRENT_FORMAT,NO,PRODUCTO,Herramientas y Outdoor,Herramientas,,fallback grupo histórico,MEDIUM,0,0,0.0,1
"""parrillero con""",Concordancia de frase,Asado BBQ,En pausa,En pausa,https://regalospremium.cl/herramientas-y-asado/,https://regalospremium.cl/herramientas-y-asado/,CURRENT_FORMAT,NO,PRODUCTO,Herramientas y Outdoor,Herramientas,,fallback grupo histórico,MEDIUM,0,0,0.0,1
"""parrillero para""",Concordancia de frase,Asado BBQ,En pausa,En pausa,https://regalospremium.cl/herramientas-y-asado/,https://regalospremium.cl/herramientas-y-asado/,CURRENT_FORMAT,NO,PRODUCTO,Herramientas y Outdoor,Herramientas,,fallback grupo histórico,MEDIUM,0,0,0.0,1
"""parrillero para asado""",Concordancia de frase,Asado BBQ,En pausa,En pausa,https://regalospremium.cl/herramientas-y-asado/,https://regalospremium.cl/herramientas-y-asado/,CURRENT_FORMAT,NO,PRODUCTO,Herramientas y Outdoor,Herramientas,,keyword→objeto,HIGH,0,0,0.0,1
"""parrillero para asado parrilla""",Concordancia de frase,Asado BBQ,En pausa,En pausa,https://regalospremium.cl/herramientas-y-asado/,https://regalospremium.cl/herramientas-y-asado/,CURRENT_FORMAT,NO,PRODUCTO,Herramientas y Outdoor,Herramientas,,keyword→objeto,HIGH,0,0,0.0,1
"""pechera asado""",Concordancia de frase,Asado BBQ,En pausa,En pausa,https://regalospremium.cl/herramientas-y-asado/,https://regalospremium.cl/herramientas-y-asado/,CURRENT_FORMAT,NO,PRODUCTO,Herramientas y Outdoor,Herramientas,,keyword→objeto,HIGH,0,0,0.0,1
"""pechera de cuero para asados""",Concordancia de frase,Asado BBQ,En pausa,En pausa,https://regalospremium.cl/herramientas-y-asado/,https://regalospremium.cl/herramientas-y-asado/,CURRENT_FORMAT,NO,PRODUCTO,Herramientas y Outdoor,Herramientas,,fallback grupo histórico,MEDIUM,0,0,0.0,1
"""pechera de cuero personalizada""",Concordancia de frase,Asado BBQ,En pausa,En pausa,https://regalospremium.cl/herramientas-y-asado/,https://regalospremium.cl/herramientas-y-asado/,CURRENT_FORMAT,NO,PRODUCTO,Herramientas y Outdoor,Herramientas,,fallback grupo histórico,MEDIUM,0,0,0.0,1
"""pechera delantal""",Concordancia de frase,Asado BBQ,En pausa,En pausa,https://regalospremium.cl/herramientas-y-asado/,https://regalospremium.cl/herramientas-y-asado/,CURRENT_FORMAT,NO,PRODUCTO,Textil,Delantales,,keyword→objeto,HIGH,0,0,0.0,1
"""pechera para asados""",Concordancia de frase,Asado BBQ,En pausa,En pausa,https://regalospremium.cl/herramientas-y-asado/,https://regalospremium.cl/herramientas-y-asado/,CURRENT_FORMAT,NO,PRODUCTO,Herramientas y Outdoor,Herramientas,,fallback grupo histórico,MEDIUM,0,0,0.0,1
"""pechera personalizada""",Concordancia de frase,Asado BBQ,En pausa,En pausa,https://regalospremium.cl/herramientas-y-asado/,https://regalospremium.cl/herramientas-y-asado/,CURRENT_FORMAT,NO,PRODUCTO,Herramientas y Outdoor,Herramientas,,fallback grupo histórico,MEDIUM,0,0,0.0,1
"""pecheras de asado personalizadas""",Concordancia de frase,Asado BBQ,En pausa,En pausa,https://regalospremium.cl/herramientas-y-asado/,https://regalospremium.cl/herramientas-y-asado/,CURRENT_FORMAT,NO,PRODUCTO,Herramientas y Outdoor,Herramientas,,keyword→objeto,HIGH,0,0,0.0,1
"""pecheras de cocina personalizadas""",Concordancia de frase,Asado BBQ,En pausa,En pausa,https://regalospremium.cl/herramientas-y-asado/,https://regalospremium.cl/herramientas-y-asado/,CURRENT_FORMAT,NO,PRODUCTO,Herramientas y Outdoor,Herramientas,,fallback grupo histórico,MEDIUM,0,0,0.0,1
"""pecheras de cuero para parrilleros""",Concordancia de frase,Asado BBQ,En pausa,En pausa,https://regalospremium.cl/herramientas-y-asado/,https://regalospremium.cl/herramientas-y-asado/,CURRENT_FORMAT,NO,PRODUCTO,Herramientas y Outdoor,Herramientas,,fallback grupo histórico,MEDIUM,0,0,0.0,1
"""pecheras de cuero personalizadas""",Concordancia de frase,Asado BBQ,En pausa,En pausa,https://regalospremium.cl/herramientas-y-asado/,https://regalospremium.cl/herramientas-y-asado/,CURRENT_FORMAT,NO,PRODUCTO,Herramientas y Outdoor,Herramientas,,fallback grupo histórico,MEDIUM,0,0,0.0,1
"""pecheras para asados""",Concordancia de frase,Asado BBQ,En pausa,En pausa,https://regalospremium.cl/herramientas-y-asado/,https://regalospremium.cl/herramientas-y-asado/,CURRENT_FORMAT,NO,PRODUCTO,Herramientas y Outdoor,Herramientas,,fallback grupo histórico,MEDIUM,0,0,0.0,1
"""pecheras personalizadas""",Concordancia de frase,Asado BBQ,En pausa,En pausa,https://regalospremium.cl/herramientas-y-asado/,https://regalospremium.cl/herramientas-y-asado/,CURRENT_FORMAT,NO,PRODUCTO,Herramientas y Outdoor,Herramientas,,fallback grupo histórico,MEDIUM,0,0,0.0,1
"""regalos fiestas patrias""",Concordancia de frase,Asado BBQ,En pausa,En pausa,https://regalospremium.cl/herramientas-y-asado/,https://regalospremium.cl/herramientas-y-asado/,CURRENT_FORMAT,NO,PRODUCTO,Herramientas y Outdoor,Herramientas,,fallback grupo histórico,MEDIUM,0,0,0.0,1
"""regalos para parrilleros""",Concordancia de frase,Asado BBQ,En pausa,En pausa,https://regalospremium.cl/herramientas-y-asado/,https://regalospremium.cl/herramientas-y-asado/,CURRENT_FORMAT,NO,PRODUCTO,Herramientas y Outdoor,Herramientas,,fallback grupo histórico,MEDIUM,0,0,0.0,1
"""regalos para un parrillero""",Concordancia de frase,Asado BBQ,En pausa,En pausa,https://regalospremium.cl/herramientas-y-asado/,https://regalospremium.cl/herramientas-y-asado/,CURRENT_FORMAT,NO,PRODUCTO,Herramientas y Outdoor,Herramientas,,fallback grupo histórico,MEDIUM,0,0,0.0,1
"""regalos parrilleros""",Concordancia de frase,Asado BBQ,En pausa,En pausa,https://regalospremium.cl/herramientas-y-asado/,https://regalospremium.cl/herramientas-y-asado/,CURRENT_FORMAT,NO,PRODUCTO,Herramientas y Outdoor,Herramientas,,fallback grupo histórico,MEDIUM,0,0,0.0,1
"""set accesorios para asador parrilla""",Concordancia de frase,Asado BBQ,En pausa,En pausa,https://regalospremium.cl/herramientas-y-asado/,https://regalospremium.cl/herramientas-y-asado/,CURRENT_FORMAT,NO,PRODUCTO,Herramientas y Outdoor,Herramientas,,fallback grupo histórico,MEDIUM,0,0,0.0,1
"""set asado""",Concordancia de frase,Asado BBQ,En pausa,En pausa,https://regalospremium.cl/herramientas-y-asado/,https://regalospremium.cl/herramientas-y-asado/,CURRENT_FORMAT,NO,PRODUCTO,Herramientas y Outdoor,Herramientas,,keyword→objeto,HIGH,0,0,0.0,1
"""set asador""",Concordancia de frase,Asado BBQ,En pausa,En pausa,https://regalospremium.cl/herramientas-y-asado/,https://regalospremium.cl/herramientas-y-asado/,CURRENT_FORMAT,NO,PRODUCTO,Herramientas y Outdoor,Herramientas,,fallback grupo histórico,MEDIUM,0,0,0.0,1
"""set asados""",Concordancia de frase,Asado BBQ,En pausa,En pausa,https://regalospremium.cl/herramientas-y-asado/,https://regalospremium.cl/herramientas-y-asado/,CURRENT_FORMAT,NO,PRODUCTO,Herramientas y Outdoor,Herramientas,,fallback grupo histórico,MEDIUM,0,0,0.0,1
"""set de asado""",Concordancia de frase,Asado BBQ,En pausa,En pausa,https://regalospremium.cl/herramientas-y-asado/,https://regalospremium.cl/herramientas-y-asado/,CURRENT_FORMAT,NO,PRODUCTO,Herramientas y Outdoor,Herramientas,,keyword→objeto,HIGH,0,0,0.0,1
"""set de asado con logo""",Concordancia de frase,Asado BBQ,En pausa,En pausa,https://regalospremium.cl/herramientas-y-asado/,https://regalospremium.cl/herramientas-y-asado/,CURRENT_FORMAT,NO,PRODUCTO,Herramientas y Outdoor,Herramientas,,keyword→objeto,HIGH,0,0,0.0,1
"""set de asado logo""",Concordancia de frase,Asado BBQ,En pausa,En pausa,https://regalospremium.cl/herramientas-y-asado/,https://regalospremium.cl/herramientas-y-asado/,CURRENT_FORMAT,NO,PRODUCTO,Herramientas y Outdoor,Herramientas,,keyword→objeto,HIGH,0,0,0.0,1
"""set de asado personalizado""",Concordancia de frase,Asado BBQ,En pausa,En pausa,https://regalospremium.cl/herramientas-y-asado/,https://regalospremium.cl/herramientas-y-asado/,CURRENT_FORMAT,NO,PRODUCTO,Herramientas y Outdoor,Herramientas,,keyword→objeto,HIGH,0,0,0.0,1
"""set de asado por mayor""",Concordancia de frase,Asado BBQ,En pausa,En pausa,https://regalospremium.cl/herramientas-y-asado/,https://regalospremium.cl/herramientas-y-asado/,CURRENT_FORMAT,NO,PRODUCTO,Herramientas y Outdoor,Herramientas,,keyword→objeto,HIGH,0,0,0.0,1
"""set de asado premium""",Concordancia de frase,Asado BBQ,En pausa,En pausa,https://regalospremium.cl/herramientas-y-asado/,https://regalospremium.cl/herramientas-y-asado/,CURRENT_FORMAT,NO,PRODUCTO,Herramientas y Outdoor,Herramientas,,keyword→objeto,HIGH,0,0,0.0,1
"""set de asado sodimac""",Concordancia de frase,Asado BBQ,En pausa,En pausa,https://regalospremium.cl/herramientas-y-asado/,https://regalospremium.cl/herramientas-y-asado/,CURRENT_FORMAT,NO,PRODUCTO,Herramientas y Outdoor,Herramientas,,keyword→objeto,HIGH,0,0,0.0,1
"""set de parrilla""",Concordancia de frase,Asado BBQ,En pausa,En pausa,https://regalospremium.cl/herramientas-y-asado/,https://regalospremium.cl/herramientas-y-asado/,CURRENT_FORMAT,NO,PRODUCTO,Herramientas y Outdoor,Herramientas,,fallback grupo histórico,MEDIUM,0,0,0.0,1
"""set de parrillas""",Concordancia de frase,Asado BBQ,En pausa,En pausa,,,EMPTY,NO,PRODUCTO,Herramientas y Outdoor,Herramientas,,fallback grupo histórico,MEDIUM,0,0,0.0,1
"""set de parrillero""",Concordancia de frase,Asado BBQ,En pausa,En pausa,https://regalospremium.cl/herramientas-y-asado/,https://regalospremium.cl/herramientas-y-asado/,CURRENT_FORMAT,NO,PRODUCTO,Herramientas y Outdoor,Herramientas,,fallback grupo histórico,MEDIUM,0,0,0.0,1
"""set de utensilios para parrilla""",Concordancia de frase,Asado BBQ,En pausa,En pausa,https://regalospremium.cl/herramientas-y-asado/,https://regalospremium.cl/herramientas-y-asado/,CURRENT_FORMAT,NO,PRODUCTO,Herramientas y Outdoor,Herramientas,,fallback grupo histórico,MEDIUM,0,0,0.0,1
"""set metal box""",Concordancia de frase,Asado BBQ,En pausa,En pausa,https://regalospremium.cl/herramientas-y-asado/,https://regalospremium.cl/herramientas-y-asado/,CURRENT_FORMAT,NO,PRODUCTO,Herramientas y Outdoor,Herramientas,,fallback grupo histórico,MEDIUM,0,0,0.0,1
"""set para asado""",Concordancia de frase,Asado BBQ,En pausa,En pausa,https://regalospremium.cl/herramientas-y-asado/,https://regalospremium.cl/herramientas-y-asado/,CURRENT_FORMAT,NO,PRODUCTO,Herramientas y Outdoor,Herramientas,,keyword→objeto,HIGH,0,0,0.0,1
"""set para asados""",Concordancia de frase,Asado BBQ,En pausa,En pausa,https://regalospremium.cl/herramientas-y-asado/,https://regalospremium.cl/herramientas-y-asado/,CURRENT_FORMAT,NO,PRODUCTO,Herramientas y Outdoor,Herramientas,,fallback grupo histórico,MEDIUM,0,0,0.0,1
"""set para hacer asado""",Concordancia de frase,Asado BBQ,En pausa,En pausa,https://regalospremium.cl/herramientas-y-asado/,https://regalospremium.cl/herramientas-y-asado/,CURRENT_FORMAT,NO,PRODUCTO,Herramientas y Outdoor,Herramientas,,keyword→objeto,HIGH,0,0,0.0,1
"""set para parrilla""",Concordancia de frase,Asado BBQ,En pausa,En pausa,https://regalospremium.cl/herramientas-y-asado/,https://regalospremium.cl/herramientas-y-asado/,CURRENT_FORMAT,NO,PRODUCTO,Herramientas y Outdoor,Herramientas,,fallback grupo histórico,MEDIUM,0,0,0.0,1
"""set para parrillero""",Concordancia de frase,Asado BBQ,En pausa,En pausa,https://regalospremium.cl/herramientas-y-asado/,https://regalospremium.cl/herramientas-y-asado/,CURRENT_FORMAT,NO,PRODUCTO,Herramientas y Outdoor,Herramientas,,fallback grupo histórico,MEDIUM,0,0,0.0,1
"""set parrilla""",Concordancia de frase,Asado BBQ,En pausa,En pausa,https://regalospremium.cl/herramientas-y-asado/,https://regalospremium.cl/herramientas-y-asado/,CURRENT_FORMAT,NO,PRODUCTO,Herramientas y Outdoor,Herramientas,,fallback grupo histórico,MEDIUM,0,0,0.0,1
"""set parrilla amigo""",Concordancia de frase,Asado BBQ,En pausa,En pausa,https://regalospremium.cl/herramientas-y-asado/,https://regalospremium.cl/herramientas-y-asado/,CURRENT_FORMAT,NO,PRODUCTO,Herramientas y Outdoor,Herramientas,,fallback grupo histórico,MEDIUM,0,0,0.0,1
"""set parrillero""",Concordancia de frase,Asado BBQ,En pausa,En pausa,https://regalospremium.cl/herramientas-y-asado/,https://regalospremium.cl/herramientas-y-asado/,CURRENT_FORMAT,NO,PRODUCTO,Herramientas y Outdoor,Herramientas,,fallback grupo histórico,MEDIUM,0,0,0.0,1
"""set parrillero artesanal""",Concordancia de frase,Asado BBQ,En pausa,En pausa,https://regalospremium.cl/herramientas-y-asado/,https://regalospremium.cl/herramientas-y-asado/,CURRENT_FORMAT,NO,PRODUCTO,Herramientas y Outdoor,Herramientas,,fallback grupo histórico,MEDIUM,0,0,0.0,1
"""set parrillero delantal""",Concordancia de frase,Asado BBQ,En pausa,En pausa,https://regalospremium.cl/herramientas-y-asado/,https://regalospremium.cl/herramientas-y-asado/,CURRENT_FORMAT,NO,PRODUCTO,Textil,Delantales,,keyword→objeto,HIGH,0,0,0.0,1
"""set parrillero jumbo""",Concordancia de frase,Asado BBQ,En pausa,En pausa,https://regalospremium.cl/herramientas-y-asado/,https://regalospremium.cl/herramientas-y-asado/,CURRENT_FORMAT,NO,PRODUCTO,Herramientas y Outdoor,Herramientas,,fallback grupo histórico,MEDIUM,0,0,0.0,1
"""set parrillero para regalo""",Concordancia de frase,Asado BBQ,En pausa,En pausa,https://regalospremium.cl/herramientas-y-asado/,https://regalospremium.cl/herramientas-y-asado/,CURRENT_FORMAT,NO,PRODUCTO,Herramientas y Outdoor,Herramientas,,fallback grupo histórico,MEDIUM,0,0,0.0,1
"""set parrillero personalizado""",Concordancia de frase,Asado BBQ,En pausa,En pausa,https://regalospremium.cl/herramientas-y-asado/,https://regalospremium.cl/herramientas-y-asado/,CURRENT_FORMAT,NO,PRODUCTO,Herramientas y Outdoor,Herramientas,,fallback grupo histórico,MEDIUM,0,0,0.0,1
"""set parrillero por mayor""",Concordancia de frase,Asado BBQ,En pausa,En pausa,https://regalospremium.cl/herramientas-y-asado/,https://regalospremium.cl/herramientas-y-asado/,CURRENT_FORMAT,NO,PRODUCTO,Herramientas y Outdoor,Herramientas,,fallback grupo histórico,MEDIUM,0,0,0.0,1
"""set parrillero profesional""",Concordancia de frase,Asado BBQ,En pausa,En pausa,https://regalospremium.cl/herramientas-y-asado/,https://regalospremium.cl/herramientas-y-asado/,CURRENT_FORMAT,NO,PRODUCTO,Herramientas y Outdoor,Herramientas,,fallback grupo histórico,MEDIUM,0,0,0.0,1
"""set parrillero wayuu""",Concordancia de frase,Asado BBQ,En pausa,En pausa,https://regalospremium.cl/herramientas-y-asado/,https://regalospremium.cl/herramientas-y-asado/,CURRENT_FORMAT,NO,PRODUCTO,Herramientas y Outdoor,Herramientas,,fallback grupo histórico,MEDIUM,0,0,0.0,1
"""set parrilleros""",Concordancia de frase,Asado BBQ,En pausa,En pausa,https://regalospremium.cl/herramientas-y-asado/,https://regalospremium.cl/herramientas-y-asado/,CURRENT_FORMAT,NO,PRODUCTO,Herramientas y Outdoor,Herramientas,,fallback grupo histórico,MEDIUM,0,0,0.0,1
"""tabla carne""",Concordancia de frase,Asado BBQ,En pausa,En pausa,https://regalospremium.cl/herramientas-y-asado/,https://regalospremium.cl/herramientas-y-asado/,CURRENT_FORMAT,NO,PRODUCTO,Herramientas y Outdoor,Herramientas,,fallback grupo histórico,MEDIUM,0,0,0.0,1
"""tabla de carne""",Concordancia de frase,Asado BBQ,En pausa,En pausa,https://regalospremium.cl/herramientas-y-asado/,https://regalospremium.cl/herramientas-y-asado/,CURRENT_FORMAT,NO,PRODUCTO,Herramientas y Outdoor,Herramientas,,fallback grupo histórico,MEDIUM,0,0,0.0,1
"""tabla de carnes""",Concordancia de frase,Asado BBQ,En pausa,En pausa,https://regalospremium.cl/herramientas-y-asado/,https://regalospremium.cl/herramientas-y-asado/,CURRENT_FORMAT,NO,PRODUCTO,Herramientas y Outdoor,Herramientas,,fallback grupo histórico,MEDIUM,0,0,0.0,1
"""tabla de cortar carne""",Concordancia de frase,Asado BBQ,En pausa,En pausa,https://regalospremium.cl/herramientas-y-asado/,https://regalospremium.cl/herramientas-y-asado/,CURRENT_FORMAT,NO,PRODUCTO,Herramientas y Outdoor,Herramientas,,fallback grupo histórico,MEDIUM,0,0,0.0,1
"""tabla de picar carne""",Concordancia de frase,Asado BBQ,En pausa,En pausa,https://regalospremium.cl/herramientas-y-asado/,https://regalospremium.cl/herramientas-y-asado/,CURRENT_FORMAT,NO,PRODUCTO,Herramientas y Outdoor,Herramientas,,fallback grupo histórico,MEDIUM,0,0,0.0,1
"""tabla para asado""",Concordancia de frase,Asado BBQ,En pausa,En pausa,https://regalospremium.cl/herramientas-y-asado/,https://regalospremium.cl/herramientas-y-asado/,CURRENT_FORMAT,NO,PRODUCTO,Herramientas y Outdoor,Herramientas,,keyword→objeto,HIGH,0,0,0.0,1
"""tabla para carne asada""",Concordancia de frase,Asado BBQ,En pausa,En pausa,https://regalospremium.cl/herramientas-y-asado/,https://regalospremium.cl/herramientas-y-asado/,CURRENT_FORMAT,NO,PRODUCTO,Herramientas y Outdoor,Herramientas,,fallback grupo histórico,MEDIUM,0,0,0.0,1
"""tabla para cortar carne""",Concordancia de frase,Asado BBQ,En pausa,En pausa,https://regalospremium.cl/herramientas-y-asado/,https://regalospremium.cl/herramientas-y-asado/,CURRENT_FORMAT,NO,PRODUCTO,Herramientas y Outdoor,Herramientas,,fallback grupo histórico,MEDIUM,0,0,0.0,1
"""tabla para picar carne""",Concordancia de frase,Asado BBQ,En pausa,En pausa,https://regalospremium.cl/herramientas-y-asado/,https://regalospremium.cl/herramientas-y-asado/,CURRENT_FORMAT,NO,PRODUCTO,Herramientas y Outdoor,Herramientas,,fallback grupo histórico,MEDIUM,0,0,0.0,1
"""tablas de carne""",Concordancia de frase,Asado BBQ,En pausa,En pausa,https://regalospremium.cl/herramientas-y-asado/,https://regalospremium.cl/herramientas-y-asado/,CURRENT_FORMAT,NO,PRODUCTO,Herramientas y Outdoor,Herramientas,,fallback grupo histórico,MEDIUM,0,0,0.0,1
"""tablas de madera para carne""",Concordancia de frase,Asado BBQ,En pausa,En pausa,https://regalospremium.cl/herramientas-y-asado/,https://regalospremium.cl/herramientas-y-asado/,CURRENT_FORMAT,NO,PRODUCTO,Herramientas y Outdoor,Herramientas,,fallback grupo histórico,MEDIUM,0,0,0.0,1
"""tablas de madera para carne asada""",Concordancia de frase,Asado BBQ,En pausa,En pausa,https://regalospremium.cl/herramientas-y-asado/,https://regalospremium.cl/herramientas-y-asado/,CURRENT_FORMAT,NO,PRODUCTO,Herramientas y Outdoor,Herramientas,,fallback grupo histórico,MEDIUM,0,0,0.0,1
"""tablas de madera para cortar carne""",Concordancia de frase,Asado BBQ,En pausa,En pausa,https://regalospremium.cl/herramientas-y-asado/,https://regalospremium.cl/herramientas-y-asado/,CURRENT_FORMAT,NO,PRODUCTO,Herramientas y Outdoor,Herramientas,,fallback grupo histórico,MEDIUM,0,0,0.0,1
"""tablas para carne""",Concordancia de frase,Asado BBQ,En pausa,En pausa,https://regalospremium.cl/herramientas-y-asado/,https://regalospremium.cl/herramientas-y-asado/,CURRENT_FORMAT,NO,PRODUCTO,Herramientas y Outdoor,Herramientas,,fallback grupo histórico,MEDIUM,0,0,0.0,1
"""tablas para carne asada""",Concordancia de frase,Asado BBQ,En pausa,En pausa,https://regalospremium.cl/herramientas-y-asado/,https://regalospremium.cl/herramientas-y-asado/,CURRENT_FORMAT,NO,PRODUCTO,Herramientas y Outdoor,Herramientas,,fallback grupo histórico,MEDIUM,0,0,0.0,1
"""tablas para cortes de carne""",Concordancia de frase,Asado BBQ,En pausa,En pausa,https://regalospremium.cl/herramientas-y-asado/,https://regalospremium.cl/herramientas-y-asado/,CURRENT_FORMAT,NO,PRODUCTO,Herramientas y Outdoor,Herramientas,,fallback grupo histórico,MEDIUM,0,0,0.0,1
"""todo asado""",Concordancia de frase,Asado BBQ,En pausa,En pausa,https://regalospremium.cl/herramientas-y-asado/,https://regalospremium.cl/herramientas-y-asado/,CURRENT_FORMAT,NO,PRODUCTO,Herramientas y Outdoor,Herramientas,,keyword→objeto,HIGH,0,0,0.0,1
"""utensilios asados""",Concordancia de frase,Asado BBQ,En pausa,En pausa,https://regalospremium.cl/herramientas-y-asado/,https://regalospremium.cl/herramientas-y-asado/,CURRENT_FORMAT,NO,PRODUCTO,Herramientas y Outdoor,Herramientas,,fallback grupo histórico,MEDIUM,0,0,0.0,1
"""utensilios para asado""",Concordancia de frase,Asado BBQ,En pausa,En pausa,https://regalospremium.cl/herramientas-y-asado/,https://regalospremium.cl/herramientas-y-asado/,CURRENT_FORMAT,NO,PRODUCTO,Herramientas y Outdoor,Herramientas,,keyword→objeto,HIGH,0,0,0.0,1
"""utensilios para asador""",Concordancia de frase,Asado BBQ,En pausa,En pausa,https://regalospremium.cl/herramientas-y-asado/,https://regalospremium.cl/herramientas-y-asado/,CURRENT_FORMAT,NO,PRODUCTO,Herramientas y Outdoor,Herramientas,,fallback grupo histórico,MEDIUM,0,0,0.0,1
"""utensilios para asados""",Concordancia de frase,Asado BBQ,En pausa,En pausa,https://regalospremium.cl/herramientas-y-asado/,https://regalospremium.cl/herramientas-y-asado/,CURRENT_FORMAT,NO,PRODUCTO,Herramientas y Outdoor,Herramientas,,fallback grupo histórico,MEDIUM,0,0,0.0,1
"""utensilios para asar carne""",Concordancia de frase,Asado BBQ,En pausa,En pausa,https://regalospremium.cl/herramientas-y-asado/,https://regalospremium.cl/herramientas-y-asado/,CURRENT_FORMAT,NO,PRODUCTO,Herramientas y Outdoor,Herramientas,,fallback grupo histórico,MEDIUM,0,0,0.0,1
"""utensilios para carne asada""",Concordancia de frase,Asado BBQ,En pausa,En pausa,https://regalospremium.cl/herramientas-y-asado/,https://regalospremium.cl/herramientas-y-asado/,CURRENT_FORMAT,NO,PRODUCTO,Herramientas y Outdoor,Herramientas,,fallback grupo histórico,MEDIUM,0,0,0.0,1
"""utensilios para parrilleros""",Concordancia de frase,Asado BBQ,En pausa,En pausa,https://regalospremium.cl/herramientas-y-asado/,https://regalospremium.cl/herramientas-y-asado/,CURRENT_FORMAT,NO,PRODUCTO,Herramientas y Outdoor,Herramientas,,fallback grupo histórico,MEDIUM,0,0,0.0,1
"""ventas de set de parrilla""",Concordancia de frase,Asado BBQ,En pausa,En pausa,https://regalospremium.cl/herramientas-y-asado/,https://regalospremium.cl/herramientas-y-asado/,CURRENT_FORMAT,NO,PRODUCTO,Herramientas y Outdoor,Herramientas,,fallback grupo histórico,MEDIUM,0,0,0.0,1
asado bbq,Concordancia amplia,Asado y BBq #2,Habilitado,No apto,,,EMPTY,NO,PRODUCTO,Herramientas y Outdoor,Herramientas,,keyword→objeto,HIGH,0,0,0.0,1
delantal asador,Concordancia amplia,Asado y BBq - delantales,Habilitado,No apto,,,EMPTY,NO,PRODUCTO,Textil,Delantales,,keyword→objeto,HIGH,0,0,0.0,1
delantal de cocina,Concordancia amplia,Asado y BBq - delantales,Habilitado,No apto,,,EMPTY,NO,PRODUCTO,Textil,Delantales,,keyword→objeto,HIGH,0,0,0.0,1
delantal de cocina personalizado,Concordancia amplia,Asado y BBq - delantales,Habilitado,No apto,,,EMPTY,NO,PRODUCTO,Textil,Delantales,,keyword→objeto,HIGH,0,0,0.0,1
delantal parrillero personalizado,Concordancia amplia,Asado y BBq - delantales,Habilitado,No apto,,,EMPTY,NO,PRODUCTO,Textil,Delantales,,keyword→objeto,HIGH,0,0,0.0,1
delantal parrrillero,Concordancia amplia,Asado y BBq - delantales,Habilitado,No apto,,,EMPTY,NO,PRODUCTO,Textil,Delantales,,keyword→objeto,HIGH,0,0,0.0,1
delantales de cocina,Concordancia amplia,Asado y BBq - delantales,Habilitado,No apto,,,EMPTY,NO,PRODUCTO,Textil,Delantales,,keyword→objeto,HIGH,0,0,0.0,1
delantales parrilleros,Concordancia amplia,Asado y BBq - delantales,Habilitado,No apto,,,EMPTY,NO,PRODUCTO,Textil,Delantales,,keyword→objeto,HIGH,0,0,0.0,1
accesorios para asados,Concordancia amplia,Asado y BBq - para,Habilitado,No apto,http://regalospremium.cl/index.php?option=com_virtuemart&view=category&virtuemart_category_id=27,https://regalospremium.cl/index.php?option=com_virtuemart&view=category&virtuemart_category_id=27,LEGACY_VIRTUEMART,NO,PRODUCTO,Herramientas y Outdoor,Herramientas,,fallback grupo histórico,MEDIUM,0,0,0.0,1
accesorios para asados chile,Concordancia amplia,Asado y BBq - para,Habilitado,No apto,http://regalospremium.cl/index.php?option=com_virtuemart&view=category&virtuemart_category_id=27,https://regalospremium.cl/index.php?option=com_virtuemart&view=category&virtuemart_category_id=27,LEGACY_VIRTUEMART,NO,PRODUCTO,Herramientas y Outdoor,Herramientas,,fallback grupo histórico,MEDIUM,0,0,0.0,1
bbq parrillas para balcon,Concordancia amplia,Asado y BBq - para,Habilitado,No apto,http://regalospremium.cl/index.php?option=com_virtuemart&view=category&virtuemart_category_id=27,https://regalospremium.cl/index.php?option=com_virtuemart&view=category&virtuemart_category_id=27,LEGACY_VIRTUEMART,NO,PRODUCTO,Herramientas y Outdoor,Herramientas,,keyword→objeto,HIGH,0,0,0.0,1
delantal para asado y accesorios,Concordancia amplia,Asado y BBq - para,Habilitado,No apto,,,EMPTY,NO,PRODUCTO,Herramientas y Outdoor,Herramientas,,keyword→objeto,HIGH,0,0,0.0,1
delantal para asador,Concordancia amplia,Asado y BBq - para,Habilitado,No apto,,,EMPTY,NO,PRODUCTO,Textil,Delantales,,keyword→objeto,HIGH,0,0,0.0,1
delantal para parrilleros,Concordancia amplia,Asado y BBq - para,Habilitado,No apto,http://regalospremium.cl/index.php?option=com_virtuemart&view=category&virtuemart_category_id=27,https://regalospremium.cl/index.php?option=com_virtuemart&view=category&virtuemart_category_id=27,LEGACY_VIRTUEMART,NO,PRODUCTO,Textil,Delantales,,keyword→objeto,HIGH,0,0,0.0,1
delantales para asados,Concordancia amplia,Asado y BBq - para,Habilitado,No apto,,,EMPTY,NO,PRODUCTO,Textil,Delantales,,keyword→objeto,HIGH,0,0,0.0,1
delantales para parrilleros,Concordancia amplia,Asado y BBq - para,Habilitado,No apto,,,EMPTY,NO,PRODUCTO,Textil,Delantales,,keyword→objeto,HIGH,0,0,0.0,1
donde encontrar set para asados,Concordancia amplia,Asado y BBq - para,Habilitado,No apto,http://regalospremium.cl/index.php?option=com_virtuemart&view=category&virtuemart_category_id=27,https://regalospremium.cl/index.php?option=com_virtuemart&view=category&virtuemart_category_id=27,LEGACY_VIRTUEMART,NO,PRODUCTO,Herramientas y Outdoor,Herramientas,,fallback grupo histórico,MEDIUM,0,0,0.0,1
kit para asador,Concordancia amplia,Asado y BBq - para,Habilitado,No apto,,,EMPTY,NO,PRODUCTO,Herramientas y Outdoor,Herramientas,,fallback grupo histórico,MEDIUM,0,0,0.0,1
set de utensilios para parrilla,Concordancia amplia,Asado y BBq - para,Habilitado,No apto,,,EMPTY,NO,PRODUCTO,Herramientas y Outdoor,Herramientas,,fallback grupo histórico,MEDIUM,0,0,0.0,1
set para asado,Concordancia amplia,Asado y BBq - para,Habilitado,No apto,,,EMPTY,NO,PRODUCTO,Herramientas y Outdoor,Herramientas,,keyword→objeto,HIGH,0,0,0.0,1
set para asados,Concordancia amplia,Asado y BBq - para,Habilitado,No apto,,,EMPTY,NO,PRODUCTO,Herramientas y Outdoor,Herramientas,,fallback grupo histórico,MEDIUM,0,0,0.0,1
set para parrilla,Concordancia amplia,Asado y BBq - para,Habilitado,No apto,,,EMPTY,NO,PRODUCTO,Herramientas y Outdoor,Herramientas,,fallback grupo histórico,MEDIUM,0,0,0.0,1
tablas para carne,Concordancia amplia,Asado y BBq - para,Habilitado,No apto,,,EMPTY,NO,PRODUCTO,Herramientas y Outdoor,Herramientas,,fallback grupo histórico,MEDIUM,0,0,0.0,1
utensilios para asador,Concordancia amplia,Asado y BBq - para,Habilitado,No apto,,,EMPTY,NO,PRODUCTO,Herramientas y Outdoor,Herramientas,,fallback grupo histórico,MEDIUM,0,0,0.0,1
set de asado,Concordancia amplia,Asado y BBq - set,Habilitado,No apto,,,EMPTY,NO,PRODUCTO,Herramientas y Outdoor,Herramientas,,keyword→objeto,HIGH,0,0,0.0,1
set de asado por mayor,Concordancia amplia,Asado y BBq - set,Habilitado,No apto,,,EMPTY,NO,PRODUCTO,Herramientas y Outdoor,Herramientas,,keyword→objeto,HIGH,0,0,0.0,1
set de parrilla,Concordancia amplia,Asado y BBq - set,Habilitado,No apto,,,EMPTY,NO,PRODUCTO,Herramientas y Outdoor,Herramientas,,fallback grupo histórico,MEDIUM,0,0,0.0,1
set de parrillero,Concordancia amplia,Asado y BBq - set,Habilitado,No apto,,,EMPTY,NO,PRODUCTO,Herramientas y Outdoor,Herramientas,,fallback grupo histórico,MEDIUM,0,0,0.0,1
set parrilla,Concordancia amplia,Asado y BBq - set,Habilitado,No apto,,,EMPTY,NO,PRODUCTO,Herramientas y Outdoor,Herramientas,,fallback grupo histórico,MEDIUM,0,0,0.0,1
set parrillero,Concordancia amplia,Asado y BBq - set,Habilitado,No apto,,,EMPTY,NO,PRODUCTO,Herramientas y Outdoor,Herramientas,,fallback grupo histórico,MEDIUM,0,0,0.0,1
"""Abrebotellas Bamboo""",Concordancia de frase,Bamboo,En pausa,En pausa,,,EMPTY,NO,PRODUCTO,Hogar y Bebidas,Botellas,,keyword→objeto,HIGH,0,0,0.0,1
"""agenda bamboo""",Concordancia de frase,Bamboo,En pausa,En pausa,https://regalospremium.cl/cuadernos-libretas-memo-set-publicitarios/,https://regalospremium.cl/cuadernos-libretas-memo-set-publicitarios/,CURRENT_FORMAT,NO,PRODUCTO,Oficina y Escritura,Libretas y Cuadernos,,keyword→objeto,HIGH,0,0,0.0,1
"""agenda ecologica""",Concordancia de frase,Bamboo,En pausa,En pausa,https://regalospremium.cl/cuadernos-libretas-memo-set-publicitarios/,https://regalospremium.cl/cuadernos-libretas-memo-set-publicitarios/,CURRENT_FORMAT,NO,PRODUCTO,Oficina y Escritura,Libretas y Cuadernos,,keyword→objeto,HIGH,0,0,0.0,1
"""Agenda premium""",Concordancia de frase,Bamboo,En pausa,En pausa,,,EMPTY,NO,PRODUCTO,Oficina y Escritura,Libretas y Cuadernos,,keyword→objeto,HIGH,0,0,0.0,1
"""Agenda sostenible""",Concordancia de frase,Bamboo,En pausa,En pausa,,,EMPTY,NO,PRODUCTO,Oficina y Escritura,Libretas y Cuadernos,,keyword→objeto,HIGH,0,0,0.0,1
"""agendas ecologicas""",Concordancia de frase,Bamboo,En pausa,En pausa,https://regalospremium.cl/cuadernos-libretas-memo-set-publicitarios/,https://regalospremium.cl/cuadernos-libretas-memo-set-publicitarios/,CURRENT_FORMAT,NO,PRODUCTO,Oficina y Escritura,Libretas y Cuadernos,,keyword→objeto,HIGH,0,0,0.0,1
"""agendas ecologicas al por mayor""",Concordancia de frase,Bamboo,En pausa,En pausa,https://regalospremium.cl/regalos-ecologicos-premium/,https://regalospremium.cl/regalos-ecologicos-premium/,CURRENT_FORMAT,NO,PRODUCTO,Oficina y Escritura,Libretas y Cuadernos,,keyword→objeto,HIGH,0,0,0.0,1
"""agendas ecologicas personalizadas""",Concordancia de frase,Bamboo,En pausa,En pausa,https://regalospremium.cl/cuadernos-libretas-memo-set-publicitarios/,https://regalospremium.cl/cuadernos-libretas-memo-set-publicitarios/,CURRENT_FORMAT,NO,PRODUCTO,Oficina y Escritura,Libretas y Cuadernos,,keyword→objeto,HIGH,0,0,0.0,1
"""agendas recicladas""",Concordancia de frase,Bamboo,En pausa,En pausa,https://regalospremium.cl/cuadernos-libretas-memo-set-publicitarios/,https://regalospremium.cl/cuadernos-libretas-memo-set-publicitarios/,CURRENT_FORMAT,NO,PRODUCTO,Oficina y Escritura,Libretas y Cuadernos,,keyword→objeto,HIGH,0,0,0.0,1
"""Alarma sostenible""",Concordancia de frase,Bamboo,En pausa,En pausa,,,EMPTY,NO,USO_CAMPAÑA,,,Bamboo,fallback grupo histórico,MEDIUM,0,0,0.0,1
"""Altavoz inalámbrico""",Concordancia de frase,Bamboo,En pausa,En pausa,,,EMPTY,NO,PRODUCTO,Tecnología,Parlantes,,keyword→objeto,HIGH,0,0,0.0,1
"""Altavoz portátil""",Concordancia de frase,Bamboo,En pausa,En pausa,,,EMPTY,NO,PRODUCTO,Tecnología,Parlantes,,keyword→objeto,HIGH,0,0,0.0,1
"""Altavoz USB Bamboo""",Concordancia de frase,Bamboo,En pausa,En pausa,,,EMPTY,NO,PRODUCTO,Tecnología,Parlantes,,keyword→objeto,HIGH,0,0,0.0,1
"""Artículos corporativos de bambú""",Concordancia de frase,Bamboo,En pausa,En pausa,,,EMPTY,NO,USO_CAMPAÑA,,,Bamboo,fallback grupo histórico,MEDIUM,0,0,0.0,1
"""Artículos promocionales de bambú""",Concordancia de frase,Bamboo,En pausa,En pausa,,,EMPTY,NO,USO_CAMPAÑA,,,Bamboo,fallback grupo histórico,MEDIUM,0,0,0.0,1
"""Artículos promocionales de bambú personalizados con logotipo""",Concordancia de frase,Bamboo,En pausa,En pausa,,,EMPTY,NO,USO_CAMPAÑA,,,Bamboo,fallback grupo histórico,MEDIUM,0,0,0.0,1
"""articulos promocionales ecologicos""",Concordancia de frase,Bamboo,En pausa,En pausa,https://regalospremium.cl/bamboo/,https://regalospremium.cl/bamboo/,CURRENT_FORMAT,NO,USO_CAMPAÑA,,,Bamboo,fallback grupo histórico,MEDIUM,0,0,0.0,1
"""Artículos promocionales respetuosos con el medio ambiente""",Concordancia de frase,Bamboo,En pausa,En pausa,,,EMPTY,NO,USO_CAMPAÑA,,,Bamboo,fallback grupo histórico,MEDIUM,0,0,0.0,1
"""articulos publicitarios ecologicos""",Concordancia de frase,Bamboo,En pausa,En pausa,https://regalospremium.cl/publicitarios-bamboo/,https://regalospremium.cl/publicitarios-bamboo/,CURRENT_FORMAT,NO,USO_CAMPAÑA,,,Bamboo,fallback grupo histórico,MEDIUM,0,0,0.0,1
"""bamboo agenda""",Concordancia de frase,Bamboo,En pausa,En pausa,https://regalospremium.cl/cuadernos-libretas-memo-set-publicitarios/,https://regalospremium.cl/cuadernos-libretas-memo-set-publicitarios/,CURRENT_FORMAT,NO,PRODUCTO,Oficina y Escritura,Libretas y Cuadernos,,keyword→objeto,HIGH,0,0,0.0,1
"""bamboo publictario""",Concordancia de frase,Bamboo,En pausa,En pausa,https://regalospremium.cl/regalos-ecologicos-premium/,https://regalospremium.cl/regalos-ecologicos-premium/,CURRENT_FORMAT,NO,USO_CAMPAÑA,,,Bamboo,fallback grupo histórico,MEDIUM,0,0,0.0,1
"""Bloc de notas Bamboo""",Concordancia de frase,Bamboo,En pausa,En pausa,,,EMPTY,NO,USO_CAMPAÑA,,,Bamboo,fallback grupo histórico,MEDIUM,0,0,0.0,1
"""Bloc de notas ecológico""",Concordancia de frase,Bamboo,En pausa,En pausa,,,EMPTY,NO,USO_CAMPAÑA,,,Bamboo,fallback grupo histórico,MEDIUM,0,0,0.0,1
"""Bocina ecológica USB""",Concordancia de frase,Bamboo,En pausa,En pausa,,,EMPTY,NO,USO_CAMPAÑA,,,Bamboo,fallback grupo histórico,MEDIUM,0,0,0.0,1
"""Bocina inalámbrica""",Concordancia de frase,Bamboo,En pausa,En pausa,,,EMPTY,NO,USO_CAMPAÑA,,,Bamboo,fallback grupo histórico,MEDIUM,0,0,0.0,1
"""Bocina por inducción""",Concordancia de frase,Bamboo,En pausa,En pausa,,,EMPTY,NO,USO_CAMPAÑA,,,Bamboo,fallback grupo histórico,MEDIUM,0,0,0.0,1
"""Bocina sostenible""",Concordancia de frase,Bamboo,En pausa,En pausa,,,EMPTY,NO,USO_CAMPAÑA,,,Bamboo,fallback grupo histórico,MEDIUM,0,0,0.0,1
"""bolígrafo bamboo""",Concordancia de frase,Bamboo,En pausa,En pausa,https://regalospremium.cl/lapices-ecologicos/,https://regalospremium.cl/lapices-ecologicos/,CURRENT_FORMAT,NO,PRODUCTO,Oficina y Escritura,Lápices y Bolígrafos,,keyword→objeto,HIGH,0,0,0.0,1
"""Bolígrafo Bamboo Enviro""",Concordancia de frase,Bamboo,En pausa,En pausa,,,EMPTY,NO,PRODUCTO,Oficina y Escritura,Lápices y Bolígrafos,,keyword→objeto,HIGH,0,0,0.0,1
"""Bolígrafo Bamboo Metal""",Concordancia de frase,Bamboo,En pausa,En pausa,,,EMPTY,NO,PRODUCTO,Oficina y Escritura,Lápices y Bolígrafos,,keyword→objeto,HIGH,0,0,0.0,1
"""Bolígrafo Bamboo Sustenta""",Concordancia de frase,Bamboo,En pausa,En pausa,,,EMPTY,NO,PRODUCTO,Oficina y Escritura,Lápices y Bolígrafos,,keyword→objeto,HIGH,0,0,0.0,1
"""Bolígrafo biodegradable""",Concordancia de frase,Bamboo,En pausa,En pausa,,,EMPTY,NO,PRODUCTO,Oficina y Escritura,Lápices y Bolígrafos,,keyword→objeto,HIGH,0,0,0.0,1
"""Bolígrafo con punta metálica""",Concordancia de frase,Bamboo,En pausa,En pausa,,,EMPTY,NO,PRODUCTO,Oficina y Escritura,Lápices y Bolígrafos,,keyword→objeto,HIGH,0,0,0.0,1
"""Bolígrafo de Bamboo""",Concordancia de frase,Bamboo,En pausa,En pausa,,,EMPTY,NO,PRODUCTO,Oficina y Escritura,Lápices y Bolígrafos,,keyword→objeto,HIGH,0,0,0.0,1
"""Bolígrafo de lujo""",Concordancia de frase,Bamboo,En pausa,En pausa,,,EMPTY,NO,PRODUCTO,Oficina y Escritura,Lápices y Bolígrafos,,keyword→objeto,HIGH,0,0,0.0,1
"""Bolígrafo de lujo Bamboo""",Concordancia de frase,Bamboo,En pausa,En pausa,,,EMPTY,NO,PRODUCTO,Oficina y Escritura,Lápices y Bolígrafos,,keyword→objeto,HIGH,0,0,0.0,1
"""Bolígrafo ecológico""",Concordancia de frase,Bamboo,En pausa,En pausa,,,EMPTY,NO,PRODUCTO,Oficina y Escritura,Lápices y Bolígrafos,,keyword→objeto,HIGH,0,0,0.0,1
"""boligrafo ecologico""",Concordancia de frase,Bamboo,En pausa,En pausa,https://regalospremium.cl/lapices-ecologicos/,https://regalospremium.cl/lapices-ecologicos/,CURRENT_FORMAT,NO,PRODUCTO,Oficina y Escritura,Lápices y Bolígrafos,,keyword→objeto,HIGH,0,0,0.0,1
"""Bolígrafo ecológico Bamboo""",Concordancia de frase,Bamboo,En pausa,En pausa,,,EMPTY,NO,PRODUCTO,Oficina y Escritura,Lápices y Bolígrafos,,keyword→objeto,HIGH,0,0,0.0,1
"""Bolígrafo ecológico de Bamboo WIND""",Concordancia de frase,Bamboo,En pausa,En pausa,,,EMPTY,NO,PRODUCTO,Oficina y Escritura,Lápices y Bolígrafos,,keyword→objeto,HIGH,0,0,0.0,1
"""Bolígrafo Ejecutivo Bamboo""",Concordancia de frase,Bamboo,En pausa,En pausa,,,EMPTY,NO,PRODUCTO,Oficina y Escritura,Lápices y Bolígrafos,,keyword→objeto,HIGH,0,0,0.0,1
"""Bolígrafo premium de Bamboo""",Concordancia de frase,Bamboo,En pausa,En pausa,,,EMPTY,NO,PRODUCTO,Oficina y Escritura,Lápices y Bolígrafos,,keyword→objeto,HIGH,0,0,0.0,1
"""Bolígrafo premium sostenible""",Concordancia de frase,Bamboo,En pausa,En pausa,,,EMPTY,NO,PRODUCTO,Oficina y Escritura,Lápices y Bolígrafos,,keyword→objeto,HIGH,0,0,0.0,1
"""Bolígrafo reciclable""",Concordancia de frase,Bamboo,En pausa,En pausa,,,EMPTY,NO,PRODUCTO,Oficina y Escritura,Lápices y Bolígrafos,,keyword→objeto,HIGH,0,0,0.0,1
"""Bolígrafo Roller de Bamboo""",Concordancia de frase,Bamboo,En pausa,En pausa,,,EMPTY,NO,PRODUCTO,Oficina y Escritura,Lápices y Bolígrafos,,keyword→objeto,HIGH,0,0,0.0,1
"""Bolígrafo roller ecológico""",Concordancia de frase,Bamboo,En pausa,En pausa,,,EMPTY,NO,PRODUCTO,Oficina y Escritura,Lápices y Bolígrafos,,keyword→objeto,HIGH,0,0,0.0,1
"""Bowl ecológico""",Concordancia de frase,Bamboo,En pausa,En pausa,,,EMPTY,NO,USO_CAMPAÑA,,,Bamboo,fallback grupo histórico,MEDIUM,0,0,0.0,1
"""Cable multiuso""",Concordancia de frase,Bamboo,En pausa,En pausa,,,EMPTY,NO,PRODUCTO,Tecnología,Cables y Adaptadores,,keyword→objeto,HIGH,0,0,0.0,1
"""Caja de vino ecológica""",Concordancia de frase,Bamboo,En pausa,En pausa,,,EMPTY,NO,PRODUCTO,Hogar y Bebidas,Accesorios de Vino,,keyword→objeto,HIGH,0,0,0.0,1
"""Caja para bolígrafos""",Concordancia de frase,Bamboo,En pausa,En pausa,,,EMPTY,NO,PRODUCTO,Oficina y Escritura,Lápices y Bolígrafos,,keyword→objeto,HIGH,0,0,0.0,1
"""Calculadora con panel solar""",Concordancia de frase,Bamboo,En pausa,En pausa,,,EMPTY,NO,USO_CAMPAÑA,,,Bamboo,fallback grupo histórico,MEDIUM,0,0,0.0,1
"""Calculadora ecológica""",Concordancia de frase,Bamboo,En pausa,En pausa,,,EMPTY,NO,USO_CAMPAÑA,,,Bamboo,fallback grupo histórico,MEDIUM,0,0,0.0,1
"""Calculadora Solar Bamboo""",Concordancia de frase,Bamboo,En pausa,En pausa,,,EMPTY,NO,USO_CAMPAÑA,,,Bamboo,fallback grupo histórico,MEDIUM,0,0,0.0,1
"""Calculadora Solar de Bamboo""",Concordancia de frase,Bamboo,En pausa,En pausa,,,EMPTY,NO,USO_CAMPAÑA,,,Bamboo,fallback grupo histórico,MEDIUM,0,0,0.0,1
"""Calculadora sostenible""",Concordancia de frase,Bamboo,En pausa,En pausa,,,EMPTY,NO,USO_CAMPAÑA,,,Bamboo,fallback grupo histórico,MEDIUM,0,0,0.0,1
"""Cargador 4 en 1 Bamboo""",Concordancia de frase,Bamboo,En pausa,En pausa,,,EMPTY,NO,PRODUCTO,Tecnología,Cargadores,,keyword→objeto,HIGH,0,0,0.0,1
"""carpetas ecologicas""",Concordancia de frase,Bamboo,En pausa,En pausa,https://regalospremium.cl/cuadernos-libretas-memo-set-publicitarios/,https://regalospremium.cl/cuadernos-libretas-memo-set-publicitarios/,CURRENT_FORMAT,NO,PRODUCTO,Oficina y Escritura,Carpetas y Portafolios,,keyword→objeto,HIGH,0,0,0.0,1
"""Catálogo de regalos publicitarios de bambú""",Concordancia de frase,Bamboo,En pausa,En pausa,,,EMPTY,NO,USO_CAMPAÑA,,,Bamboo,fallback grupo histórico,MEDIUM,0,0,0.0,1
"""Clip de notas""",Concordancia de frase,Bamboo,En pausa,En pausa,,,EMPTY,NO,USO_CAMPAÑA,,,Bamboo,fallback grupo histórico,MEDIUM,0,0,0.0,1
"""Comprar regalos de bambú personalizados""",Concordancia de frase,Bamboo,En pausa,En pausa,,,EMPTY,NO,USO_CAMPAÑA,,,Bamboo,fallback grupo histórico,MEDIUM,0,0,0.0,1
"""Conjunto de escritura ecológica""",Concordancia de frase,Bamboo,En pausa,En pausa,,,EMPTY,NO,USO_CAMPAÑA,,,Bamboo,fallback grupo histórico,MEDIUM,0,0,0.0,1
"""Connect Multicargador Retráctil 4 en 1 de ABS/Bamboo""",Concordancia de frase,Bamboo,En pausa,En pausa,,,EMPTY,NO,PRODUCTO,Tecnología,Cargadores,,keyword→objeto,HIGH,0,0,0.0,1
"""Cuaderno de Bamboo""",Concordancia de frase,Bamboo,En pausa,En pausa,,,EMPTY,NO,PRODUCTO,Oficina y Escritura,Libretas y Cuadernos,,keyword→objeto,HIGH,0,0,0.0,1
"""Cuaderno Deluxe Bamboo""",Concordancia de frase,Bamboo,En pausa,En pausa,,,EMPTY,NO,PRODUCTO,Oficina y Escritura,Libretas y Cuadernos,,keyword→objeto,HIGH,0,0,0.0,1
"""Cuaderno ecológico""",Concordancia de frase,Bamboo,En pausa,En pausa,,,EMPTY,NO,PRODUCTO,Oficina y Escritura,Libretas y Cuadernos,,keyword→objeto,HIGH,0,0,0.0,1
"""cuadernos ecologicos""",Concordancia de frase,Bamboo,En pausa,En pausa,https://regalospremium.cl/cuadernos-libretas-memo-set-publicitarios/,https://regalospremium.cl/cuadernos-libretas-memo-set-publicitarios/,CURRENT_FORMAT,NO,PRODUCTO,Oficina y Escritura,Libretas y Cuadernos,,keyword→objeto,HIGH,0,0,0.0,1
"""cuadernos ecologicos por mayor""",Concordancia de frase,Bamboo,En pausa,En pausa,https://regalospremium.cl/cuadernos-libretas-memo-set-publicitarios/,https://regalospremium.cl/cuadernos-libretas-memo-set-publicitarios/,CURRENT_FORMAT,NO,PRODUCTO,Oficina y Escritura,Libretas y Cuadernos,,keyword→objeto,HIGH,0,0,0.0,1
"""Deluxe Bolígrafo Bamboo/Metal""",Concordancia de frase,Bamboo,En pausa,En pausa,,,EMPTY,NO,PRODUCTO,Oficina y Escritura,Lápices y Bolígrafos,,keyword→objeto,HIGH,0,0,0.0,1
"""Deluxe Cuaderno de Bamboo""",Concordancia de frase,Bamboo,En pausa,En pausa,,,EMPTY,NO,PRODUCTO,Oficina y Escritura,Libretas y Cuadernos,,keyword→objeto,HIGH,0,0,0.0,1
"""Deluxe Roller Pen Bamboo""",Concordancia de frase,Bamboo,En pausa,En pausa,,,EMPTY,NO,USO_CAMPAÑA,,,Bamboo,fallback grupo histórico,MEDIUM,0,0,0.0,1
"""Despertador de Bamboo""",Concordancia de frase,Bamboo,En pausa,En pausa,,,EMPTY,NO,USO_CAMPAÑA,,,Bamboo,fallback grupo histórico,MEDIUM,0,0,0.0,1
"""Detalles promocionales de bambú personalizados""",Concordancia de frase,Bamboo,En pausa,En pausa,,,EMPTY,NO,USO_CAMPAÑA,,,Bamboo,fallback grupo histórico,MEDIUM,0,0,0.0,1
"""Dónde comprar regalos publicitarios de bambú personalizados""",Concordancia de frase,Bamboo,En pausa,En pausa,,,EMPTY,NO,USO_CAMPAÑA,,,Bamboo,fallback grupo histórico,MEDIUM,0,0,0.0,1
"""eco regalos personalizados""",Concordancia de frase,Bamboo,En pausa,En pausa,,,EMPTY,NO,USO_CAMPAÑA,,,Bamboo,fallback grupo histórico,MEDIUM,0,0,0.0,1
"""Empresa de regalos publicitarios sostenibles""",Concordancia de frase,Bamboo,En pausa,En pausa,,,EMPTY,NO,USO_CAMPAÑA,,,Bamboo,fallback grupo histórico,MEDIUM,0,0,0.0,1
"""Espejo de bolsillo""",Concordancia de frase,Bamboo,En pausa,En pausa,,,EMPTY,NO,USO_CAMPAÑA,,,Bamboo,fallback grupo histórico,MEDIUM,0,0,0.0,1
"""Espejo ecológico""",Concordancia de frase,Bamboo,En pausa,En pausa,,,EMPTY,NO,USO_CAMPAÑA,,,Bamboo,fallback grupo histórico,MEDIUM,0,0,0.0,1
"""Espejo portátil""",Concordancia de frase,Bamboo,En pausa,En pausa,,,EMPTY,NO,USO_CAMPAÑA,,,Bamboo,fallback grupo histórico,MEDIUM,0,0,0.0,1
"""Espejo Redondo Bamboo""",Concordancia de frase,Bamboo,En pausa,En pausa,,,EMPTY,NO,USO_CAMPAÑA,,,Bamboo,fallback grupo histórico,MEDIUM,0,0,0.0,1
"""Espejo redondo de Bamboo y Eco-Cuero""",Concordancia de frase,Bamboo,En pausa,En pausa,,,EMPTY,NO,USO_CAMPAÑA,,,Bamboo,fallback grupo histórico,MEDIUM,0,0,0.0,1
"""Estuche ecológico""",Concordancia de frase,Bamboo,En pausa,En pausa,,,EMPTY,NO,USO_CAMPAÑA,,,Bamboo,fallback grupo histórico,MEDIUM,0,0,0.0,1
"""Estuche Porta-Lápiz Bamboo""",Concordancia de frase,Bamboo,En pausa,En pausa,,,EMPTY,NO,PRODUCTO,Oficina y Escritura,Lápices y Bolígrafos,,keyword→objeto,HIGH,0,0,0.0,1
"""Estuche Porta-Lápiz de Bamboo""",Concordancia de frase,Bamboo,En pausa,En pausa,,,EMPTY,NO,PRODUCTO,Oficina y Escritura,Lápices y Bolígrafos,,keyword→objeto,HIGH,0,0,0.0,1
"""Estuche tarjetas sostenible""",Concordancia de frase,Bamboo,En pausa,En pausa,,,EMPTY,NO,USO_CAMPAÑA,,,Bamboo,fallback grupo histórico,MEDIUM,0,0,0.0,1
"""Expositor de tarjetas""",Concordancia de frase,Bamboo,En pausa,En pausa,,,EMPTY,NO,USO_CAMPAÑA,,,Bamboo,fallback grupo histórico,MEDIUM,0,0,0.0,1
"""Flash Drive de Bamboo""",Concordancia de frase,Bamboo,En pausa,En pausa,,,EMPTY,NO,USO_CAMPAÑA,,,Bamboo,fallback grupo histórico,MEDIUM,0,0,0.0,1
"""Hub carga ecológico""",Concordancia de frase,Bamboo,En pausa,En pausa,,,EMPTY,NO,PRODUCTO,Tecnología,Cables y Adaptadores,,keyword→objeto,HIGH,0,0,0.0,1
"""Jarra de Bamboo""",Concordancia de frase,Bamboo,En pausa,En pausa,,,EMPTY,NO,USO_CAMPAÑA,,,Bamboo,fallback grupo histórico,MEDIUM,0,0,0.0,1
"""Keyboard sostenible""",Concordancia de frase,Bamboo,En pausa,En pausa,,,EMPTY,NO,USO_CAMPAÑA,,,Bamboo,fallback grupo histórico,MEDIUM,0,0,0.0,1
"""Kit de bolígrafos Bamboo""",Concordancia de frase,Bamboo,En pausa,En pausa,,,EMPTY,NO,PRODUCTO,Oficina y Escritura,Lápices y Bolígrafos,,keyword→objeto,HIGH,0,0,0.0,1
"""Kit de escritura Bamboo""",Concordancia de frase,Bamboo,En pausa,En pausa,,,EMPTY,NO,USO_CAMPAÑA,,,Bamboo,fallback grupo histórico,MEDIUM,0,0,0.0,2
"""Kit herramientas vino""",Concordancia de frase,Bamboo,En pausa,En pausa,,,EMPTY,NO,PRODUCTO,Hogar y Bebidas,Accesorios de Vino,,keyword→objeto,HIGH,0,0,0.0,1
"""Kit sommelier""",Concordancia de frase,Bamboo,En pausa,En pausa,,,EMPTY,NO,USO_CAMPAÑA,,,Bamboo,fallback grupo histórico,MEDIUM,0,0,0.0,1
"""lapices ecologicos por mayor""",Concordancia de frase,Bamboo,En pausa,En pausa,https://regalospremium.cl/lapices-ecologicos/,https://regalospremium.cl/lapices-ecologicos/,CURRENT_FORMAT,NO,PRODUCTO,Oficina y Escritura,Lápices y Bolígrafos,,keyword→objeto,HIGH,0,0,0.0,1
"""lapices publicitarios ecologicos""",Concordancia de frase,Bamboo,En pausa,En pausa,https://regalospremium.cl/lapices-ecologicos/,https://regalospremium.cl/lapices-ecologicos/,CURRENT_FORMAT,NO,PRODUCTO,Oficina y Escritura,Lápices y Bolígrafos,,keyword→objeto,HIGH,0,0,0.0,1
"""lapices sustentables""",Concordancia de frase,Bamboo,En pausa,En pausa,https://regalospremium.cl/lapices-ecologicos/,https://regalospremium.cl/lapices-ecologicos/,CURRENT_FORMAT,NO,PRODUCTO,Oficina y Escritura,Lápices y Bolígrafos,,keyword→objeto,HIGH,0,0,0.0,1
"""Lapiz Bamboo""",Concordancia de frase,Bamboo,En pausa,En pausa,https://regalospremium.cl/lapices-ecologicos/,https://regalospremium.cl/lapices-ecologicos/,CURRENT_FORMAT,NO,PRODUCTO,Oficina y Escritura,Lápices y Bolígrafos,,keyword→objeto,HIGH,0,0,0.0,1
"""lapiz bamboo ipad""",Concordancia de frase,Bamboo,En pausa,En pausa,https://regalospremium.cl/lapices-ecologicos/,https://regalospremium.cl/lapices-ecologicos/,CURRENT_FORMAT,NO,PRODUCTO,Oficina y Escritura,Lápices y Bolígrafos,,keyword→objeto,HIGH,0,0,0.0,1
"""lapiz bamboo para ipad""",Concordancia de frase,Bamboo,En pausa,En pausa,https://regalospremium.cl/lapices-ecologicos/,https://regalospremium.cl/lapices-ecologicos/,CURRENT_FORMAT,NO,PRODUCTO,Oficina y Escritura,Lápices y Bolígrafos,,keyword→objeto,HIGH,0,0,0.0,1
"""Lápiz Bamboo Tungsteno""",Concordancia de frase,Bamboo,En pausa,En pausa,,,EMPTY,NO,PRODUCTO,Oficina y Escritura,Lápices y Bolígrafos,,keyword→objeto,HIGH,0,0,0.0,1
"""Lápiz de Bamboo""",Concordancia de frase,Bamboo,En pausa,En pausa,,,EMPTY,NO,PRODUCTO,Oficina y Escritura,Lápices y Bolígrafos,,keyword→objeto,HIGH,0,0,0.0,1
"""Lápiz de Bamboo con punta Tungsteno.""",Concordancia de frase,Bamboo,En pausa,En pausa,,,EMPTY,NO,PRODUCTO,Oficina y Escritura,Lápices y Bolígrafos,,keyword→objeto,HIGH,0,0,0.0,1
"""lapiz de bambu""",Concordancia de frase,Bamboo,En pausa,En pausa,https://regalospremium.cl/lapices-ecologicos/,https://regalospremium.cl/lapices-ecologicos/,CURRENT_FORMAT,NO,PRODUCTO,Oficina y Escritura,Lápices y Bolígrafos,,keyword→objeto,HIGH,0,0,0.0,1
"""Lápiz ecológico""",Concordancia de frase,Bamboo,En pausa,En pausa,,,EMPTY,NO,PRODUCTO,Oficina y Escritura,Lápices y Bolígrafos,,keyword→objeto,HIGH,0,0,0.0,1
"""lapiz ecologico""",Concordancia de frase,Bamboo,En pausa,En pausa,https://regalospremium.cl/lapices-ecologicos/,https://regalospremium.cl/lapices-ecologicos/,CURRENT_FORMAT,NO,PRODUCTO,Oficina y Escritura,Lápices y Bolígrafos,,keyword→objeto,HIGH,0,0,0.0,1
"""lapiz para tablet bamboo""",Concordancia de frase,Bamboo,En pausa,En pausa,https://regalospremium.cl/lapices-ecologicos/,https://regalospremium.cl/lapices-ecologicos/,CURRENT_FORMAT,NO,PRODUCTO,Oficina y Escritura,Lápices y Bolígrafos,,keyword→objeto,HIGH,0,0,0.0,1
"""Lápiz sostenible""",Concordancia de frase,Bamboo,En pausa,En pausa,,,EMPTY,NO,PRODUCTO,Oficina y Escritura,Lápices y Bolígrafos,,keyword→objeto,HIGH,0,0,0.0,1
"""lapiz tablet bamboo""",Concordancia de frase,Bamboo,En pausa,En pausa,https://regalospremium.cl/lapices-ecologicos/,https://regalospremium.cl/lapices-ecologicos/,CURRENT_FORMAT,NO,PRODUCTO,Oficina y Escritura,Lápices y Bolígrafos,,keyword→objeto,HIGH,0,0,0.0,1
"""lapiz tactil bamboo""",Concordancia de frase,Bamboo,En pausa,En pausa,https://regalospremium.cl/lapices-ecologicos/,https://regalospremium.cl/lapices-ecologicos/,CURRENT_FORMAT,NO,PRODUCTO,Oficina y Escritura,Lápices y Bolígrafos,,keyword→objeto,HIGH,0,0,0.0,1
"""Libreta Bamboo""",Concordancia de frase,Bamboo,En pausa,En pausa,https://regalospremium.cl/regalos-ecologicos-premium/,https://regalospremium.cl/regalos-ecologicos-premium/,CURRENT_FORMAT,NO,PRODUCTO,Oficina y Escritura,Libretas y Cuadernos,,keyword→objeto,HIGH,0,0,0.0,1
"""Libreta de Bamboo""",Concordancia de frase,Bamboo,En pausa,En pausa,,,EMPTY,NO,PRODUCTO,Oficina y Escritura,Libretas y Cuadernos,,keyword→objeto,HIGH,0,0,0.0,1
"""Libreta ecológica""",Concordancia de frase,Bamboo,En pausa,En pausa,,,EMPTY,NO,PRODUCTO,Oficina y Escritura,Libretas y Cuadernos,,keyword→objeto,HIGH,0,0,0.0,1
"""libreta ecologica""",Concordancia de frase,Bamboo,En pausa,En pausa,https://regalospremium.cl/bamboo/,https://regalospremium.cl/bamboo/,CURRENT_FORMAT,NO,PRODUCTO,Oficina y Escritura,Libretas y Cuadernos,,keyword→objeto,HIGH,0,0,0.0,1
"""libreta ecologica con boligrafo""",Concordancia de frase,Bamboo,En pausa,En pausa,https://regalospremium.cl/cuadernos-libretas-memo-set-publicitarios/,https://regalospremium.cl/cuadernos-libretas-memo-set-publicitarios/,CURRENT_FORMAT,NO,PRODUCTO,Oficina y Escritura,Libretas y Cuadernos,,keyword→objeto,HIGH,0,0,0.0,1
"""Libreta sostenible""",Concordancia de frase,Bamboo,En pausa,En pausa,,,EMPTY,NO,PRODUCTO,Oficina y Escritura,Libretas y Cuadernos,,keyword→objeto,HIGH,0,0,0.0,1
"""libretas biodegradables""",Concordancia de frase,Bamboo,En pausa,En pausa,https://regalospremium.cl/cuadernos-libretas-memo-set-publicitarios/,https://regalospremium.cl/cuadernos-libretas-memo-set-publicitarios/,CURRENT_FORMAT,NO,PRODUCTO,Oficina y Escritura,Libretas y Cuadernos,,keyword→objeto,HIGH,0,0,0.0,1
"""libretas ecologicas""",Concordancia de frase,Bamboo,En pausa,En pausa,https://regalospremium.cl/cuadernos-libretas-memo-set-publicitarios/,https://regalospremium.cl/cuadernos-libretas-memo-set-publicitarios/,CURRENT_FORMAT,NO,PRODUCTO,Oficina y Escritura,Libretas y Cuadernos,,keyword→objeto,HIGH,0,0,0.0,1
"""libretas ecológicas""",Concordancia de frase,Bamboo,En pausa,En pausa,https://regalospremium.cl/cuadernos-libretas-memo-set-publicitarios/,https://regalospremium.cl/cuadernos-libretas-memo-set-publicitarios/,CURRENT_FORMAT,NO,PRODUCTO,Oficina y Escritura,Libretas y Cuadernos,,keyword→objeto,HIGH,0,0,0.0,1
"""libretas ecologicas mayoreo""",Concordancia de frase,Bamboo,En pausa,En pausa,https://regalospremium.cl/cuadernos-libretas-memo-set-publicitarios/,https://regalospremium.cl/cuadernos-libretas-memo-set-publicitarios/,CURRENT_FORMAT,NO,PRODUCTO,Oficina y Escritura,Libretas y Cuadernos,,keyword→objeto,HIGH,0,0,0.0,1
"""libretas ecologicas personalizadas""",Concordancia de frase,Bamboo,En pausa,En pausa,https://regalospremium.cl/cuadernos-libretas-memo-set-publicitarios/,https://regalospremium.cl/cuadernos-libretas-memo-set-publicitarios/,CURRENT_FORMAT,NO,PRODUCTO,Oficina y Escritura,Libretas y Cuadernos,,keyword→objeto,HIGH,0,0,0.0,1
"""libretas ecológicas personalizadas""",Concordancia de frase,Bamboo,En pausa,En pausa,https://regalospremium.cl/cuadernos-libretas-memo-set-publicitarios/,https://regalospremium.cl/cuadernos-libretas-memo-set-publicitarios/,CURRENT_FORMAT,NO,PRODUCTO,Oficina y Escritura,Libretas y Cuadernos,,keyword→objeto,HIGH,0,0,0.0,1
"""libretas ecologicas por mayor""",Concordancia de frase,Bamboo,En pausa,En pausa,https://regalospremium.cl/cuadernos-libretas-memo-set-publicitarios/,https://regalospremium.cl/cuadernos-libretas-memo-set-publicitarios/,CURRENT_FORMAT,NO,PRODUCTO,Oficina y Escritura,Libretas y Cuadernos,,keyword→objeto,HIGH,0,0,0.0,1
"""libretas ecologicas promocionales""",Concordancia de frase,Bamboo,En pausa,En pausa,https://regalospremium.cl/cuadernos-libretas-memo-set-publicitarios/,https://regalospremium.cl/cuadernos-libretas-memo-set-publicitarios/,CURRENT_FORMAT,NO,PRODUCTO,Oficina y Escritura,Libretas y Cuadernos,,keyword→objeto,HIGH,0,0,0.0,1
"""libretas ecologicas scribe""",Concordancia de frase,Bamboo,En pausa,En pausa,https://regalospremium.cl/cuadernos-libretas-memo-set-publicitarios/,https://regalospremium.cl/cuadernos-libretas-memo-set-publicitarios/,CURRENT_FORMAT,NO,PRODUCTO,Oficina y Escritura,Libretas y Cuadernos,,keyword→objeto,HIGH,0,0,0.0,1
"""llavero bambo""",Concordancia de frase,Bamboo,En pausa,En pausa,https://regalospremium.cl/regalos-ecologicos-premium/,https://regalospremium.cl/regalos-ecologicos-premium/,CURRENT_FORMAT,NO,PRODUCTO,Promocionales,Llaveros,,keyword→objeto,HIGH,0,0,0.0,1
"""Llavero circular""",Concordancia de frase,Bamboo,En pausa,En pausa,,,EMPTY,NO,PRODUCTO,Promocionales,Llaveros,,keyword→objeto,HIGH,0,0,0.0,1
"""Llavero con luz LED""",Concordancia de frase,Bamboo,En pausa,En pausa,,,EMPTY,NO,PRODUCTO,Promocionales,Llaveros,,keyword→objeto,HIGH,0,0,0.0,1
"""Llavero Cuadrado de Madera""",Concordancia de frase,Bamboo,En pausa,En pausa,,,EMPTY,NO,PRODUCTO,Promocionales,Llaveros,,keyword→objeto,HIGH,0,0,0.0,1
"""Llavero Cuadrado Madera""",Concordancia de frase,Bamboo,En pausa,En pausa,,,EMPTY,NO,PRODUCTO,Promocionales,Llaveros,,keyword→objeto,HIGH,0,0,0.0,1
"""Llavero ecológico""",Concordancia de frase,Bamboo,En pausa,En pausa,,,EMPTY,NO,PRODUCTO,Promocionales,Llaveros,,keyword→objeto,HIGH,0,0,0.0,1
"""Llavero ecológico alargado""",Concordancia de frase,Bamboo,En pausa,En pausa,,,EMPTY,NO,PRODUCTO,Promocionales,Llaveros,,keyword→objeto,HIGH,0,0,0.0,1
"""Llavero ecológico cuadrado""",Concordancia de frase,Bamboo,En pausa,En pausa,,,EMPTY,NO,PRODUCTO,Promocionales,Llaveros,,keyword→objeto,HIGH,0,0,0.0,1
"""Llavero madera cuadrado""",Concordancia de frase,Bamboo,En pausa,En pausa,,,EMPTY,NO,PRODUCTO,Promocionales,Llaveros,,keyword→objeto,HIGH,0,0,0.0,1
"""Llavero madera rectangular""",Concordancia de frase,Bamboo,En pausa,En pausa,,,EMPTY,NO,PRODUCTO,Promocionales,Llaveros,,keyword→objeto,HIGH,0,0,0.0,1
"""Llavero Rectangular de Madera""",Concordancia de frase,Bamboo,En pausa,En pausa,,,EMPTY,NO,PRODUCTO,Promocionales,Llaveros,,keyword→objeto,HIGH,0,0,0.0,1
"""Llavero Rectangular Madera""",Concordancia de frase,Bamboo,En pausa,En pausa,,,EMPTY,NO,PRODUCTO,Promocionales,Llaveros,,keyword→objeto,HIGH,0,0,0.0,1
"""Llavero Redondo de Madera""",Concordancia de frase,Bamboo,En pausa,En pausa,,,EMPTY,NO,PRODUCTO,Promocionales,Llaveros,,keyword→objeto,HIGH,0,0,0.0,1
"""Llavero Redondo Madera""",Concordancia de frase,Bamboo,En pausa,En pausa,,,EMPTY,NO,PRODUCTO,Promocionales,Llaveros,,keyword→objeto,HIGH,0,0,0.0,1
"""Llavero sostenible""",Concordancia de frase,Bamboo,En pausa,En pausa,,,EMPTY,NO,PRODUCTO,Promocionales,Llaveros,,keyword→objeto,HIGH,0,0,0.0,1
"""Llavero sostenible madera""",Concordancia de frase,Bamboo,En pausa,En pausa,,,EMPTY,NO,PRODUCTO,Promocionales,Llaveros,,keyword→objeto,HIGH,0,0,0.0,1
"""Llavero-Linterna LED Bamboo""",Concordancia de frase,Bamboo,En pausa,En pausa,,,EMPTY,NO,PRODUCTO,Tecnología,Linternas,,keyword→objeto,HIGH,0,0,0.0,1
"""Llavero-Linterna LED cuerpo Bamboo""",Concordancia de frase,Bamboo,En pausa,En pausa,,,EMPTY,NO,PRODUCTO,Tecnología,Linternas,,keyword→objeto,HIGH,0,0,0.0,1
"""Memo Clip Bamboo""",Concordancia de frase,Bamboo,En pausa,En pausa,,,EMPTY,NO,USO_CAMPAÑA,,,Bamboo,fallback grupo histórico,MEDIUM,0,0,0.0,1
"""Memo Set de Bamboo""",Concordancia de frase,Bamboo,En pausa,En pausa,,,EMPTY,NO,PRODUCTO,Oficina y Escritura,Libretas y Cuadernos,,keyword→objeto,HIGH,0,0,0.0,1
"""Memoria USB de Bamboo""",Concordancia de frase,Bamboo,En pausa,En pausa,,,EMPTY,NO,PRODUCTO,Tecnología,Pendrives,,keyword→objeto,HIGH,0,0,0.0,1
"""Merchandising de bambú""",Concordancia de frase,Bamboo,En pausa,En pausa,,,EMPTY,NO,USO_CAMPAÑA,,,Bamboo,fallback grupo histórico,MEDIUM,0,0,0.0,1
"""merchandising ecologico""",Concordancia de frase,Bamboo,En pausa,En pausa,https://regalospremium.cl/cuadernos-libretas-memo-set-publicitarios/,https://regalospremium.cl/cuadernos-libretas-memo-set-publicitarios/,CURRENT_FORMAT,NO,USO_CAMPAÑA,,,Bamboo,fallback grupo histórico,MEDIUM,0,0,0.0,1
"""mini libretas por mayor""",Concordancia de frase,Bamboo,En pausa,En pausa,https://regalospremium.cl/cuadernos-libretas-memo-set-publicitarios/,https://regalospremium.cl/cuadernos-libretas-memo-set-publicitarios/,CURRENT_FORMAT,NO,PRODUCTO,Oficina y Escritura,Libretas y Cuadernos,,keyword→objeto,HIGH,0,0,0.0,1
"""Mini linterna Bamboo""",Concordancia de frase,Bamboo,En pausa,En pausa,,,EMPTY,NO,PRODUCTO,Tecnología,Linternas,,keyword→objeto,HIGH,0,0,0.0,1
"""Mug bamboo""",Concordancia de frase,Bamboo,En pausa,En pausa,https://regalospremium.cl/bamboohttps://regalospremium.cl/publicitarios-bamboo/,https://regalospremium.cl/bamboohttps://regalospremium.cl/publicitarios-bamboo/,CURRENT_FORMAT,NO,PRODUCTO,Hogar y Bebidas,Mugs y Tazas,,keyword→objeto,HIGH,0,0,0.0,1
"""Mug Bamboo Asa Plástica""",Concordancia de frase,Bamboo,En pausa,En pausa,,,EMPTY,NO,PRODUCTO,Hogar y Bebidas,Mugs y Tazas,,keyword→objeto,HIGH,0,0,0.0,1
"""Mug de Bamboo""",Concordancia de frase,Bamboo,En pausa,En pausa,,,EMPTY,NO,PRODUCTO,Hogar y Bebidas,Mugs y Tazas,,keyword→objeto,HIGH,0,0,0.0,1
"""Mug de Bamboo 450cc""",Concordancia de frase,Bamboo,En pausa,En pausa,,,EMPTY,NO,PRODUCTO,Hogar y Bebidas,Mugs y Tazas,,keyword→objeto,HIGH,0,0,0.0,1
"""Mug de Bamboo con Asa Plástica 400cc""",Concordancia de frase,Bamboo,En pausa,En pausa,,,EMPTY,NO,PRODUCTO,Hogar y Bebidas,Mugs y Tazas,,keyword→objeto,HIGH,0,0,0.0,1
"""Mug Metálico Bamboo""",Concordancia de frase,Bamboo,En pausa,En pausa,,,EMPTY,NO,PRODUCTO,Hogar y Bebidas,Mugs y Tazas,,keyword→objeto,HIGH,0,0,0.0,1
"""Mug metálico sostenible""",Concordancia de frase,Bamboo,En pausa,En pausa,,,EMPTY,NO,PRODUCTO,Hogar y Bebidas,Mugs y Tazas,,keyword→objeto,HIGH,0,0,0.0,1
"""Mug metálico/bamboo AURUS 500cc""",Concordancia de frase,Bamboo,En pausa,En pausa,,,EMPTY,NO,PRODUCTO,Hogar y Bebidas,Mugs y Tazas,,keyword→objeto,HIGH,0,0,0.0,1
"""Mug térmico""",Concordancia de frase,Bamboo,En pausa,En pausa,,,EMPTY,NO,PRODUCTO,Hogar y Bebidas,Mugs y Tazas,,keyword→objeto,HIGH,0,0,0.0,1
"""Mug térmico con mango""",Concordancia de frase,Bamboo,En pausa,En pausa,,,EMPTY,NO,PRODUCTO,Hogar y Bebidas,Mugs y Tazas,,keyword→objeto,HIGH,0,0,0.0,1
"""Multicargador Bamboo""",Concordancia de frase,Bamboo,En pausa,En pausa,,,EMPTY,NO,PRODUCTO,Tecnología,Cargadores,,keyword→objeto,HIGH,0,0,0.0,1
"""Multiherramienta Vino Bamboo""",Concordancia de frase,Bamboo,En pausa,En pausa,,,EMPTY,NO,PRODUCTO,Hogar y Bebidas,Accesorios de Vino,,keyword→objeto,HIGH,0,0,0.0,1
"""Multiherramienta Vino de Bamboo""",Concordancia de frase,Bamboo,En pausa,En pausa,,,EMPTY,NO,PRODUCTO,Hogar y Bebidas,Accesorios de Vino,,keyword→objeto,HIGH,0,0,0.0,1
"""Organizador de lápices""",Concordancia de frase,Bamboo,En pausa,En pausa,,,EMPTY,NO,PRODUCTO,Oficina y Escritura,Lápices y Bolígrafos,,keyword→objeto,HIGH,0,0,0.0,1
"""Organizador de tarjetas""",Concordancia de frase,Bamboo,En pausa,En pausa,,,EMPTY,NO,USO_CAMPAÑA,,,Bamboo,fallback grupo histórico,MEDIUM,0,0,0.0,1
"""Organizador tarjetas""",Concordancia de frase,Bamboo,En pausa,En pausa,,,EMPTY,NO,USO_CAMPAÑA,,,Bamboo,fallback grupo histórico,MEDIUM,0,0,0.0,1
"""Pack accesorios vino""",Concordancia de frase,Bamboo,En pausa,En pausa,,,EMPTY,NO,PRODUCTO,Hogar y Bebidas,Accesorios de Vino,,keyword→objeto,HIGH,0,0,0.0,1
"""Pack de bolígrafo sostenible""",Concordancia de frase,Bamboo,En pausa,En pausa,,,EMPTY,NO,PRODUCTO,Oficina y Escritura,Lápices y Bolígrafos,,keyword→objeto,HIGH,0,0,0.0,1
"""Pack de lápices Bamboo""",Concordancia de frase,Bamboo,En pausa,En pausa,,,EMPTY,NO,PRODUCTO,Oficina y Escritura,Lápices y Bolígrafos,,keyword→objeto,HIGH,0,0,0.0,1
"""Parlante Altavoz Bamboo""",Concordancia de frase,Bamboo,En pausa,En pausa,,,EMPTY,NO,PRODUCTO,Tecnología,Parlantes,,keyword→objeto,HIGH,0,0,0.0,1
"""Parlante Altavoz Bluetooth de Bamboo FLOW""",Concordancia de frase,Bamboo,En pausa,En pausa,,,EMPTY,NO,PRODUCTO,Tecnología,Parlantes,,keyword→objeto,HIGH,0,0,0.0,1
"""Parlante Altavoz Bluetooth de Bamboo WAVE""",Concordancia de frase,Bamboo,En pausa,En pausa,,,EMPTY,NO,PRODUCTO,Tecnología,Parlantes,,keyword→objeto,HIGH,0,0,0.0,1
"""Parlante Altavoz de Bamboo y tela RPET TRUE""",Concordancia de frase,Bamboo,En pausa,En pausa,,,EMPTY,NO,PRODUCTO,Tecnología,Parlantes,,keyword→objeto,HIGH,0,0,0.0,1
"""Parlante Bluetooth Bamboo""",Concordancia de frase,Bamboo,En pausa,En pausa,,,EMPTY,NO,PRODUCTO,Tecnología,Parlantes,,keyword→objeto,HIGH,0,0,0.0,1
"""Parlante ecológico""",Concordancia de frase,Bamboo,En pausa,En pausa,,,EMPTY,NO,PRODUCTO,Tecnología,Parlantes,,keyword→objeto,HIGH,0,0,0.0,1
"""Parlante Inducción Bamboo""",Concordancia de frase,Bamboo,En pausa,En pausa,,,EMPTY,NO,PRODUCTO,Tecnología,Parlantes,,keyword→objeto,HIGH,0,0,0.0,1
"""Parlante Inducción de Bamboo""",Concordancia de frase,Bamboo,En pausa,En pausa,,,EMPTY,NO,PRODUCTO,Tecnología,Parlantes,,keyword→objeto,HIGH,0,0,0.0,1
"""Pendrive ecológico""",Concordancia de frase,Bamboo,En pausa,En pausa,,,EMPTY,NO,PRODUCTO,Tecnología,Pendrives,,keyword→objeto,HIGH,0,0,0.0,1
"""Pluma biodegradable""",Concordancia de frase,Bamboo,En pausa,En pausa,,,EMPTY,NO,PRODUCTO,Oficina y Escritura,Lápices y Bolígrafos,,keyword→objeto,HIGH,0,0,0.0,1
"""Pluma con tungsteno""",Concordancia de frase,Bamboo,En pausa,En pausa,,,EMPTY,NO,PRODUCTO,Oficina y Escritura,Lápices y Bolígrafos,,keyword→objeto,HIGH,0,0,0.0,1
"""Pluma de Bamboo""",Concordancia de frase,Bamboo,En pausa,En pausa,,,EMPTY,NO,PRODUCTO,Oficina y Escritura,Lápices y Bolígrafos,,keyword→objeto,HIGH,0,0,0.0,1
"""Pluma de Bamboo y Metal""",Concordancia de frase,Bamboo,En pausa,En pausa,,,EMPTY,NO,PRODUCTO,Oficina y Escritura,Lápices y Bolígrafos,,keyword→objeto,HIGH,0,0,0.0,1
"""Pluma ejecutiva ecológica""",Concordancia de frase,Bamboo,En pausa,En pausa,,,EMPTY,NO,PRODUCTO,Oficina y Escritura,Lápices y Bolígrafos,,keyword→objeto,HIGH,0,0,0.0,1
"""Pluma elegante de Bamboo""",Concordancia de frase,Bamboo,En pausa,En pausa,,,EMPTY,NO,PRODUCTO,Oficina y Escritura,Lápices y Bolígrafos,,keyword→objeto,HIGH,0,0,0.0,1
"""Pluma roller Bamboo""",Concordancia de frase,Bamboo,En pausa,En pausa,,,EMPTY,NO,PRODUCTO,Oficina y Escritura,Lápices y Bolígrafos,,keyword→objeto,HIGH,0,0,0.0,1
"""Pluma sostenible Bamboo""",Concordancia de frase,Bamboo,En pausa,En pausa,,,EMPTY,NO,PRODUCTO,Oficina y Escritura,Lápices y Bolígrafos,,keyword→objeto,HIGH,0,0,0.0,1
"""Porta tarjetas Bamboo""",Concordancia de frase,Bamboo,En pausa,En pausa,,,EMPTY,NO,USO_CAMPAÑA,,,Bamboo,fallback grupo histórico,MEDIUM,0,0,0.0,1
"""Porta tarjetas escritorio""",Concordancia de frase,Bamboo,En pausa,En pausa,,,EMPTY,NO,USO_CAMPAÑA,,,Bamboo,fallback grupo histórico,MEDIUM,0,0,0.0,1
"""portatarjetas bamboo""",Concordancia de frase,Bamboo,En pausa,En pausa,https://regalospremium.cl/regalos-ecologicos-premium/,https://regalospremium.cl/regalos-ecologicos-premium/,CURRENT_FORMAT,NO,USO_CAMPAÑA,,,Bamboo,fallback grupo histórico,MEDIUM,0,0,0.0,1
"""posavasos bambú""",Concordancia de frase,Bamboo,En pausa,En pausa,,,EMPTY,NO,USO_CAMPAÑA,,,Bamboo,fallback grupo histórico,MEDIUM,0,0,0.0,1
"""Precio de regalos de bambú publicitarios""",Concordancia de frase,Bamboo,En pausa,En pausa,,,EMPTY,NO,USO_CAMPAÑA,,,Bamboo,fallback grupo histórico,MEDIUM,0,0,0.0,1
"""Productos ecológicos personalizados de bambú""",Concordancia de frase,Bamboo,En pausa,En pausa,,,EMPTY,NO,USO_CAMPAÑA,,,Bamboo,fallback grupo histórico,MEDIUM,0,0,0.0,1
"""Productos ecológicos promocionales""",Concordancia de frase,Bamboo,En pausa,En pausa,,,EMPTY,NO,USO_CAMPAÑA,,,Bamboo,fallback grupo histórico,MEDIUM,0,0,0.0,1
"""Productos personalizados de bambú""",Concordancia de frase,Bamboo,En pausa,En pausa,,,EMPTY,NO,USO_CAMPAÑA,,,Bamboo,fallback grupo histórico,MEDIUM,0,0,0.0,1
"""productos promocionales ecologicos""",Concordancia de frase,Bamboo,En pausa,En pausa,https://regalospremium.cl/regalos-ecologicos-premium/,https://regalospremium.cl/regalos-ecologicos-premium/,CURRENT_FORMAT,NO,USO_CAMPAÑA,,,Bamboo,fallback grupo histórico,MEDIUM,0,0,0.0,1
"""Proveedor de regalos ecológicos de bambú""",Concordancia de frase,Bamboo,En pausa,En pausa,,,EMPTY,NO,USO_CAMPAÑA,,,Bamboo,fallback grupo histórico,MEDIUM,0,0,0.0,1
"""Proveedores de regalos de bambú personalizados para empresas""",Concordancia de frase,Bamboo,En pausa,En pausa,,,EMPTY,NO,USO_CAMPAÑA,,,Bamboo,fallback grupo histórico,MEDIUM,0,0,0.0,1
"""Recipiente de Bamboo""",Concordancia de frase,Bamboo,En pausa,En pausa,,,EMPTY,NO,USO_CAMPAÑA,,,Bamboo,fallback grupo histórico,MEDIUM,0,0,0.0,1
"""regalo ecologico""",Concordancia de frase,Bamboo,En pausa,En pausa,https://regalospremium.cl/regalos-ecologicos-premium/,https://regalospremium.cl/regalos-ecologicos-premium/,CURRENT_FORMAT,NO,USO_CAMPAÑA,,,Bamboo,fallback grupo histórico,MEDIUM,0,0,0.0,1
"""regalos corporativos ecologicos""",Concordancia de frase,Bamboo,En pausa,En pausa,https://regalospremium.cl/cuadernos-libretas-memo-set-publicitarios/,https://regalospremium.cl/cuadernos-libretas-memo-set-publicitarios/,CURRENT_FORMAT,NO,USO_CAMPAÑA,,,Bamboo,fallback grupo histórico,MEDIUM,0,0,0.0,1
"""regalos corporativos sostenibles""",Concordancia de frase,Bamboo,En pausa,En pausa,https://regalospremium.cl/cuadernos-libretas-memo-set-publicitarios/,https://regalospremium.cl/cuadernos-libretas-memo-set-publicitarios/,CURRENT_FORMAT,NO,USO_CAMPAÑA,,,Bamboo,fallback grupo histórico,MEDIUM,0,0,0.0,1
"""regalos de bamboo""",Concordancia de frase,Bamboo,En pausa,En pausa,https://regalospremium.cl/regalos-ecologicos-premium/,https://regalospremium.cl/regalos-ecologicos-premium/,CURRENT_FORMAT,NO,USO_CAMPAÑA,,,Bamboo,fallback grupo histórico,MEDIUM,0,0,0.0,1
"""Regalos de bambú para empresas respetuosos con el medio ambiente""",Concordancia de frase,Bamboo,En pausa,En pausa,,,EMPTY,NO,USO_CAMPAÑA,,,Bamboo,fallback grupo histórico,MEDIUM,0,0,0.0,1
"""Regalos de empresa eco-friendly""",Concordancia de frase,Bamboo,En pausa,En pausa,,,EMPTY,NO,USO_CAMPAÑA,,,Bamboo,fallback grupo histórico,MEDIUM,0,0,0.0,1
"""regalos de empresa ecologicos""",Concordancia de frase,Bamboo,En pausa,En pausa,https://regalospremium.cl/regalos-ecologicos-premium/,https://regalospremium.cl/regalos-ecologicos-premium/,CURRENT_FORMAT,NO,USO_CAMPAÑA,,,Bamboo,fallback grupo histórico,MEDIUM,0,0,0.0,1
"""Regalos de empresa ecológicos de bambú""",Concordancia de frase,Bamboo,En pausa,En pausa,,,EMPTY,NO,USO_CAMPAÑA,,,Bamboo,fallback grupo histórico,MEDIUM,0,0,0.0,1
"""regalos de empresa sostenibles""",Concordancia de frase,Bamboo,En pausa,En pausa,https://regalospremium.cl/regalos-ecologicos-premium/,https://regalospremium.cl/regalos-ecologicos-premium/,CURRENT_FORMAT,NO,USO_CAMPAÑA,,,Bamboo,fallback grupo histórico,MEDIUM,0,0,0.0,1
"""regalos eco""",Concordancia de frase,Bamboo,En pausa,En pausa,https://regalospremium.cl/regalos-ecologicos-premium/,https://regalospremium.cl/regalos-ecologicos-premium/,CURRENT_FORMAT,NO,USO_CAMPAÑA,,,Bamboo,fallback grupo histórico,MEDIUM,0,0,0.0,1
"""regalos eco friendly""",Concordancia de frase,Bamboo,En pausa,En pausa,https://regalospremium.cl/regalos-ecologicos-premium/,https://regalospremium.cl/regalos-ecologicos-premium/,CURRENT_FORMAT,NO,USO_CAMPAÑA,,,Bamboo,fallback grupo histórico,MEDIUM,0,0,0.0,1
"""regalos ecologicos""",Concordancia de frase,Bamboo,En pausa,En pausa,https://regalospremium.cl/regalos-ecologicos-premium/,https://regalospremium.cl/regalos-ecologicos-premium/,CURRENT_FORMAT,NO,USO_CAMPAÑA,,,Bamboo,fallback grupo histórico,MEDIUM,0,0,0.0,1
"""regalos ecológicos baratos""",Concordancia de frase,Bamboo,En pausa,En pausa,https://regalospremium.cl/,https://regalospremium.cl/,CURRENT_FORMAT,NO,USO_CAMPAÑA,,,Bamboo,fallback grupo histórico,MEDIUM,0,0,0.0,1
"""Regalos ecológicos de bambú""",Concordancia de frase,Bamboo,En pausa,En pausa,,,EMPTY,NO,USO_CAMPAÑA,,,Bamboo,fallback grupo histórico,MEDIUM,0,0,0.0,1
"""Regalos ecológicos de bambú para ferias y eventos""",Concordancia de frase,Bamboo,En pausa,En pausa,,,EMPTY,NO,USO_CAMPAÑA,,,Bamboo,fallback grupo histórico,MEDIUM,0,0,0.0,1
"""regalos ecologicos mujer""",Concordancia de frase,Bamboo,En pausa,En pausa,https://regalospremium.cl/publicitarios-belleza-y-salud/,https://regalospremium.cl/publicitarios-belleza-y-salud/,CURRENT_FORMAT,NO,USO_CAMPAÑA,,,Bamboo,fallback grupo histórico,MEDIUM,0,0,0.0,1
"""regalos ecológicos originales""",Concordancia de frase,Bamboo,En pausa,En pausa,https://regalospremium.cl/regalos-ecologicos-premium/,https://regalospremium.cl/regalos-ecologicos-premium/,CURRENT_FORMAT,NO,USO_CAMPAÑA,,,Bamboo,fallback grupo histórico,MEDIUM,0,0,0.0,1
"""regalos ecologicos para mujeres""",Concordancia de frase,Bamboo,En pausa,En pausa,https://regalospremium.cl/publicitarios-belleza-y-salud/,https://regalospremium.cl/publicitarios-belleza-y-salud/,CURRENT_FORMAT,NO,USO_CAMPAÑA,,,Bamboo,fallback grupo histórico,MEDIUM,0,0,0.0,1
"""regalos ecologicos personalizados""",Concordancia de frase,Bamboo,En pausa,En pausa,https://regalospremium.cl/bamboo/,https://regalospremium.cl/bamboo/,CURRENT_FORMAT,NO,USO_CAMPAÑA,,,Bamboo,fallback grupo histórico,MEDIUM,0,0,0.0,1
"""Regalos ecológicos personalizados""",Concordancia de frase,Bamboo,En pausa,En pausa,,,EMPTY,NO,USO_CAMPAÑA,,,Bamboo,fallback grupo histórico,MEDIUM,0,0,0.0,1
"""regalos ecológicos y sostenibles""",Concordancia de frase,Bamboo,En pausa,En pausa,https://regalospremium.cl/regalos-ecologicos-premium/,https://regalospremium.cl/regalos-ecologicos-premium/,CURRENT_FORMAT,NO,USO_CAMPAÑA,,,Bamboo,fallback grupo histórico,MEDIUM,0,0,0.0,1
"""regalos empresa ecologicos""",Concordancia de frase,Bamboo,En pausa,En pausa,https://regalospremium.cl/regalos-ecologicos-premium/,https://regalospremium.cl/regalos-ecologicos-premium/,CURRENT_FORMAT,NO,USO_CAMPAÑA,,,Bamboo,fallback grupo histórico,MEDIUM,0,0,0.0,1
"""regalos empresariales ecologicos""",Concordancia de frase,Bamboo,En pausa,En pausa,https://regalospremium.cl/bamboo/,https://regalospremium.cl/bamboo/,CURRENT_FORMAT,NO,USO_CAMPAÑA,,,Bamboo,fallback grupo histórico,MEDIUM,0,0,0.0,1
"""regalos empresariales ecológicos""",Concordancia de frase,Bamboo,En pausa,En pausa,https://regalospremium.cl/,https://regalospremium.cl/,CURRENT_FORMAT,NO,USO_CAMPAÑA,,,Bamboo,fallback grupo histórico,MEDIUM,0,0,0.0,1
"""Regalos publicitarios de bambú""",Concordancia de frase,Bamboo,En pausa,En pausa,,,EMPTY,NO,USO_CAMPAÑA,,,Bamboo,fallback grupo histórico,MEDIUM,0,0,0.0,1
"""regalos publicitarios ecológicos""",Concordancia de frase,Bamboo,En pausa,En pausa,https://regalospremium.cl,https://regalospremium.cl/,CURRENT_FORMAT,NO,USO_CAMPAÑA,,,Bamboo,fallback grupo histórico,MEDIUM,0,0,0.0,1
"""regalos sostenibles""",Concordancia de frase,Bamboo,En pausa,En pausa,https://regalospremium.cl/regalos-ecologicos-premium/,https://regalospremium.cl/regalos-ecologicos-premium/,CURRENT_FORMAT,NO,USO_CAMPAÑA,,,Bamboo,fallback grupo histórico,MEDIUM,0,0,0.0,1
"""Regalos sostenibles de bambú para empresas""",Concordancia de frase,Bamboo,En pausa,En pausa,,,EMPTY,NO,USO_CAMPAÑA,,,Bamboo,fallback grupo histórico,MEDIUM,0,0,0.0,1
"""regalos sostenibles mujer""",Concordancia de frase,Bamboo,En pausa,En pausa,https://regalospremium.cl/regalos-ecologicos-premium/,https://regalospremium.cl/regalos-ecologicos-premium/,CURRENT_FORMAT,NO,USO_CAMPAÑA,,,Bamboo,fallback grupo histórico,MEDIUM,0,0,0.0,1
"""regalos sostenibles originales""",Concordancia de frase,Bamboo,En pausa,En pausa,https://regalospremium.cl/regalos-ecologicos-premium/,https://regalospremium.cl/regalos-ecologicos-premium/,CURRENT_FORMAT,NO,USO_CAMPAÑA,,,Bamboo,fallback grupo histórico,MEDIUM,0,0,0.0,1
"""Regalos sostenibles para empresas""",Concordancia de frase,Bamboo,En pausa,En pausa,https://regalospremium.cl/cuadernos-libretas-memo-set-publicitarios/,https://regalospremium.cl/cuadernos-libretas-memo-set-publicitarios/,CURRENT_FORMAT,NO,USO_CAMPAÑA,,,Bamboo,fallback grupo histórico,MEDIUM,0,0,0.0,2
"""regalos sustentables""",Concordancia de frase,Bamboo,En pausa,En pausa,https://regalospremium.cl/cuadernos-libretas-memo-set-publicitarios/,https://regalospremium.cl/cuadernos-libretas-memo-set-publicitarios/,CURRENT_FORMAT,NO,USO_CAMPAÑA,,,Bamboo,fallback grupo histórico,MEDIUM,0,0,0.0,1
"""Reloj de mesa ecológico""",Concordancia de frase,Bamboo,En pausa,En pausa,,,EMPTY,NO,PRODUCTO,Tecnología,Relojes,,keyword→objeto,HIGH,0,0,0.0,1
"""Reloj Despertador Bamboo""",Concordancia de frase,Bamboo,En pausa,En pausa,,,EMPTY,NO,PRODUCTO,Tecnología,Relojes,,keyword→objeto,HIGH,0,0,0.0,1
"""Reloj Despertador de Bamboo""",Concordancia de frase,Bamboo,En pausa,En pausa,,,EMPTY,NO,PRODUCTO,Tecnología,Relojes,,keyword→objeto,HIGH,0,0,0.0,1
"""Roller Pen Bamboo""",Concordancia de frase,Bamboo,En pausa,En pausa,,,EMPTY,NO,USO_CAMPAÑA,,,Bamboo,fallback grupo histórico,MEDIUM,0,0,0.0,1
"""Roller Pen Bamboo y Metal""",Concordancia de frase,Bamboo,En pausa,En pausa,,,EMPTY,NO,USO_CAMPAÑA,,,Bamboo,fallback grupo histórico,MEDIUM,0,0,0.0,1
"""Roller Pen Deluxe""",Concordancia de frase,Bamboo,En pausa,En pausa,,,EMPTY,NO,USO_CAMPAÑA,,,Bamboo,fallback grupo histórico,MEDIUM,0,0,0.0,1
"""Rollerball ecológico""",Concordancia de frase,Bamboo,En pausa,En pausa,,,EMPTY,NO,USO_CAMPAÑA,,,Bamboo,fallback grupo histórico,MEDIUM,0,0,0.0,1
"""Rollerball sostenible""",Concordancia de frase,Bamboo,En pausa,En pausa,,,EMPTY,NO,USO_CAMPAÑA,,,Bamboo,fallback grupo histórico,MEDIUM,0,0,0.0,1
"""Sacacorchos ecológico""",Concordancia de frase,Bamboo,En pausa,En pausa,,,EMPTY,NO,PRODUCTO,Hogar y Bebidas,Accesorios de Vino,,keyword→objeto,HIGH,0,0,0.0,1
"""Set Bolígrafo Bamboo""",Concordancia de frase,Bamboo,En pausa,En pausa,,,EMPTY,NO,PRODUCTO,Oficina y Escritura,Lápices y Bolígrafos,,keyword→objeto,HIGH,0,0,0.0,1
"""Set Bolígrafo Estuche de Bamboo""",Concordancia de frase,Bamboo,En pausa,En pausa,,,EMPTY,NO,PRODUCTO,Oficina y Escritura,Lápices y Bolígrafos,,keyword→objeto,HIGH,0,0,0.0,1
"""Set de bolígrafos ecológicos""",Concordancia de frase,Bamboo,En pausa,En pausa,,,EMPTY,NO,PRODUCTO,Oficina y Escritura,Lápices y Bolígrafos,,keyword→objeto,HIGH,0,0,0.0,1
"""Set de Escritura de Bamboo""",Concordancia de frase,Bamboo,En pausa,En pausa,,,EMPTY,NO,USO_CAMPAÑA,,,Bamboo,fallback grupo histórico,MEDIUM,0,0,0.0,1
"""Set de notas adhesivas""",Concordancia de frase,Bamboo,En pausa,En pausa,,,EMPTY,NO,USO_CAMPAÑA,,,Bamboo,fallback grupo histórico,MEDIUM,0,0,0.0,1
"""Set de Vino de Bamboo""",Concordancia de frase,Bamboo,En pausa,En pausa,,,EMPTY,NO,PRODUCTO,Hogar y Bebidas,Accesorios de Vino,,keyword→objeto,HIGH,0,0,0.0,1
"""Set de Vino rectangular de Bamboo""",Concordancia de frase,Bamboo,En pausa,En pausa,,,EMPTY,NO,PRODUCTO,Hogar y Bebidas,Accesorios de Vino,,keyword→objeto,HIGH,0,0,0.0,1
"""Set Escritura Bamboo""",Concordancia de frase,Bamboo,En pausa,En pausa,,,EMPTY,NO,USO_CAMPAÑA,,,Bamboo,fallback grupo histórico,MEDIUM,0,0,0.0,1
"""Set sommelier ecológico""",Concordancia de frase,Bamboo,En pausa,En pausa,,,EMPTY,NO,USO_CAMPAÑA,,,Bamboo,fallback grupo histórico,MEDIUM,0,0,0.0,1
"""Set Vino Bamboo""",Concordancia de frase,Bamboo,En pausa,En pausa,,,EMPTY,NO,PRODUCTO,Hogar y Bebidas,Accesorios de Vino,,keyword→objeto,HIGH,0,0,0.0,1
"""Set Vino Rectangular Bamboo""",Concordancia de frase,Bamboo,En pausa,En pausa,,,EMPTY,NO,PRODUCTO,Hogar y Bebidas,Accesorios de Vino,,keyword→objeto,HIGH,0,0,0.0,1
"""Soporte notas""",Concordancia de frase,Bamboo,En pausa,En pausa,,,EMPTY,NO,USO_CAMPAÑA,,,Bamboo,fallback grupo histórico,MEDIUM,0,0,0.0,1
"""Speaker Bluetooth""",Concordancia de frase,Bamboo,En pausa,En pausa,,,EMPTY,NO,PRODUCTO,Tecnología,Parlantes,,keyword→objeto,HIGH,0,0,0.0,1
"""Speaker ecológico""",Concordancia de frase,Bamboo,En pausa,En pausa,,,EMPTY,NO,PRODUCTO,Tecnología,Parlantes,,keyword→objeto,HIGH,0,0,0.0,1
"""Speaker portátil Bamboo""",Concordancia de frase,Bamboo,En pausa,En pausa,,,EMPTY,NO,PRODUCTO,Tecnología,Parlantes,,keyword→objeto,HIGH,0,0,0.0,1
"""Speaker sin cables""",Concordancia de frase,Bamboo,En pausa,En pausa,,,EMPTY,NO,PRODUCTO,Tecnología,Parlantes,,keyword→objeto,HIGH,0,0,0.0,1
"""Sujetapapeles ecológico""",Concordancia de frase,Bamboo,En pausa,En pausa,,,EMPTY,NO,USO_CAMPAÑA,,,Bamboo,fallback grupo histórico,MEDIUM,0,0,0.0,1
"""Tarjetero de Bamboo""",Concordancia de frase,Bamboo,En pausa,En pausa,,,EMPTY,NO,PRODUCTO,Bolsos y Viaje,Billeteras y Portadocumentos,,keyword→objeto,HIGH,0,0,0.0,1
"""Tarjetero Sobremesa Bamboo""",Concordancia de frase,Bamboo,En pausa,En pausa,,,EMPTY,NO,PRODUCTO,Bolsos y Viaje,Billeteras y Portadocumentos,,keyword→objeto,HIGH,0,0,0.0,1
"""Tarjetero Sobremesa de Bamboo""",Concordancia de frase,Bamboo,En pausa,En pausa,,,EMPTY,NO,PRODUCTO,Bolsos y Viaje,Billeteras y Portadocumentos,,keyword→objeto,HIGH,0,0,0.0,1
"""Tarro cervecero ecológico""",Concordancia de frase,Bamboo,En pausa,En pausa,,,EMPTY,NO,USO_CAMPAÑA,,,Bamboo,fallback grupo histórico,MEDIUM,0,0,0.0,1
"""Taza con asa Bamboo""",Concordancia de frase,Bamboo,En pausa,En pausa,,,EMPTY,NO,PRODUCTO,Hogar y Bebidas,Mugs y Tazas,,keyword→objeto,HIGH,0,0,0.0,1
"""Taza ecológica""",Concordancia de frase,Bamboo,En pausa,En pausa,,,EMPTY,NO,PRODUCTO,Hogar y Bebidas,Mugs y Tazas,,keyword→objeto,HIGH,0,0,0.0,1
"""Taza térmica""",Concordancia de frase,Bamboo,En pausa,En pausa,,,EMPTY,NO,PRODUCTO,Hogar y Bebidas,Mugs y Tazas,,keyword→objeto,HIGH,0,0,0.0,1
"""Taza térmica AURUS""",Concordancia de frase,Bamboo,En pausa,En pausa,,,EMPTY,NO,PRODUCTO,Hogar y Bebidas,Mugs y Tazas,,keyword→objeto,HIGH,0,0,0.0,1
"""Tazón Bamboo""",Concordancia de frase,Bamboo,En pausa,En pausa,https://regalospremium.cl/bamboo/,https://regalospremium.cl/bamboo/,CURRENT_FORMAT,NO,PRODUCTO,Hogar y Bebidas,Mugs y Tazas,,keyword→objeto,HIGH,0,0,0.0,1
"""Tazón Cervecero Bamboo""",Concordancia de frase,Bamboo,En pausa,En pausa,,,EMPTY,NO,PRODUCTO,Hogar y Bebidas,Mugs y Tazas,,keyword→objeto,HIGH,0,0,0.0,1
"""Tazón Cervecero de Bamboo 450cc""",Concordancia de frase,Bamboo,En pausa,En pausa,,,EMPTY,NO,PRODUCTO,Hogar y Bebidas,Mugs y Tazas,,keyword→objeto,HIGH,0,0,0.0,1
"""Tazón de Bamboo""",Concordancia de frase,Bamboo,En pausa,En pausa,,,EMPTY,NO,PRODUCTO,Hogar y Bebidas,Mugs y Tazas,,keyword→objeto,HIGH,0,0,0.0,1
"""Tazón de Bamboo 350cc""",Concordancia de frase,Bamboo,En pausa,En pausa,,,EMPTY,NO,PRODUCTO,Hogar y Bebidas,Mugs y Tazas,,keyword→objeto,HIGH,0,0,0.0,1
"""Tazón sostenible""",Concordancia de frase,Bamboo,En pausa,En pausa,,,EMPTY,NO,PRODUCTO,Hogar y Bebidas,Mugs y Tazas,,keyword→objeto,HIGH,0,0,0.0,1
"""Teclado de Bamboo""",Concordancia de frase,Bamboo,En pausa,En pausa,,,EMPTY,NO,PRODUCTO,Tecnología,Mouse y Teclados,,keyword→objeto,HIGH,0,0,0.0,1
"""Teclado ecológico""",Concordancia de frase,Bamboo,En pausa,En pausa,,,EMPTY,NO,PRODUCTO,Tecnología,Mouse y Teclados,,keyword→objeto,HIGH,0,0,0.0,1
"""Teclado inalámbrico Bamboo""",Concordancia de frase,Bamboo,En pausa,En pausa,,,EMPTY,NO,PRODUCTO,Tecnología,Mouse y Teclados,,keyword→objeto,HIGH,0,0,0.0,1
"""Termo acero Bamboo""",Concordancia de frase,Bamboo,En pausa,En pausa,,,EMPTY,NO,PRODUCTO,Hogar y Bebidas,Termos,,keyword→objeto,HIGH,0,0,0.0,1
"""termo bamboo""",Concordancia de frase,Bamboo,En pausa,En pausa,https://regalospremium.cl/bamboo/ | https://regalospremium.cl/mugs-botellas-termos/,https://regalospremium.cl/bamboo/ | https://regalospremium.cl/mugs-botellas-termos/,CURRENT_FORMAT,YES,PRODUCTO,Hogar y Bebidas,Termos,,keyword→objeto,HIGH,0,0,0.0,2
"""termo de bambu""",Concordancia de frase,Bamboo,En pausa,En pausa,https://regalospremium.cl/mugs-botellas-termos/,https://regalospremium.cl/mugs-botellas-termos/,CURRENT_FORMAT,NO,PRODUCTO,Hogar y Bebidas,Termos,,keyword→objeto,HIGH,0,0,0.0,1
"""USB Parlante Bamboo""",Concordancia de frase,Bamboo,En pausa,En pausa,,,EMPTY,NO,PRODUCTO,Tecnología,Parlantes,,keyword→objeto,HIGH,0,0,0.0,1
"""USB Parlante de Bamboo""",Concordancia de frase,Bamboo,En pausa,En pausa,,,EMPTY,NO,PRODUCTO,Tecnología,Parlantes,,keyword→objeto,HIGH,0,0,0.0,1
"""USB Pendrive 64GB de Bamboo""",Concordancia de frase,Bamboo,En pausa,En pausa,,,EMPTY,NO,PRODUCTO,Tecnología,Pendrives,,keyword→objeto,HIGH,0,0,0.0,1
"""USB Pendrive de Bamboo""",Concordancia de frase,Bamboo,En pausa,En pausa,,,EMPTY,NO,PRODUCTO,Tecnología,Pendrives,,keyword→objeto,HIGH,0,0,0.0,1
"""Vaso de Bamboo""",Concordancia de frase,Bamboo,En pausa,En pausa,,,EMPTY,NO,USO_CAMPAÑA,,,Bamboo,fallback grupo histórico,MEDIUM,0,0,0.0,1
"""Vaso de Bamboo 350cc""",Concordancia de frase,Bamboo,En pausa,En pausa,,,EMPTY,NO,USO_CAMPAÑA,,,Bamboo,fallback grupo histórico,MEDIUM,0,0,0.0,1
"""Vaso reutilizable""",Concordancia de frase,Bamboo,En pausa,En pausa,,,EMPTY,NO,USO_CAMPAÑA,,,Bamboo,fallback grupo histórico,MEDIUM,0,0,0.0,1
"""venta de libretas ecologicas""",Concordancia de frase,Bamboo,En pausa,En pausa,https://regalospremium.cl/cuadernos-libretas-memo-set-publicitarios/,https://regalospremium.cl/cuadernos-libretas-memo-set-publicitarios/,CURRENT_FORMAT,NO,PRODUCTO,Oficina y Escritura,Libretas y Cuadernos,,keyword→objeto,HIGH,0,0,0.0,1
"""Bambú ecológico""",Concordancia de frase,Boligrafos y Lápices,Habilitado,Limitado,,,EMPTY,NO,PRODUCTO,Oficina y Escritura,Lápices y Bolígrafos,,fallback grupo histórico,MEDIUM,0,0,0.0,1
"""Bambú promocional""",Concordancia de frase,Boligrafos y Lápices,Habilitado,No apto,,,EMPTY,NO,PRODUCTO,Oficina y Escritura,Lápices y Bolígrafos,,fallback grupo histórico,MEDIUM,0,0,0.0,1
"""boli personalizado""",Concordancia de frase,Boligrafos y Lápices,Habilitado,Limitado,https://regalospremium.cl/boligrafos-y-lapices-publicitarios/,https://regalospremium.cl/boligrafos-y-lapices-publicitarios/,CURRENT_FORMAT,NO,PRODUCTO,Oficina y Escritura,Lápices y Bolígrafos,,fallback grupo histórico,MEDIUM,0,0,0.0,1
"""bolígrafo""",Concordancia de frase,Boligrafos y Lápices,Habilitado,Limitado,https://regalospremium.cl/boligrafos-y-lapices-publicitarios/,https://regalospremium.cl/boligrafos-y-lapices-publicitarios/,CURRENT_FORMAT,NO,PRODUCTO,Oficina y Escritura,Lápices y Bolígrafos,,keyword→objeto,HIGH,0,0,0.0,1
"""boligrafo bamboo""",Concordancia de frase,Boligrafos y Lápices,Habilitado,Limitado,https://regalospremium.cl/lapices-ecologicos/,https://regalospremium.cl/lapices-ecologicos/,CURRENT_FORMAT,NO,PRODUCTO,Oficina y Escritura,Lápices y Bolígrafos,,keyword→objeto,HIGH,0,0,0.0,1
"""boligrafo bic publicidad""",Concordancia de frase,Boligrafos y Lápices,Habilitado,Limitado,https://regalospremium.cl/boligrafos-y-lapices-publicitarios/,https://regalospremium.cl/boligrafos-y-lapices-publicitarios/,CURRENT_FORMAT,NO,PRODUCTO,Oficina y Escritura,Lápices y Bolígrafos,,keyword→objeto,HIGH,0,0,0.0,1
"""bolígrafo con""",Concordancia de frase,Boligrafos y Lápices,Habilitado,Limitado,https://regalospremium.cl/boligrafos-y-lapices-publicitarios/,https://regalospremium.cl/boligrafos-y-lapices-publicitarios/,CURRENT_FORMAT,NO,PRODUCTO,Oficina y Escritura,Lápices y Bolígrafos,,keyword→objeto,HIGH,0,0,0.0,1
"""boligrafo con nombre personalizado""",Concordancia de frase,Boligrafos y Lápices,Habilitado,Limitado,https://regalospremium.cl/boligrafos-y-lapices-publicitarios/,https://regalospremium.cl/boligrafos-y-lapices-publicitarios/,CURRENT_FORMAT,NO,PRODUCTO,Oficina y Escritura,Lápices y Bolígrafos,,keyword→objeto,HIGH,0,0,0.0,1
"""boligrafo con usb""",Concordancia de frase,Boligrafos y Lápices,Habilitado,Apto,https://regalospremium.cl/boligrafos-y-lapices-publicitarios/,https://regalospremium.cl/boligrafos-y-lapices-publicitarios/,CURRENT_FORMAT,NO,PRODUCTO,Oficina y Escritura,Lápices y Bolígrafos,,keyword→objeto,HIGH,0,0,0.0,1
"""bolígrafo de bambú""",Concordancia de frase,Boligrafos y Lápices,Habilitado,Limitado,https://regalospremium.cl/boligrafos-y-lapices-publicitarios/,https://regalospremium.cl/boligrafos-y-lapices-publicitarios/,CURRENT_FORMAT,NO,PRODUCTO,Oficina y Escritura,Lápices y Bolígrafos,,keyword→objeto,HIGH,0,0,0.0,1
"""bolígrafo de plata grabado""",Concordancia de frase,Boligrafos y Lápices,Habilitado,Limitado,https://regalospremium.cl/boligrafos-y-lapices-publicitarios/,https://regalospremium.cl/boligrafos-y-lapices-publicitarios/,CURRENT_FORMAT,NO,PRODUCTO,Oficina y Escritura,Lápices y Bolígrafos,,keyword→objeto,HIGH,0,0,0.0,1
"""bolígrafo ecológico""",Concordancia de frase,Boligrafos y Lápices,Habilitado,Limitado,https://regalospremium.cl/boligrafos-y-lapices-publicitarios/,https://regalospremium.cl/boligrafos-y-lapices-publicitarios/,CURRENT_FORMAT,NO,PRODUCTO,Oficina y Escritura,Lápices y Bolígrafos,,keyword→objeto,HIGH,0,0,0.0,1
"""bolígrafo ecológico al tono""",Concordancia de frase,Boligrafos y Lápices,Habilitado,No apto,https://regalospremium.cl/bolsas-publicitarias-con-logotipo/,https://regalospremium.cl/bolsas-publicitarias-con-logotipo/,CURRENT_FORMAT,NO,PRODUCTO,Oficina y Escritura,Lápices y Bolígrafos,,keyword→objeto,HIGH,0,0,0.0,1
"""boligrafo ecologico personalizado""",Concordancia de frase,Boligrafos y Lápices,Habilitado,Limitado,https://regalospremium.cl/boligrafos-y-lapices-publicitarios/,https://regalospremium.cl/boligrafos-y-lapices-publicitarios/,CURRENT_FORMAT,NO,PRODUCTO,Oficina y Escritura,Lápices y Bolígrafos,,keyword→objeto,HIGH,0,0,0.0,1
"""boligrafo grabado""",Concordancia de frase,Boligrafos y Lápices,Habilitado,Limitado,https://regalospremium.cl/boligrafos-y-lapices-publicitarios/,https://regalospremium.cl/boligrafos-y-lapices-publicitarios/,CURRENT_FORMAT,NO,PRODUCTO,Oficina y Escritura,Lápices y Bolígrafos,,keyword→objeto,HIGH,0,0,0.0,1
"""boligrafo grabado laser""",Concordancia de frase,Boligrafos y Lápices,Habilitado,Limitado,https://regalospremium.cl/boligrafos-y-lapices-publicitarios/,https://regalospremium.cl/boligrafos-y-lapices-publicitarios/,CURRENT_FORMAT,NO,PRODUCTO,Oficina y Escritura,Lápices y Bolígrafos,,keyword→objeto,HIGH,0,0,0.0,1
"""boligrafo logo""",Concordancia de frase,Boligrafos y Lápices,Habilitado,Limitado,https://regalospremium.cl/boligrafos-y-lapices-publicitarios/,https://regalospremium.cl/boligrafos-y-lapices-publicitarios/,CURRENT_FORMAT,NO,PRODUCTO,Oficina y Escritura,Lápices y Bolígrafos,,keyword→objeto,HIGH,0,0,0.0,1
"""boligrafo madera""",Concordancia de frase,Boligrafos y Lápices,Habilitado,Limitado,https://regalospremium.cl/boligrafos-y-lapices-publicitarios/,https://regalospremium.cl/boligrafos-y-lapices-publicitarios/,CURRENT_FORMAT,NO,PRODUCTO,Oficina y Escritura,Lápices y Bolígrafos,,keyword→objeto,HIGH,0,0,0.0,1
"""boligrafo madera grabado""",Concordancia de frase,Boligrafos y Lápices,Habilitado,Limitado,https://regalospremium.cl/boligrafos-y-lapices-publicitarios/,https://regalospremium.cl/boligrafos-y-lapices-publicitarios/,CURRENT_FORMAT,NO,PRODUCTO,Oficina y Escritura,Lápices y Bolígrafos,,keyword→objeto,HIGH,0,0,0.0,1
"""bolígrafo magic""",Concordancia de frase,Boligrafos y Lápices,Habilitado,Limitado,https://regalospremium.cl/boligrafos-y-lapices-publicitarios/,https://regalospremium.cl/boligrafos-y-lapices-publicitarios/,CURRENT_FORMAT,NO,PRODUCTO,Oficina y Escritura,Lápices y Bolígrafos,,keyword→objeto,HIGH,0,0,0.0,1
"""bolígrafo metálico""",Concordancia de frase,Boligrafos y Lápices,Habilitado,Limitado,https://regalospremium.cl/boligrafos-y-lapices-publicitarios/,https://regalospremium.cl/boligrafos-y-lapices-publicitarios/,CURRENT_FORMAT,NO,PRODUCTO,Oficina y Escritura,Lápices y Bolígrafos,,keyword→objeto,HIGH,0,0,0.0,1
"""boligrafo para grabar""",Concordancia de frase,Boligrafos y Lápices,Habilitado,Limitado,https://regalospremium.cl/boligrafos-y-lapices-publicitarios/,https://regalospremium.cl/boligrafos-y-lapices-publicitarios/,CURRENT_FORMAT,NO,PRODUCTO,Oficina y Escritura,Lápices y Bolígrafos,,keyword→objeto,HIGH,0,0,0.0,1
"""bolígrafo personalizado""",Concordancia de frase,Boligrafos y Lápices,Habilitado,Limitado,https://regalospremium.cl/boligrafos-y-lapices-publicitarios/,https://regalospremium.cl/boligrafos-y-lapices-publicitarios/,CURRENT_FORMAT,NO,PRODUCTO,Oficina y Escritura,Lápices y Bolígrafos,,keyword→objeto,HIGH,0,0,0.0,1
"""boligrafo personalizado grabado""",Concordancia de frase,Boligrafos y Lápices,Habilitado,Limitado,https://regalospremium.cl/boligrafos-y-lapices-publicitarios/,https://regalospremium.cl/boligrafos-y-lapices-publicitarios/,CURRENT_FORMAT,NO,PRODUCTO,Oficina y Escritura,Lápices y Bolígrafos,,keyword→objeto,HIGH,0,0,0.0,1
"""bolígrafo personalizado nombre""",Concordancia de frase,Boligrafos y Lápices,Habilitado,Limitado,https://regalospremium.cl/boligrafos-y-lapices-publicitarios/,https://regalospremium.cl/boligrafos-y-lapices-publicitarios/,CURRENT_FORMAT,NO,PRODUCTO,Oficina y Escritura,Lápices y Bolígrafos,,keyword→objeto,HIGH,0,0,0.0,1
"""bolígrafo plata grabado""",Concordancia de frase,Boligrafos y Lápices,Habilitado,Apto,https://regalospremium.cl/boligrafos-y-lapices-publicitarios/,https://regalospremium.cl/boligrafos-y-lapices-publicitarios/,CURRENT_FORMAT,NO,PRODUCTO,Oficina y Escritura,Lápices y Bolígrafos,,keyword→objeto,HIGH,0,0,0.0,1
"""boligrafo plata personalizado""",Concordancia de frase,Boligrafos y Lápices,Habilitado,Limitado,https://regalospremium.cl/boligrafos-y-lapices-publicitarios/,https://regalospremium.cl/boligrafos-y-lapices-publicitarios/,CURRENT_FORMAT,NO,PRODUCTO,Oficina y Escritura,Lápices y Bolígrafos,,keyword→objeto,HIGH,0,0,0.0,1
"""bolígrafo profesional para grabar""",Concordancia de frase,Boligrafos y Lápices,Habilitado,No apto,https://regalospremium.cl/boligrafos-y-lapices-publicitarios/,https://regalospremium.cl/boligrafos-y-lapices-publicitarios/,CURRENT_FORMAT,NO,PRODUCTO,Oficina y Escritura,Lápices y Bolígrafos,,keyword→objeto,HIGH,0,0,0.0,1
"""bolígrafo promocional""",Concordancia de frase,Boligrafos y Lápices,Habilitado,Limitado,https://regalospremium.cl/boligrafos-y-lapices-publicitarios/,https://regalospremium.cl/boligrafos-y-lapices-publicitarios/,CURRENT_FORMAT,NO,PRODUCTO,Oficina y Escritura,Lápices y Bolígrafos,,keyword→objeto,HIGH,0,0,0.0,1
"""boligrafo publicidad economico""",Concordancia de frase,Boligrafos y Lápices,Habilitado,Limitado,https://regalospremium.cl/boligrafos-y-lapices-publicitarios/,https://regalospremium.cl/boligrafos-y-lapices-publicitarios/,CURRENT_FORMAT,NO,PRODUCTO,Oficina y Escritura,Lápices y Bolígrafos,,keyword→objeto,HIGH,0,0,0.0,1
"""boligrafo regalo""",Concordancia de frase,Boligrafos y Lápices,Habilitado,Limitado,https://regalospremium.cl/boligrafos-y-lapices-publicitarios/,https://regalospremium.cl/boligrafos-y-lapices-publicitarios/,CURRENT_FORMAT,NO,PRODUCTO,Oficina y Escritura,Lápices y Bolígrafos,,keyword→objeto,HIGH,0,0,0.0,1
"""boligrafo regalo grabado""",Concordancia de frase,Boligrafos y Lápices,Habilitado,Limitado,https://regalospremium.cl/boligrafos-y-lapices-publicitarios/,https://regalospremium.cl/boligrafos-y-lapices-publicitarios/,CURRENT_FORMAT,NO,PRODUCTO,Oficina y Escritura,Lápices y Bolígrafos,,keyword→objeto,HIGH,0,0,0.0,1
"""boligrafo serigrafiado""",Concordancia de frase,Boligrafos y Lápices,Habilitado,Apto,https://regalospremium.cl/boligrafos-y-lapices-publicitarios/,https://regalospremium.cl/boligrafos-y-lapices-publicitarios/,CURRENT_FORMAT,NO,PRODUCTO,Oficina y Escritura,Lápices y Bolígrafos,,keyword→objeto,HIGH,0,0,0.0,1
"""boligrafo sublimable""",Concordancia de frase,Boligrafos y Lápices,Habilitado,Limitado,https://regalospremium.cl/boligrafos-y-lapices-publicitarios/,https://regalospremium.cl/boligrafos-y-lapices-publicitarios/,CURRENT_FORMAT,NO,PRODUCTO,Oficina y Escritura,Lápices y Bolígrafos,,keyword→objeto,HIGH,0,0,0.0,1
"""bolígrafo touch""",Concordancia de frase,Boligrafos y Lápices,Habilitado,Limitado,https://regalospremium.cl/boligrafos-y-lapices-publicitarios/,https://regalospremium.cl/boligrafos-y-lapices-publicitarios/,CURRENT_FORMAT,NO,PRODUCTO,Oficina y Escritura,Lápices y Bolígrafos,,keyword→objeto,HIGH,0,0,0.0,1
"""boligrafo usb""",Concordancia de frase,Boligrafos y Lápices,Habilitado,Limitado,https://regalospremium.cl/boligrafos-y-lapices-publicitarios/,https://regalospremium.cl/boligrafos-y-lapices-publicitarios/,CURRENT_FORMAT,NO,PRODUCTO,Oficina y Escritura,Lápices y Bolígrafos,,keyword→objeto,HIGH,0,0,0.0,1
"""boligrafos al por mayor""",Concordancia de frase,Boligrafos y Lápices,Habilitado,Limitado,https://regalospremium.cl/boligrafos-y-lapices-publicitarios/,https://regalospremium.cl/boligrafos-y-lapices-publicitarios/,CURRENT_FORMAT,NO,PRODUCTO,Oficina y Escritura,Lápices y Bolígrafos,,keyword→objeto,HIGH,0,0,0.0,1
"""bolígrafos baratos para regalar""",Concordancia de frase,Boligrafos y Lápices,Habilitado,Limitado,https://regalospremium.cl/boligrafos-y-lapices-publicitarios/,https://regalospremium.cl/boligrafos-y-lapices-publicitarios/,CURRENT_FORMAT,NO,PRODUCTO,Oficina y Escritura,Lápices y Bolígrafos,,keyword→objeto,HIGH,0,0,0.0,1
"""boligrafos con logo de empresa""",Concordancia de frase,Boligrafos y Lápices,Habilitado,Limitado,https://regalospremium.cl/boligrafos-y-lapices-publicitarios/,https://regalospremium.cl/boligrafos-y-lapices-publicitarios/,CURRENT_FORMAT,NO,PRODUCTO,Oficina y Escritura,Lápices y Bolígrafos,,keyword→objeto,HIGH,0,0,0.0,1
"""bolígrafos con logotipo""",Concordancia de frase,Boligrafos y Lápices,Habilitado,Limitado,https://regalospremium.cl/boligrafos-y-lapices-publicitarios/,https://regalospremium.cl/boligrafos-y-lapices-publicitarios/,CURRENT_FORMAT,NO,PRODUCTO,Oficina y Escritura,Lápices y Bolígrafos,,keyword→objeto,HIGH,0,0,0.0,1
"""boligrafos con nombre""",Concordancia de frase,Boligrafos y Lápices,Habilitado,Limitado,https://regalospremium.cl/boligrafos-y-lapices-publicitarios/,https://regalospremium.cl/boligrafos-y-lapices-publicitarios/,CURRENT_FORMAT,NO,PRODUCTO,Oficina y Escritura,Lápices y Bolígrafos,,keyword→objeto,HIGH,0,0,0.0,1
"""boligrafos con tu nombre""",Concordancia de frase,Boligrafos y Lápices,Habilitado,Apto,https://regalospremium.cl/boligrafos-y-lapices-publicitarios/,https://regalospremium.cl/boligrafos-y-lapices-publicitarios/,CURRENT_FORMAT,NO,PRODUCTO,Oficina y Escritura,Lápices y Bolígrafos,,keyword→objeto,HIGH,0,0,0.0,1
"""boligrafos corporativos""",Concordancia de frase,Boligrafos y Lápices,Habilitado,Limitado,https://regalospremium.cl/boligrafos-y-lapices-publicitarios/,https://regalospremium.cl/boligrafos-y-lapices-publicitarios/,CURRENT_FORMAT,NO,PRODUCTO,Oficina y Escritura,Lápices y Bolígrafos,,keyword→objeto,HIGH,0,0,0.0,1
"""bolígrafos corporativos""",Concordancia de frase,Boligrafos y Lápices,Habilitado,Limitado,https://regalospremium.cl/boligrafos-y-lapices-publicitarios/,https://regalospremium.cl/boligrafos-y-lapices-publicitarios/,CURRENT_FORMAT,NO,PRODUCTO,Oficina y Escritura,Lápices y Bolígrafos,,keyword→objeto,HIGH,0,0,0.0,1
"""boligrafos de calidad personalizados""",Concordancia de frase,Boligrafos y Lápices,Habilitado,Apto,https://regalospremium.cl/boligrafos-y-lapices-publicitarios/,https://regalospremium.cl/boligrafos-y-lapices-publicitarios/,CURRENT_FORMAT,NO,PRODUCTO,Oficina y Escritura,Lápices y Bolígrafos,,keyword→objeto,HIGH,0,0,0.0,1
"""boligrafos de empresa""",Concordancia de frase,Boligrafos y Lápices,Habilitado,Limitado,https://regalospremium.cl/boligrafos-y-lapices-publicitarios/,https://regalospremium.cl/boligrafos-y-lapices-publicitarios/,CURRENT_FORMAT,NO,PRODUCTO,Oficina y Escritura,Lápices y Bolígrafos,,keyword→objeto,HIGH,0,0,0.0,1
"""Bolígrafos de madera""",Concordancia de frase,Boligrafos y Lápices,Habilitado,Limitado,,,EMPTY,NO,PRODUCTO,Oficina y Escritura,Lápices y Bolígrafos,,keyword→objeto,HIGH,0,0,0.0,1
"""Bolígrafos de madera reciclable""",Concordancia de frase,Boligrafos y Lápices,Habilitado,No apto,,,EMPTY,NO,PRODUCTO,Oficina y Escritura,Lápices y Bolígrafos,,keyword→objeto,HIGH,0,0,0.0,1
"""boligrafos de propaganda""",Concordancia de frase,Boligrafos y Lápices,Habilitado,Limitado,https://regalospremium.cl/boligrafos-y-lapices-publicitarios/,https://regalospremium.cl/boligrafos-y-lapices-publicitarios/,CURRENT_FORMAT,NO,PRODUCTO,Oficina y Escritura,Lápices y Bolígrafos,,keyword→objeto,HIGH,0,0,0.0,1
"""boligrafos de publicidad baratos""",Concordancia de frase,Boligrafos y Lápices,Habilitado,Limitado,https://regalospremium.cl/boligrafos-y-lapices-publicitarios/,https://regalospremium.cl/boligrafos-y-lapices-publicitarios/,CURRENT_FORMAT,NO,PRODUCTO,Oficina y Escritura,Lápices y Bolígrafos,,keyword→objeto,HIGH,0,0,0.0,1
"""Bolígrafos ecológicos""",Concordancia de frase,Boligrafos y Lápices,Habilitado,Limitado,,,EMPTY,NO,PRODUCTO,Oficina y Escritura,Lápices y Bolígrafos,,keyword→objeto,HIGH,0,0,0.0,1
"""Bolígrafos ecológicos bambú""",Concordancia de frase,Boligrafos y Lápices,Habilitado,No apto,,,EMPTY,NO,PRODUCTO,Oficina y Escritura,Lápices y Bolígrafos,,keyword→objeto,HIGH,0,0,0.0,1
"""boligrafos ecológicos personalizados""",Concordancia de frase,Boligrafos y Lápices,Habilitado,No apto,https://regalospremium.cl/bolsas-publicitarias-con-logotipo/,https://regalospremium.cl/bolsas-publicitarias-con-logotipo/,CURRENT_FORMAT,NO,PRODUCTO,Oficina y Escritura,Lápices y Bolígrafos,,keyword→objeto,HIGH,0,0,0.0,1
"""bolígrafos ejecutivos""",Concordancia de frase,Boligrafos y Lápices,Habilitado,Limitado,https://regalospremium.cl/boligrafos-y-lapices-publicitarios/,https://regalospremium.cl/boligrafos-y-lapices-publicitarios/,CURRENT_FORMAT,NO,PRODUCTO,Oficina y Escritura,Lápices y Bolígrafos,,keyword→objeto,HIGH,0,0,0.0,1
"""boligrafos ejecutivos personalizados""",Concordancia de frase,Boligrafos y Lápices,Habilitado,Limitado,https://regalospremium.cl/boligrafos-y-lapices-publicitarios/,https://regalospremium.cl/boligrafos-y-lapices-publicitarios/,CURRENT_FORMAT,NO,PRODUCTO,Oficina y Escritura,Lápices y Bolígrafos,,keyword→objeto,HIGH,0,0,0.0,1
"""boligrafos empresa personalizados""",Concordancia de frase,Boligrafos y Lápices,Habilitado,Limitado,https://regalospremium.cl/boligrafos-y-lapices-publicitarios/,https://regalospremium.cl/boligrafos-y-lapices-publicitarios/,CURRENT_FORMAT,NO,PRODUCTO,Oficina y Escritura,Lápices y Bolígrafos,,keyword→objeto,HIGH,0,0,0.0,1
"""boligrafos grabados baratos""",Concordancia de frase,Boligrafos y Lápices,Habilitado,Apto,https://regalospremium.cl/boligrafos-y-lapices-publicitarios/,https://regalospremium.cl/boligrafos-y-lapices-publicitarios/,CURRENT_FORMAT,NO,PRODUCTO,Oficina y Escritura,Lápices y Bolígrafos,,keyword→objeto,HIGH,0,0,0.0,1
"""bolígrafos grabados para regalo""",Concordancia de frase,Boligrafos y Lápices,Habilitado,Limitado,https://regalospremium.cl/boligrafos-y-lapices-publicitarios/,https://regalospremium.cl/boligrafos-y-lapices-publicitarios/,CURRENT_FORMAT,NO,PRODUCTO,Oficina y Escritura,Lápices y Bolígrafos,,keyword→objeto,HIGH,0,0,0.0,1
"""bolígrafos grabados regalo""",Concordancia de frase,Boligrafos y Lápices,Habilitado,Apto,https://regalospremium.cl/boligrafos-y-lapices-publicitarios/,https://regalospremium.cl/boligrafos-y-lapices-publicitarios/,CURRENT_FORMAT,NO,PRODUCTO,Oficina y Escritura,Lápices y Bolígrafos,,keyword→objeto,HIGH,0,0,0.0,1
"""boligrafos impresos""",Concordancia de frase,Boligrafos y Lápices,Habilitado,Apto,https://regalospremium.cl/boligrafos-y-lapices-publicitarios/,https://regalospremium.cl/boligrafos-y-lapices-publicitarios/,CURRENT_FORMAT,NO,PRODUCTO,Oficina y Escritura,Lápices y Bolígrafos,,keyword→objeto,HIGH,0,0,0.0,1
"""boligrafos impresos con logo""",Concordancia de frase,Boligrafos y Lápices,Habilitado,Limitado,https://regalospremium.cl/boligrafos-y-lapices-publicitarios/,https://regalospremium.cl/boligrafos-y-lapices-publicitarios/,CURRENT_FORMAT,NO,PRODUCTO,Oficina y Escritura,Lápices y Bolígrafos,,keyword→objeto,HIGH,0,0,0.0,1
"""bolígrafos lápices""",Concordancia de frase,Boligrafos y Lápices,Habilitado,Limitado,https://regalospremium.cl/boligrafos-y-lapices-publicitarios/,https://regalospremium.cl/boligrafos-y-lapices-publicitarios/,CURRENT_FORMAT,NO,PRODUCTO,Oficina y Escritura,Lápices y Bolígrafos,,keyword→objeto,HIGH,0,0,0.0,1
"""boligrafos marcados""",Concordancia de frase,Boligrafos y Lápices,Habilitado,Limitado,https://regalospremium.cl/boligrafos-y-lapices-publicitarios/,https://regalospremium.cl/boligrafos-y-lapices-publicitarios/,CURRENT_FORMAT,NO,PRODUCTO,Oficina y Escritura,Lápices y Bolígrafos,,keyword→objeto,HIGH,0,0,0.0,1
"""bolígrafos metálicos""",Concordancia de frase,Boligrafos y Lápices,Habilitado,Limitado,https://regalospremium.cl/boligrafos-y-lapices-publicitarios/,https://regalospremium.cl/boligrafos-y-lapices-publicitarios/,CURRENT_FORMAT,NO,PRODUCTO,Oficina y Escritura,Lápices y Bolígrafos,,keyword→objeto,HIGH,0,0,0.0,1
"""boligrafos metalicos personalizados""",Concordancia de frase,Boligrafos y Lápices,Habilitado,Apto,https://regalospremium.cl/boligrafos-y-lapices-publicitarios/,https://regalospremium.cl/boligrafos-y-lapices-publicitarios/,CURRENT_FORMAT,NO,PRODUCTO,Oficina y Escritura,Lápices y Bolígrafos,,keyword→objeto,HIGH,0,0,0.0,1
"""bolígrafos metálicos publicitarios""",Concordancia de frase,Boligrafos y Lápices,Habilitado,Limitado,https://regalospremium.cl/boligrafos-y-lapices-publicitarios/,https://regalospremium.cl/boligrafos-y-lapices-publicitarios/,CURRENT_FORMAT,NO,PRODUCTO,Oficina y Escritura,Lápices y Bolígrafos,,keyword→objeto,HIGH,0,0,0.0,1
"""boligrafos para empresas""",Concordancia de frase,Boligrafos y Lápices,Habilitado,Limitado,https://regalospremium.cl/boligrafos-y-lapices-publicitarios/,https://regalospremium.cl/boligrafos-y-lapices-publicitarios/,CURRENT_FORMAT,NO,PRODUCTO,Oficina y Escritura,Lápices y Bolígrafos,,keyword→objeto,HIGH,0,0,0.0,1
"""boligrafos para grabar nombre""",Concordancia de frase,Boligrafos y Lápices,Habilitado,Apto,https://regalospremium.cl/boligrafos-y-lapices-publicitarios/,https://regalospremium.cl/boligrafos-y-lapices-publicitarios/,CURRENT_FORMAT,NO,PRODUCTO,Oficina y Escritura,Lápices y Bolígrafos,,keyword→objeto,HIGH,0,0,0.0,1
"""boligrafos para personalizar""",Concordancia de frase,Boligrafos y Lápices,Habilitado,Limitado,https://regalospremium.cl/boligrafos-y-lapices-publicitarios/,https://regalospremium.cl/boligrafos-y-lapices-publicitarios/,CURRENT_FORMAT,NO,PRODUCTO,Oficina y Escritura,Lápices y Bolígrafos,,keyword→objeto,HIGH,0,0,0.0,1
"""boligrafos para publicidad""",Concordancia de frase,Boligrafos y Lápices,Habilitado,Limitado,https://regalospremium.cl/boligrafos-y-lapices-publicitarios/,https://regalospremium.cl/boligrafos-y-lapices-publicitarios/,CURRENT_FORMAT,NO,PRODUCTO,Oficina y Escritura,Lápices y Bolígrafos,,keyword→objeto,HIGH,0,0,0.0,1
"""boligrafos para regalos empresariales""",Concordancia de frase,Boligrafos y Lápices,Habilitado,Apto,https://regalospremium.cl/boligrafos-y-lapices-publicitarios/,https://regalospremium.cl/boligrafos-y-lapices-publicitarios/,CURRENT_FORMAT,NO,PRODUCTO,Oficina y Escritura,Lápices y Bolígrafos,,keyword→objeto,HIGH,0,0,0.0,1
"""Bolígrafos personalizados""",Concordancia de frase,Boligrafos y Lápices,Habilitado,Limitado,,,EMPTY,NO,PRODUCTO,Oficina y Escritura,Lápices y Bolígrafos,,keyword→objeto,HIGH,0,0,0.0,1
"""bolígrafos personalizados al por mayor""",Concordancia de frase,Boligrafos y Lápices,Habilitado,Limitado,https://regalospremium.cl/boligrafos-y-lapices-publicitarios/,https://regalospremium.cl/boligrafos-y-lapices-publicitarios/,CURRENT_FORMAT,NO,PRODUCTO,Oficina y Escritura,Lápices y Bolígrafos,,keyword→objeto,HIGH,0,0,0.0,1
"""Bolígrafos personalizados bambú""",Concordancia de frase,Boligrafos y Lápices,Habilitado,Apto,,,EMPTY,NO,PRODUCTO,Oficina y Escritura,Lápices y Bolígrafos,,keyword→objeto,HIGH,0,0,0.0,1
"""bolígrafos personalizados baratos""",Concordancia de frase,Boligrafos y Lápices,Habilitado,Limitado,https://regalospremium.cl/boligrafos-y-lapices-publicitarios/,https://regalospremium.cl/boligrafos-y-lapices-publicitarios/,CURRENT_FORMAT,NO,PRODUCTO,Oficina y Escritura,Lápices y Bolígrafos,,keyword→objeto,HIGH,0,0,0.0,1
"""bolígrafos personalizados con estuche""",Concordancia de frase,Boligrafos y Lápices,Habilitado,Limitado,https://regalospremium.cl/boligrafos-y-lapices-publicitarios/,https://regalospremium.cl/boligrafos-y-lapices-publicitarios/,CURRENT_FORMAT,NO,PRODUCTO,Oficina y Escritura,Lápices y Bolígrafos,,keyword→objeto,HIGH,0,0,0.0,1
"""bolígrafos personalizados con nombre""",Concordancia de frase,Boligrafos y Lápices,Habilitado,Limitado,https://regalospremium.cl/boligrafos-y-lapices-publicitarios/,https://regalospremium.cl/boligrafos-y-lapices-publicitarios/,CURRENT_FORMAT,NO,PRODUCTO,Oficina y Escritura,Lápices y Bolígrafos,,keyword→objeto,HIGH,0,0,0.0,1
"""boligrafos personalizados con tu nombre""",Concordancia de frase,Boligrafos y Lápices,Habilitado,Limitado,https://regalospremium.cl/boligrafos-y-lapices-publicitarios/,https://regalospremium.cl/boligrafos-y-lapices-publicitarios/,CURRENT_FORMAT,NO,PRODUCTO,Oficina y Escritura,Lápices y Bolígrafos,,keyword→objeto,HIGH,0,0,0.0,1
"""bolígrafos personalizados de lujo""",Concordancia de frase,Boligrafos y Lápices,Habilitado,Limitado,https://regalospremium.cl/boligrafos-y-lapices-publicitarios/,https://regalospremium.cl/boligrafos-y-lapices-publicitarios/,CURRENT_FORMAT,NO,PRODUCTO,Oficina y Escritura,Lápices y Bolígrafos,,keyword→objeto,HIGH,0,0,0.0,1
"""boligrafos personalizados economicos""",Concordancia de frase,Boligrafos y Lápices,Habilitado,Apto,https://regalospremium.cl/boligrafos-y-lapices-publicitarios/,https://regalospremium.cl/boligrafos-y-lapices-publicitarios/,CURRENT_FORMAT,NO,PRODUCTO,Oficina y Escritura,Lápices y Bolígrafos,,keyword→objeto,HIGH,0,0,0.0,1
"""bolígrafos personalizados para empresas""",Concordancia de frase,Boligrafos y Lápices,Habilitado,Limitado,https://regalospremium.cl/boligrafos-y-lapices-publicitarios/,https://regalospremium.cl/boligrafos-y-lapices-publicitarios/,CURRENT_FORMAT,NO,PRODUCTO,Oficina y Escritura,Lápices y Bolígrafos,,keyword→objeto,HIGH,0,0,0.0,1
"""bolígrafos personalizados para regalar""",Concordancia de frase,Boligrafos y Lápices,Habilitado,Limitado,https://regalospremium.cl/boligrafos-y-lapices-publicitarios/,https://regalospremium.cl/boligrafos-y-lapices-publicitarios/,CURRENT_FORMAT,NO,PRODUCTO,Oficina y Escritura,Lápices y Bolígrafos,,keyword→objeto,HIGH,0,0,0.0,1
"""bolígrafos personalizados regalo""",Concordancia de frase,Boligrafos y Lápices,Habilitado,Apto,https://regalospremium.cl/boligrafos-y-lapices-publicitarios/,https://regalospremium.cl/boligrafos-y-lapices-publicitarios/,CURRENT_FORMAT,NO,PRODUCTO,Oficina y Escritura,Lápices y Bolígrafos,,keyword→objeto,HIGH,0,0,0.0,1
"""bolígrafos personalizados sin pedido mínimo""",Concordancia de frase,Boligrafos y Lápices,Habilitado,Limitado,https://regalospremium.cl/boligrafos-y-lapices-publicitarios/,https://regalospremium.cl/boligrafos-y-lapices-publicitarios/,CURRENT_FORMAT,NO,PRODUCTO,Oficina y Escritura,Lápices y Bolígrafos,,keyword→objeto,HIGH,0,0,0.0,1
"""boligrafos personalizados wanamos regalos""",Concordancia de frase,Boligrafos y Lápices,Habilitado,No apto,https://regalospremium.cl/bolsas-publicitarias-con-logotipo/,https://regalospremium.cl/bolsas-publicitarias-con-logotipo/,CURRENT_FORMAT,NO,PRODUCTO,Oficina y Escritura,Lápices y Bolígrafos,,keyword→objeto,HIGH,0,0,0.0,1
"""boligrafos promocionales baratos""",Concordancia de frase,Boligrafos y Lápices,Habilitado,Apto,https://regalospremium.cl/boligrafos-y-lapices-publicitarios/,https://regalospremium.cl/boligrafos-y-lapices-publicitarios/,CURRENT_FORMAT,NO,PRODUCTO,Oficina y Escritura,Lápices y Bolígrafos,,keyword→objeto,HIGH,0,0,0.0,1
"""boligrafos publicidad""",Concordancia de frase,Boligrafos y Lápices,Habilitado,Limitado,https://regalospremium.cl/boligrafos-y-lapices-publicitarios/,https://regalospremium.cl/boligrafos-y-lapices-publicitarios/,CURRENT_FORMAT,NO,PRODUCTO,Oficina y Escritura,Lápices y Bolígrafos,,keyword→objeto,HIGH,0,0,0.0,1
"""boligrafos publicidad baratos""",Concordancia de frase,Boligrafos y Lápices,Habilitado,Apto,https://regalospremium.cl/boligrafos-y-lapices-publicitarios/,https://regalospremium.cl/boligrafos-y-lapices-publicitarios/,CURRENT_FORMAT,NO,PRODUCTO,Oficina y Escritura,Lápices y Bolígrafos,,keyword→objeto,HIGH,0,0,0.0,1
"""bolígrafos publicidad económicos""",Concordancia de frase,Boligrafos y Lápices,Habilitado,Limitado,https://regalospremium.cl/boligrafos-y-lapices-publicitarios/,https://regalospremium.cl/boligrafos-y-lapices-publicitarios/,CURRENT_FORMAT,NO,PRODUCTO,Oficina y Escritura,Lápices y Bolígrafos,,keyword→objeto,HIGH,0,0,0.0,1
"""boligrafos publicitarios para empresas""",Concordancia de frase,Boligrafos y Lápices,Habilitado,Limitado,https://regalospremium.cl/boligrafos-y-lapices-publicitarios/,https://regalospremium.cl/boligrafos-y-lapices-publicitarios/,CURRENT_FORMAT,NO,PRODUCTO,Oficina y Escritura,Lápices y Bolígrafos,,keyword→objeto,HIGH,0,0,0.0,1
"""boligrafos publicitarios precios""",Concordancia de frase,Boligrafos y Lápices,Habilitado,Limitado,https://regalospremium.cl/boligrafos-y-lapices-publicitarios/,https://regalospremium.cl/boligrafos-y-lapices-publicitarios/,CURRENT_FORMAT,NO,PRODUCTO,Oficina y Escritura,Lápices y Bolígrafos,,keyword→objeto,HIGH,0,0,0.0,1
"""Bolígrafos reciclables""",Concordancia de frase,Boligrafos y Lápices,Habilitado,No apto,,,EMPTY,NO,PRODUCTO,Oficina y Escritura,Lápices y Bolígrafos,,keyword→objeto,HIGH,0,0,0.0,1
"""boligrafos regalo empresa""",Concordancia de frase,Boligrafos y Lápices,Habilitado,Apto,https://regalospremium.cl/boligrafos-y-lapices-publicitarios/,https://regalospremium.cl/boligrafos-y-lapices-publicitarios/,CURRENT_FORMAT,NO,PRODUCTO,Oficina y Escritura,Lápices y Bolígrafos,,keyword→objeto,HIGH,0,0,0.0,1
"""boligrafos regalos de empresa""",Concordancia de frase,Boligrafos y Lápices,Habilitado,Limitado,https://regalospremium.cl/boligrafos-y-lapices-publicitarios/,https://regalospremium.cl/boligrafos-y-lapices-publicitarios/,CURRENT_FORMAT,NO,PRODUCTO,Oficina y Escritura,Lápices y Bolígrafos,,keyword→objeto,HIGH,0,0,0.0,1
"""bolígrafos roller""",Concordancia de frase,Boligrafos y Lápices,Habilitado,Limitado,https://regalospremium.cl/boligrafos-y-lapices-publicitarios/,https://regalospremium.cl/boligrafos-y-lapices-publicitarios/,CURRENT_FORMAT,NO,PRODUCTO,Oficina y Escritura,Lápices y Bolígrafos,,keyword→objeto,HIGH,0,0,0.0,1
"""boligrafos serigrafiados""",Concordancia de frase,Boligrafos y Lápices,Habilitado,Apto,https://regalospremium.cl/boligrafos-y-lapices-publicitarios/,https://regalospremium.cl/boligrafos-y-lapices-publicitarios/,CURRENT_FORMAT,NO,PRODUCTO,Oficina y Escritura,Lápices y Bolígrafos,,keyword→objeto,HIGH,0,0,0.0,1
"""boligrafos serigrafiados baratos""",Concordancia de frase,Boligrafos y Lápices,Habilitado,Limitado,https://regalospremium.cl/boligrafos-y-lapices-publicitarios/,https://regalospremium.cl/boligrafos-y-lapices-publicitarios/,CURRENT_FORMAT,NO,PRODUCTO,Oficina y Escritura,Lápices y Bolígrafos,,keyword→objeto,HIGH,0,0,0.0,1
"""Bolígrafos sostenibles""",Concordancia de frase,Boligrafos y Lápices,Habilitado,Limitado,,,EMPTY,NO,PRODUCTO,Oficina y Escritura,Lápices y Bolígrafos,,keyword→objeto,HIGH,0,0,0.0,1
"""boligrafos usb personalizados""",Concordancia de frase,Boligrafos y Lápices,Habilitado,Limitado,https://regalospremium.cl/boligrafos-y-lapices-publicitarios/,https://regalospremium.cl/boligrafos-y-lapices-publicitarios/,CURRENT_FORMAT,NO,PRODUCTO,Oficina y Escritura,Lápices y Bolígrafos,,keyword→objeto,HIGH,0,0,0.0,1
"""bolígrafos y lápices""",Concordancia de frase,Boligrafos y Lápices,Habilitado,Limitado,https://regalospremium.cl/boligrafos-y-lapices-publicitarios/,https://regalospremium.cl/boligrafos-y-lapices-publicitarios/,CURRENT_FORMAT,NO,PRODUCTO,Oficina y Escritura,Lápices y Bolígrafos,,keyword→objeto,HIGH,0,0,0.0,1
"""bolis baratos personalizados""",Concordancia de frase,Boligrafos y Lápices,Habilitado,Apto,https://regalospremium.cl/boligrafos-y-lapices-publicitarios/,https://regalospremium.cl/boligrafos-y-lapices-publicitarios/,CURRENT_FORMAT,NO,PRODUCTO,Oficina y Escritura,Lápices y Bolígrafos,,fallback grupo histórico,MEDIUM,0,0,0.0,1
"""bolis corporativos""",Concordancia de frase,Boligrafos y Lápices,Habilitado,Limitado,https://regalospremium.cl/boligrafos-y-lapices-publicitarios/,https://regalospremium.cl/boligrafos-y-lapices-publicitarios/,CURRENT_FORMAT,NO,PRODUCTO,Oficina y Escritura,Lápices y Bolígrafos,,fallback grupo histórico,MEDIUM,0,0,0.0,1
"""bolis de empresa""",Concordancia de frase,Boligrafos y Lápices,Habilitado,Apto,https://regalospremium.cl/boligrafos-y-lapices-publicitarios/,https://regalospremium.cl/boligrafos-y-lapices-publicitarios/,CURRENT_FORMAT,NO,PRODUCTO,Oficina y Escritura,Lápices y Bolígrafos,,fallback grupo histórico,MEDIUM,0,0,0.0,1
"""bolis de publicidad""",Concordancia de frase,Boligrafos y Lápices,Habilitado,Limitado,https://regalospremium.cl/boligrafos-y-lapices-publicitarios/,https://regalospremium.cl/boligrafos-y-lapices-publicitarios/,CURRENT_FORMAT,NO,PRODUCTO,Oficina y Escritura,Lápices y Bolígrafos,,fallback grupo histórico,MEDIUM,0,0,0.0,1
"""bolis empresa""",Concordancia de frase,Boligrafos y Lápices,Habilitado,Limitado,https://regalospremium.cl/boligrafos-y-lapices-publicitarios/,https://regalospremium.cl/boligrafos-y-lapices-publicitarios/,CURRENT_FORMAT,NO,PRODUCTO,Oficina y Escritura,Lápices y Bolígrafos,,fallback grupo histórico,MEDIUM,0,0,0.0,1
"""bolis logotipo""",Concordancia de frase,Boligrafos y Lápices,Habilitado,Limitado,https://regalospremium.cl/boligrafos-y-lapices-publicitarios/,https://regalospremium.cl/boligrafos-y-lapices-publicitarios/,CURRENT_FORMAT,NO,PRODUCTO,Oficina y Escritura,Lápices y Bolígrafos,,fallback grupo histórico,MEDIUM,0,0,0.0,1
"""bolis personalizados con logo""",Concordancia de frase,Boligrafos y Lápices,Habilitado,Limitado,https://regalospremium.cl/boligrafos-y-lapices-publicitarios/,https://regalospremium.cl/boligrafos-y-lapices-publicitarios/,CURRENT_FORMAT,NO,PRODUCTO,Oficina y Escritura,Lápices y Bolígrafos,,fallback grupo histórico,MEDIUM,0,0,0.0,1
"""bolis personalizados empresa""",Concordancia de frase,Boligrafos y Lápices,Habilitado,Limitado,https://regalospremium.cl/boligrafos-y-lapices-publicitarios/,https://regalospremium.cl/boligrafos-y-lapices-publicitarios/,CURRENT_FORMAT,NO,PRODUCTO,Oficina y Escritura,Lápices y Bolígrafos,,fallback grupo histórico,MEDIUM,0,0,0.0,1
"""bolis promocionales""",Concordancia de frase,Boligrafos y Lápices,Habilitado,Apto,https://regalospremium.cl/boligrafos-y-lapices-publicitarios/,https://regalospremium.cl/boligrafos-y-lapices-publicitarios/,CURRENT_FORMAT,NO,PRODUCTO,Oficina y Escritura,Lápices y Bolígrafos,,fallback grupo histórico,MEDIUM,0,0,0.0,1
"""bolis publicidad""",Concordancia de frase,Boligrafos y Lápices,Habilitado,Limitado,https://regalospremium.cl/boligrafos-y-lapices-publicitarios/,https://regalospremium.cl/boligrafos-y-lapices-publicitarios/,CURRENT_FORMAT,NO,PRODUCTO,Oficina y Escritura,Lápices y Bolígrafos,,fallback grupo histórico,MEDIUM,0,0,0.0,1
"""bolis publicidad baratos""",Concordancia de frase,Boligrafos y Lápices,Habilitado,Apto,https://regalospremium.cl/boligrafos-y-lapices-publicitarios/,https://regalospremium.cl/boligrafos-y-lapices-publicitarios/,CURRENT_FORMAT,NO,PRODUCTO,Oficina y Escritura,Lápices y Bolígrafos,,fallback grupo histórico,MEDIUM,0,0,0.0,1
"""lapiceros al por mayor""",Concordancia de frase,Boligrafos y Lápices,Habilitado,Limitado,https://regalospremium.cl/boligrafos-y-lapices-publicitarios/,https://regalospremium.cl/boligrafos-y-lapices-publicitarios/,CURRENT_FORMAT,NO,PRODUCTO,Oficina y Escritura,Lápices y Bolígrafos,,fallback grupo histórico,MEDIUM,0,0,0.0,1
"""lapiceros de madera personalizados""",Concordancia de frase,Boligrafos y Lápices,Habilitado,Limitado,https://regalospremium.cl/boligrafos-y-lapices-publicitarios/,https://regalospremium.cl/boligrafos-y-lapices-publicitarios/,CURRENT_FORMAT,NO,PRODUCTO,Oficina y Escritura,Lápices y Bolígrafos,,fallback grupo histórico,MEDIUM,0,0,0.0,1
"""lapiceros grabados con nombre""",Concordancia de frase,Boligrafos y Lápices,Habilitado,Limitado,https://regalospremium.cl/boligrafos-y-lapices-publicitarios/,https://regalospremium.cl/boligrafos-y-lapices-publicitarios/,CURRENT_FORMAT,NO,PRODUCTO,Oficina y Escritura,Lápices y Bolígrafos,,fallback grupo histórico,MEDIUM,0,0,0.0,1
"""lapiceros personalizados""",Concordancia de frase,Boligrafos y Lápices,Habilitado,Limitado,https://regalospremium.cl/boligrafos-y-lapices-publicitarios/,https://regalospremium.cl/boligrafos-y-lapices-publicitarios/,CURRENT_FORMAT,NO,PRODUCTO,Oficina y Escritura,Lápices y Bolígrafos,,fallback grupo histórico,MEDIUM,0,0,0.0,1
"""lapiceros personalizados con nombre""",Concordancia de frase,Boligrafos y Lápices,Habilitado,Apto,https://regalospremium.cl/boligrafos-y-lapices-publicitarios/,https://regalospremium.cl/boligrafos-y-lapices-publicitarios/,CURRENT_FORMAT,NO,PRODUCTO,Oficina y Escritura,Lápices y Bolígrafos,,fallback grupo histórico,MEDIUM,0,0,0.0,1
"""lapices con logo""",Concordancia de frase,Boligrafos y Lápices,Habilitado,Limitado,https://regalospremium.cl/boligrafos-y-lapices-publicitarios/,https://regalospremium.cl/boligrafos-y-lapices-publicitarios/,CURRENT_FORMAT,NO,PRODUCTO,Oficina y Escritura,Lápices y Bolígrafos,,keyword→objeto,HIGH,0,0,0.0,1
"""lapices con nombre""",Concordancia de frase,Boligrafos y Lápices,Habilitado,Limitado,https://regalospremium.cl/boligrafos-y-lapices-publicitarios/,https://regalospremium.cl/boligrafos-y-lapices-publicitarios/,CURRENT_FORMAT,NO,PRODUCTO,Oficina y Escritura,Lápices y Bolígrafos,,keyword→objeto,HIGH,0,0,0.0,1
"""lápices corporativos""",Concordancia de frase,Boligrafos y Lápices,Habilitado,Limitado,https://regalospremium.cl/boligrafos-y-lapices-publicitarios/,https://regalospremium.cl/boligrafos-y-lapices-publicitarios/,CURRENT_FORMAT,NO,PRODUCTO,Oficina y Escritura,Lápices y Bolígrafos,,keyword→objeto,HIGH,0,0,0.0,1
"""lapices corporativos""",Concordancia de frase,Boligrafos y Lápices,Habilitado,Limitado,https://regalospremium.cl/boligrafos-y-lapices-publicitarios/,https://regalospremium.cl/boligrafos-y-lapices-publicitarios/,CURRENT_FORMAT,NO,PRODUCTO,Oficina y Escritura,Lápices y Bolígrafos,,keyword→objeto,HIGH,0,0,0.0,1
"""lapices para personalizar""",Concordancia de frase,Boligrafos y Lápices,Habilitado,Limitado,https://regalospremium.cl/boligrafos-y-lapices-publicitarios/,https://regalospremium.cl/boligrafos-y-lapices-publicitarios/,CURRENT_FORMAT,NO,PRODUCTO,Oficina y Escritura,Lápices y Bolígrafos,,keyword→objeto,HIGH,0,0,0.0,1
"""lapices personalizados baratos""",Concordancia de frase,Boligrafos y Lápices,Habilitado,Limitado,https://regalospremium.cl/boligrafos-y-lapices-publicitarios/,https://regalospremium.cl/boligrafos-y-lapices-publicitarios/,CURRENT_FORMAT,NO,PRODUCTO,Oficina y Escritura,Lápices y Bolígrafos,,keyword→objeto,HIGH,0,0,0.0,1
"""lapices personalizados con nombre""",Concordancia de frase,Boligrafos y Lápices,Habilitado,Apto,https://regalospremium.cl/boligrafos-y-lapices-publicitarios/,https://regalospremium.cl/boligrafos-y-lapices-publicitarios/,CURRENT_FORMAT,NO,PRODUCTO,Oficina y Escritura,Lápices y Bolígrafos,,keyword→objeto,HIGH,0,0,0.0,1
"""lapices personalizados para empresas""",Concordancia de frase,Boligrafos y Lápices,Habilitado,Limitado,https://regalospremium.cl/boligrafos-y-lapices-publicitarios/,https://regalospremium.cl/boligrafos-y-lapices-publicitarios/,CURRENT_FORMAT,NO,PRODUCTO,Oficina y Escritura,Lápices y Bolígrafos,,keyword→objeto,HIGH,0,0,0.0,1
"""lapices promocionales""",Concordancia de frase,Boligrafos y Lápices,Habilitado,Limitado,https://regalospremium.cl/boligrafos-y-lapices-publicitarios/,https://regalospremium.cl/boligrafos-y-lapices-publicitarios/,CURRENT_FORMAT,NO,PRODUCTO,Oficina y Escritura,Lápices y Bolígrafos,,keyword→objeto,HIGH,0,0,0.0,1
"""lapices publicidad""",Concordancia de frase,Boligrafos y Lápices,Habilitado,Limitado,https://regalospremium.cl/boligrafos-y-lapices-publicitarios/,https://regalospremium.cl/boligrafos-y-lapices-publicitarios/,CURRENT_FORMAT,NO,PRODUCTO,Oficina y Escritura,Lápices y Bolígrafos,,keyword→objeto,HIGH,0,0,0.0,1
"""lapices publicitarios""",Concordancia de frase,Boligrafos y Lápices,Habilitado,Limitado,https://regalospremium.cl/boligrafos-y-lapices-publicitarios/,https://regalospremium.cl/boligrafos-y-lapices-publicitarios/,CURRENT_FORMAT,NO,PRODUCTO,Oficina y Escritura,Lápices y Bolígrafos,,keyword→objeto,HIGH,0,0,0.0,1
"""lapiz con logo""",Concordancia de frase,Boligrafos y Lápices,Habilitado,Limitado,https://regalospremium.cl/boligrafos-y-lapices-publicitarios/,https://regalospremium.cl/boligrafos-y-lapices-publicitarios/,CURRENT_FORMAT,NO,PRODUCTO,Oficina y Escritura,Lápices y Bolígrafos,,keyword→objeto,HIGH,0,0,0.0,1
"""lapiz promocional""",Concordancia de frase,Boligrafos y Lápices,Habilitado,Limitado,https://regalospremium.cl/boligrafos-y-lapices-publicitarios/,https://regalospremium.cl/boligrafos-y-lapices-publicitarios/,CURRENT_FORMAT,NO,PRODUCTO,Oficina y Escritura,Lápices y Bolígrafos,,keyword→objeto,HIGH,0,0,0.0,1
"""personalizar lapices""",Concordancia de frase,Boligrafos y Lápices,Habilitado,Limitado,https://regalospremium.cl/boligrafos-y-lapices-publicitarios/,https://regalospremium.cl/boligrafos-y-lapices-publicitarios/,CURRENT_FORMAT,NO,PRODUCTO,Oficina y Escritura,Lápices y Bolígrafos,,keyword→objeto,HIGH,0,0,0.0,1
"""Basurines TNT Para Auto""",Concordancia de frase,Bolsas Ecológicas,Habilitado,No apto,,,EMPTY,NO,PRODUCTO,Bolsos y Viaje,Bolsas,,fallback grupo histórico,MEDIUM,0,0,0.0,1
"""bolsa de algodon""",Concordancia de frase,Bolsas Ecológicas,Habilitado,Limitado,,,EMPTY,NO,PRODUCTO,Bolsos y Viaje,Bolsas,,keyword→objeto,HIGH,0,0,0.0,1
"""bolsa de genero""",Concordancia de frase,Bolsas Ecológicas,Habilitado,Limitado,,,EMPTY,NO,PRODUCTO,Bolsos y Viaje,Bolsas,,keyword→objeto,HIGH,0,0,0.0,1
"""bolsa de tela""",Concordancia de frase,Bolsas Ecológicas,Habilitado,Limitado,,,EMPTY,NO,PRODUCTO,Bolsos y Viaje,Bolsas,,keyword→objeto,HIGH,0,0,0.0,1
"""bolsa genero""",Concordancia de frase,Bolsas Ecológicas,Habilitado,Limitado,,,EMPTY,NO,PRODUCTO,Bolsos y Viaje,Bolsas,,keyword→objeto,HIGH,0,0,0.0,1
"""bolsa reutilizable algodon""",Concordancia de frase,Bolsas Ecológicas,Habilitado,Apto,,,EMPTY,NO,PRODUCTO,Bolsos y Viaje,Bolsas,,keyword→objeto,HIGH,0,0,0.0,1
"""bolsa tela""",Concordancia de frase,Bolsas Ecológicas,Habilitado,Limitado,,,EMPTY,NO,PRODUCTO,Bolsos y Viaje,Bolsas,,keyword→objeto,HIGH,0,0,0.0,1
"""bolsa tnt sublimable""",Concordancia de frase,Bolsas Ecológicas,Habilitado,Limitado,,,EMPTY,NO,PRODUCTO,Bolsos y Viaje,Bolsas,,keyword→objeto,HIGH,0,0,0.0,1
"""bolsas algodon""",Concordancia de frase,Bolsas Ecológicas,Habilitado,Limitado,,,EMPTY,NO,PRODUCTO,Bolsos y Viaje,Bolsas,,keyword→objeto,HIGH,0,0,0.0,1
"""Bolsas de Algodón""",Concordancia de frase,Bolsas Ecológicas,Habilitado,Limitado,,,EMPTY,NO,PRODUCTO,Bolsos y Viaje,Bolsas,,keyword→objeto,HIGH,0,0,0.0,1
"""Bolsas de Fieltro""",Concordancia de frase,Bolsas Ecológicas,Habilitado,Limitado,https://regalospremium.cl/bolsas-publicitarias-con-logotipo/,https://regalospremium.cl/bolsas-publicitarias-con-logotipo/,CURRENT_FORMAT,NO,PRODUCTO,Bolsos y Viaje,Bolsas,,keyword→objeto,HIGH,0,0,0.0,1
"""bolsas de tela chile""",Concordancia de frase,Bolsas Ecológicas,Habilitado,Limitado,,,EMPTY,NO,PRODUCTO,Bolsos y Viaje,Bolsas,,keyword→objeto,HIGH,0,0,0.0,1
"""Bolsas de TNT""",Concordancia de frase,Bolsas Ecológicas,Habilitado,Limitado,,,EMPTY,NO,PRODUCTO,Bolsos y Viaje,Bolsas,,keyword→objeto,HIGH,0,0,0.0,1
"""Bolsas de Vino en TNT""",Concordancia de frase,Bolsas Ecológicas,Habilitado,No apto,,,EMPTY,NO,PRODUCTO,Hogar y Bebidas,Accesorios de Vino,,keyword→objeto,HIGH,0,0,0.0,1
"""Bolsas de Yute""",Concordancia de frase,Bolsas Ecológicas,Habilitado,Limitado,,,EMPTY,NO,PRODUCTO,Bolsos y Viaje,Bolsas,,keyword→objeto,HIGH,0,0,0.0,1
"""Bolsas de yute con impresión a medida""",Concordancia de frase,Bolsas Ecológicas,Habilitado,No apto,,,EMPTY,NO,PRODUCTO,Bolsos y Viaje,Bolsas,,keyword→objeto,HIGH,0,0,0.0,1
"""Bolsas de yute con logo""",Concordancia de frase,Bolsas Ecológicas,Habilitado,Limitado,,,EMPTY,NO,PRODUCTO,Bolsos y Viaje,Bolsas,,keyword→objeto,HIGH,0,0,0.0,1
"""Bolsas de yute con logo para campañas publicitarias""",Concordancia de frase,Bolsas Ecológicas,Habilitado,No apto,,,EMPTY,NO,PRODUCTO,Bolsos y Viaje,Bolsas,,keyword→objeto,HIGH,0,0,0.0,1
"""Bolsas de yute de alta calidad""",Concordancia de frase,Bolsas Ecológicas,Habilitado,No apto,,,EMPTY,NO,PRODUCTO,Bolsos y Viaje,Bolsas,,keyword→objeto,HIGH,0,0,0.0,1
"""Bolsas de yute ecológicas y reutilizables""",Concordancia de frase,Bolsas Ecológicas,Habilitado,No apto,,,EMPTY,NO,PRODUCTO,Bolsos y Viaje,Bolsas,,keyword→objeto,HIGH,0,0,0.0,1
"""Bolsas de yute impresas para regalos""",Concordancia de frase,Bolsas Ecológicas,Habilitado,No apto,,,EMPTY,NO,PRODUCTO,Bolsos y Viaje,Bolsas,,keyword→objeto,HIGH,0,0,0.0,1
"""Bolsas de yute para empresas sostenibles""",Concordancia de frase,Bolsas Ecológicas,Habilitado,No apto,,,EMPTY,NO,PRODUCTO,Bolsos y Viaje,Bolsas,,keyword→objeto,HIGH,0,0,0.0,1
"""Bolsas de yute para ferias y eventos""",Concordancia de frase,Bolsas Ecológicas,Habilitado,No apto,,,EMPTY,NO,PRODUCTO,Bolsos y Viaje,Bolsas,,keyword→objeto,HIGH,0,0,0.0,1
"""Bolsas de yute para merchandising""",Concordancia de frase,Bolsas Ecológicas,Habilitado,No apto,,,EMPTY,NO,PRODUCTO,Bolsos y Viaje,Bolsas,,keyword→objeto,HIGH,0,0,0.0,1
"""Bolsas de yute para tiendas""",Concordancia de frase,Bolsas Ecológicas,Habilitado,No apto,,,EMPTY,NO,PRODUCTO,Bolsos y Viaje,Bolsas,,keyword→objeto,HIGH,0,0,0.0,1
"""Bolsas de yute personalizadas""",Concordancia de frase,Bolsas Ecológicas,Habilitado,Limitado,,,EMPTY,NO,PRODUCTO,Bolsos y Viaje,Bolsas,,keyword→objeto,HIGH,0,0,0.0,1
"""Bolsas de yute personalizadas para tiendas""",Concordancia de frase,Bolsas Ecológicas,Habilitado,No apto,,,EMPTY,NO,PRODUCTO,Bolsos y Viaje,Bolsas,,keyword→objeto,HIGH,0,0,0.0,1
"""Bolsas de yute promocionales para marcas ecológicas""",Concordancia de frase,Bolsas Ecológicas,Habilitado,No apto,,,EMPTY,NO,PRODUCTO,Bolsos y Viaje,Bolsas,,keyword→objeto,HIGH,0,0,0.0,1
"""Bolsas de yute publicitarias""",Concordancia de frase,Bolsas Ecológicas,Habilitado,Apto,,,EMPTY,NO,PRODUCTO,Bolsos y Viaje,Bolsas,,keyword→objeto,HIGH,0,0,0.0,1
"""Bolsas de yute serigrafiadas""",Concordancia de frase,Bolsas Ecológicas,Habilitado,No apto,,,EMPTY,NO,PRODUCTO,Bolsos y Viaje,Bolsas,,keyword→objeto,HIGH,0,0,0.0,1
"""bolsas ecológicas""",Concordancia de frase,Bolsas Ecológicas,Habilitado,Limitado,,,EMPTY,NO,PRODUCTO,Bolsos y Viaje,Bolsas,,keyword→objeto,HIGH,0,0,0.0,1
"""bolsas ecologicas""",Concordancia de frase,Bolsas Ecológicas,Habilitado,Limitado,,,EMPTY,NO,PRODUCTO,Bolsos y Viaje,Bolsas,,keyword→objeto,HIGH,0,0,0.0,1
"""bolsas ecológicas biodegradables""",Concordancia de frase,Bolsas Ecológicas,Habilitado,Limitado,,,EMPTY,NO,PRODUCTO,Bolsos y Viaje,Bolsas,,keyword→objeto,HIGH,0,0,0.0,1
"""bolsas ecologicas con logo""",Concordancia de frase,Bolsas Ecológicas,Habilitado,Limitado,,,EMPTY,NO,PRODUCTO,Bolsos y Viaje,Bolsas,,keyword→objeto,HIGH,0,0,0.0,1
"""bolsas ecologicas estampadas""",Concordancia de frase,Bolsas Ecológicas,Habilitado,Limitado,,,EMPTY,NO,PRODUCTO,Bolsos y Viaje,Bolsas,,keyword→objeto,HIGH,0,0,0.0,1
"""Bolsas ecológicas personalizadas""",Concordancia de frase,Bolsas Ecológicas,Habilitado,Limitado,,,EMPTY,NO,PRODUCTO,Bolsos y Viaje,Bolsas,,keyword→objeto,HIGH,0,0,0.0,1
"""bolsas ecologicas personalizadas""",Concordancia de frase,Bolsas Ecológicas,Habilitado,Limitado,,,EMPTY,NO,PRODUCTO,Bolsos y Viaje,Bolsas,,keyword→objeto,HIGH,0,0,0.0,1
"""bolsas ecologicas reutilizables""",Concordancia de frase,Bolsas Ecológicas,Habilitado,Limitado,,,EMPTY,NO,PRODUCTO,Bolsos y Viaje,Bolsas,,keyword→objeto,HIGH,0,0,0.0,1
"""bolsas genero personalizadas""",Concordancia de frase,Bolsas Ecológicas,Habilitado,Limitado,,,EMPTY,NO,PRODUCTO,Bolsos y Viaje,Bolsas,,keyword→objeto,HIGH,0,0,0.0,1
"""bolsas para estampar""",Concordancia de frase,Bolsas Ecológicas,Habilitado,Limitado,,,EMPTY,NO,PRODUCTO,Bolsos y Viaje,Bolsas,,keyword→objeto,HIGH,0,0,0.0,1
"""Bolsas Para eventos""",Concordancia de frase,Bolsas Ecológicas,Habilitado,Limitado,https://regalospremium.cl/bolsas-publicitarias-con-logotipo/,https://regalospremium.cl/bolsas-publicitarias-con-logotipo/,CURRENT_FORMAT,NO,PRODUCTO,Bolsos y Viaje,Bolsas,,keyword→objeto,HIGH,0,0,0.0,1
"""bolsas personalizadas reutilizables""",Concordancia de frase,Bolsas Ecológicas,Habilitado,Limitado,,,EMPTY,NO,PRODUCTO,Bolsos y Viaje,Bolsas,,keyword→objeto,HIGH,0,0,0.0,1
"""bolsas reciclables""",Concordancia de frase,Bolsas Ecológicas,Habilitado,Limitado,,,EMPTY,NO,PRODUCTO,Bolsos y Viaje,Bolsas,,keyword→objeto,HIGH,0,0,0.0,1
"""bolsas reutilizables personalizadas""",Concordancia de frase,Bolsas Ecológicas,Habilitado,Limitado,,,EMPTY,NO,PRODUCTO,Bolsos y Viaje,Bolsas,,keyword→objeto,HIGH,0,0,0.0,1
"""bolsas tela mayoreo""",Concordancia de frase,Bolsas Ecológicas,Habilitado,Limitado,,,EMPTY,NO,PRODUCTO,Bolsos y Viaje,Bolsas,,keyword→objeto,HIGH,0,0,0.0,1
"""Bolsas Tela Non Woven""",Concordancia de frase,Bolsas Ecológicas,Habilitado,Limitado,https://regalospremium.cl/bolsas-publicitarias-con-logotipo/,https://regalospremium.cl/bolsas-publicitarias-con-logotipo/,CURRENT_FORMAT,NO,PRODUCTO,Bolsos y Viaje,Bolsas,,keyword→objeto,HIGH,0,0,0.0,1
"""bolsas tnt""",Concordancia de frase,Bolsas Ecológicas,Habilitado,Limitado,,,EMPTY,NO,PRODUCTO,Bolsos y Viaje,Bolsas,,keyword→objeto,HIGH,0,0,0.0,1
"""bolsos ecológicos""",Concordancia de frase,Bolsas Ecológicas,Habilitado,Limitado,,,EMPTY,NO,PRODUCTO,Bolsos y Viaje,Bolsos,,keyword→objeto,HIGH,0,0,0.0,1
"""costo de bolsas biodegradables""",Concordancia de frase,Bolsas Ecológicas,Habilitado,Limitado,,,EMPTY,NO,PRODUCTO,Bolsos y Viaje,Bolsas,,keyword→objeto,HIGH,0,0,0.0,1
"""eco bolsa""",Concordancia de frase,Bolsas Ecológicas,Habilitado,Limitado,,,EMPTY,NO,PRODUCTO,Bolsos y Viaje,Bolsas,,keyword→objeto,HIGH,0,0,0.0,1
"""mochila algodon""",Concordancia de frase,Bolsas Ecológicas,Habilitado,Limitado,,,EMPTY,NO,PRODUCTO,Bolsos y Viaje,Mochilas,,keyword→objeto,HIGH,0,0,0.0,1
"""Morrales Para Eventos""",Concordancia de frase,Bolsas Ecológicas,Habilitado,No apto,https://regalospremium.cl/bolsas-publicitarias-con-logotipo/,https://regalospremium.cl/bolsas-publicitarias-con-logotipo/,CURRENT_FORMAT,NO,PRODUCTO,Bolsos y Viaje,Bolsas,,fallback grupo histórico,MEDIUM,0,0,0.0,1
"""Morrales TNT para Municipalidades""",Concordancia de frase,Bolsas Ecológicas,Habilitado,No apto,,,EMPTY,NO,PRODUCTO,Bolsos y Viaje,Bolsas,,fallback grupo histórico,MEDIUM,0,0,0.0,1
"""venta de bolsas ecologicas""",Concordancia de frase,Bolsas Ecológicas,Habilitado,Limitado,,,EMPTY,NO,PRODUCTO,Bolsos y Viaje,Bolsas,,keyword→objeto,HIGH,0,0,0.0,1
[bolsa morral],Concordancia exacta,Bolsas TNT,Habilitado,Limitado,,,EMPTY,NO,PRODUCTO,Bolsos y Viaje,Bolsas,,keyword→objeto,HIGH,0,0,0.0,1
"""barrio meiggs bolsas reciclables""",Concordancia de frase,Bolsas TNT,Habilitado,No apto,https://regalospremium.cl/bolsas-tnt/,https://regalospremium.cl/bolsas-tnt/,CURRENT_FORMAT,NO,PRODUCTO,Bolsos y Viaje,Bolsas,,keyword→objeto,HIGH,0,0,0.0,1
"""bolsa algodon""",Concordancia de frase,Bolsas TNT,Habilitado,Limitado,https://regalospremium.cl/bolsas-publicitarias-con-logotipo/,https://regalospremium.cl/bolsas-publicitarias-con-logotipo/,CURRENT_FORMAT,NO,PRODUCTO,Bolsos y Viaje,Bolsas,,keyword→objeto,HIGH,0,0,0.0,1
"""bolsa auto""",Concordancia de frase,Bolsas TNT,Habilitado,Limitado,https://regalospremium.cl/bolsas-publicitarias-con-logotipo/,https://regalospremium.cl/bolsas-publicitarias-con-logotipo/,CURRENT_FORMAT,NO,PRODUCTO,Bolsos y Viaje,Bolsas,,keyword→objeto,HIGH,0,0,0.0,1
"""bolsa basura autos lavable""",Concordancia de frase,Bolsas TNT,Habilitado,No apto,https://regalospremium.cl/bolsas-publicitarias-con-logotipo/,https://regalospremium.cl/bolsas-publicitarias-con-logotipo/,CURRENT_FORMAT,NO,PRODUCTO,Bolsos y Viaje,Bolsas,,keyword→objeto,HIGH,0,0,0.0,1
"""bolsa basura ecologica autos""",Concordancia de frase,Bolsas TNT,Habilitado,No apto,https://regalospremium.cl/bolsas-publicitarias-con-logotipo/,https://regalospremium.cl/bolsas-publicitarias-con-logotipo/,CURRENT_FORMAT,NO,PRODUCTO,Bolsos y Viaje,Bolsas,,keyword→objeto,HIGH,0,0,0.0,1
"""bolsa biodegradable""",Concordancia de frase,Bolsas TNT,Habilitado,Limitado,https://regalospremium.cl/bolsas-publicitarias-con-logotipo/,https://regalospremium.cl/bolsas-publicitarias-con-logotipo/,CURRENT_FORMAT,NO,PRODUCTO,Bolsos y Viaje,Bolsas,,keyword→objeto,HIGH,0,0,0.0,1
"""bolsa con fuelle""",Concordancia de frase,Bolsas TNT,Habilitado,Limitado,,,EMPTY,NO,PRODUCTO,Bolsos y Viaje,Bolsas,,keyword→objeto,HIGH,0,0,0.0,1
"""bolsa con logo""",Concordancia de frase,Bolsas TNT,Habilitado,No apto,https://regalospremium.cl/bolsas-tnt/,https://regalospremium.cl/bolsas-tnt/,CURRENT_FORMAT,NO,PRODUCTO,Bolsos y Viaje,Bolsas,,keyword→objeto,HIGH,0,0,0.0,1
"""bolsa cooler""",Concordancia de frase,Bolsas TNT,Habilitado,Limitado,https://regalospremium.cl/bolsas-publicitarias-con-logotipo/,https://regalospremium.cl/bolsas-publicitarias-con-logotipo/,CURRENT_FORMAT,NO,PRODUCTO,Bolsos y Viaje,Bolsas,,keyword→objeto,HIGH,0,0,0.0,1
"""bolsa de algodon""",Concordancia de frase,Bolsas TNT,Habilitado,Limitado,https://regalospremium.cl/bolsas-publicitarias-con-logotipo/,https://regalospremium.cl/bolsas-publicitarias-con-logotipo/,CURRENT_FORMAT,NO,PRODUCTO,Bolsos y Viaje,Bolsas,,keyword→objeto,HIGH,0,0,0.0,1
"""bolsa de boutique""",Concordancia de frase,Bolsas TNT,Habilitado,No apto,https://regalospremium.cl/bolsas-tnt/,https://regalospremium.cl/bolsas-tnt/,CURRENT_FORMAT,NO,PRODUCTO,Bolsos y Viaje,Bolsas,,keyword→objeto,HIGH,0,0,0.0,1
"""bolsa de genero""",Concordancia de frase,Bolsas TNT,Habilitado,Limitado,https://regalospremium.cl/bolsas-publicitarias-con-logotipo/,https://regalospremium.cl/bolsas-publicitarias-con-logotipo/,CURRENT_FORMAT,NO,PRODUCTO,Bolsos y Viaje,Bolsas,,keyword→objeto,HIGH,0,0,0.0,1
"""bolsa de regalo para botella de vino""",Concordancia de frase,Bolsas TNT,Habilitado,Limitado,https://regalospremium.cl/bolsas-publicitarias-con-logotipo/,https://regalospremium.cl/bolsas-publicitarias-con-logotipo/,CURRENT_FORMAT,NO,PRODUCTO,Hogar y Bebidas,Botellas,,keyword→objeto,HIGH,0,0,0.0,1
"""bolsa de tela""",Concordancia de frase,Bolsas TNT,Habilitado,Limitado,https://regalospremium.cl/bolsas-publicitarias-con-logotipo/,https://regalospremium.cl/bolsas-publicitarias-con-logotipo/,CURRENT_FORMAT,NO,PRODUCTO,Bolsos y Viaje,Bolsas,,keyword→objeto,HIGH,0,0,0.0,1
"""bolsa de tela ecologica minorista""",Concordancia de frase,Bolsas TNT,Habilitado,No apto,https://regalospremium.cl/bolsas-publicitarias-con-logotipo/,https://regalospremium.cl/bolsas-publicitarias-con-logotipo/,CURRENT_FORMAT,NO,PRODUCTO,Bolsos y Viaje,Bolsas,,keyword→objeto,HIGH,0,0,0.0,1
"""bolsa de viaje""",Concordancia de frase,Bolsas TNT,Habilitado,Limitado,,,EMPTY,NO,PRODUCTO,Bolsos y Viaje,Bolsas,,keyword→objeto,HIGH,0,0,0.0,1
"""Bolsa de yute""",Concordancia de frase,Bolsas TNT,Habilitado,Apto,https://regalospremium.cl/bolsas-de-yute-publicitarias/,https://regalospremium.cl/bolsas-de-yute-publicitarias/,CURRENT_FORMAT,NO,PRODUCTO,Bolsos y Viaje,Bolsas,,keyword→objeto,HIGH,0,0,0.0,1
"""bolsa de yute promocional""",Concordancia de frase,Bolsas TNT,Habilitado,Limitado,https://regalospremium.cl/bolsas-publicitarias-con-logotipo/,https://regalospremium.cl/bolsas-publicitarias-con-logotipo/,CURRENT_FORMAT,NO,PRODUCTO,Bolsos y Viaje,Bolsas,,keyword→objeto,HIGH,0,0,0.0,1
"""bolsa Eco algodon""",Concordancia de frase,Bolsas TNT,Habilitado,No apto,https://regalospremium.cl/bolsas-publicitarias-con-logotipo/,https://regalospremium.cl/bolsas-publicitarias-con-logotipo/,CURRENT_FORMAT,NO,PRODUCTO,Bolsos y Viaje,Bolsas,,keyword→objeto,HIGH,0,0,0.0,1
"""bolsa ecológica""",Concordancia de frase,Bolsas TNT,Habilitado,Limitado,https://regalospremium.cl/bolsas-publicitarias-con-logotipo/,https://regalospremium.cl/bolsas-publicitarias-con-logotipo/,CURRENT_FORMAT,NO,PRODUCTO,Bolsos y Viaje,Bolsas,,keyword→objeto,HIGH,0,0,0.0,1
"""bolsa ecologica algodon""",Concordancia de frase,Bolsas TNT,Habilitado,No apto,https://regalospremium.cl/bolsas-de-algodon/,https://regalospremium.cl/bolsas-de-algodon/,CURRENT_FORMAT,NO,PRODUCTO,Bolsos y Viaje,Bolsas,,keyword→objeto,HIGH,0,0,0.0,1
"""Bolsa ecológica azul""",Concordancia de frase,Bolsas TNT,Habilitado,Limitado,https://regalospremium.cl/bolsas-de-tnt-publicitarias/,https://regalospremium.cl/bolsas-de-tnt-publicitarias/,CURRENT_FORMAT,NO,PRODUCTO,Bolsos y Viaje,Bolsas,,keyword→objeto,HIGH,0,0,0.0,1
"""bolsa ecologica cierra""",Concordancia de frase,Bolsas TNT,Habilitado,No apto,https://regalospremium.cl/bolsas-tnt/,https://regalospremium.cl/bolsas-tnt/,CURRENT_FORMAT,NO,PRODUCTO,Bolsos y Viaje,Bolsas,,keyword→objeto,HIGH,0,0,0.0,1
"""bolsa ecologica con fuelle""",Concordancia de frase,Bolsas TNT,Habilitado,Limitado,https://regalospremium.cl/bolsas-publicitarias-con-logotipo/,https://regalospremium.cl/bolsas-publicitarias-con-logotipo/,CURRENT_FORMAT,NO,PRODUCTO,Bolsos y Viaje,Bolsas,,keyword→objeto,HIGH,0,0,0.0,1
"""bolsa ecológica en tela tnt""",Concordancia de frase,Bolsas TNT,Habilitado,No apto,https://regalospremium.cl/bolsas-publicitarias-con-logotipo/,https://regalospremium.cl/bolsas-publicitarias-con-logotipo/,CURRENT_FORMAT,NO,PRODUCTO,Bolsos y Viaje,Bolsas,,keyword→objeto,HIGH,0,0,0.0,1
"""bolsa+ecologica+impresa""",Concordancia de frase,Bolsas TNT,Habilitado,No apto,https://regalospremium.cl/bolsas-de-algodon/,https://regalospremium.cl/bolsas-de-algodon/,CURRENT_FORMAT,NO,PRODUCTO,Bolsos y Viaje,Bolsas,,keyword→objeto,HIGH,0,0,0.0,1
"""bolsa ecológica para sublimar""",Concordancia de frase,Bolsas TNT,Habilitado,No apto,https://regalospremium.cl/bolsas-de-algodon/,https://regalospremium.cl/bolsas-de-algodon/,CURRENT_FORMAT,NO,PRODUCTO,Bolsos y Viaje,Bolsas,,keyword→objeto,HIGH,0,0,0.0,1
"""bolsa ecologica personalizada chile""",Concordancia de frase,Bolsas TNT,Habilitado,No apto,https://regalospremium.cl/bolsas-publicitarias-con-logotipo/,https://regalospremium.cl/bolsas-publicitarias-con-logotipo/,CURRENT_FORMAT,NO,PRODUCTO,Bolsos y Viaje,Bolsas,,keyword→objeto,HIGH,0,0,0.0,1
"""bolsa ecologica por mayor""",Concordancia de frase,Bolsas TNT,Habilitado,Limitado,https://regalospremium.cl/bolsas-publicitarias-con-logotipo/,https://regalospremium.cl/bolsas-publicitarias-con-logotipo/,CURRENT_FORMAT,NO,PRODUCTO,Bolsos y Viaje,Bolsas,,keyword→objeto,HIGH,0,0,0.0,1
"""bolsa ecologica precio""",Concordancia de frase,Bolsas TNT,Habilitado,Limitado,https://regalospremium.cl/bolsas-publicitarias-con-logotipo/,https://regalospremium.cl/bolsas-publicitarias-con-logotipo/,CURRENT_FORMAT,NO,PRODUCTO,Bolsos y Viaje,Bolsas,,keyword→objeto,HIGH,0,0,0.0,1
"""bolsa ecologica reutilizable""",Concordancia de frase,Bolsas TNT,Habilitado,Limitado,https://regalospremium.cl/bolsas-publicitarias-con-logotipo/,https://regalospremium.cl/bolsas-publicitarias-con-logotipo/,CURRENT_FORMAT,NO,PRODUCTO,Bolsos y Viaje,Bolsas,,keyword→objeto,HIGH,0,0,0.0,1
"""bolsa ecológica venta""",Concordancia de frase,Bolsas TNT,Habilitado,No apto,https://regalospremium.cl/bolsas-tnt/,https://regalospremium.cl/bolsas-tnt/,CURRENT_FORMAT,NO,PRODUCTO,Bolsos y Viaje,Bolsas,,keyword→objeto,HIGH,0,0,0.0,1
"""bolsa ecologicas""",Concordancia de frase,Bolsas TNT,Habilitado,Limitado,https://regalospremium.cl/bolsas-publicitarias-con-logotipo/,https://regalospremium.cl/bolsas-publicitarias-con-logotipo/,CURRENT_FORMAT,NO,PRODUCTO,Bolsos y Viaje,Bolsas,,keyword→objeto,HIGH,0,0,0.0,1
"""bolsa estampada chile""",Concordancia de frase,Bolsas TNT,Habilitado,No apto,https://regalospremium.cl/bolsas-publicitarias-con-logotipo/,https://regalospremium.cl/bolsas-publicitarias-con-logotipo/,CURRENT_FORMAT,NO,PRODUCTO,Bolsos y Viaje,Bolsas,,keyword→objeto,HIGH,0,0,0.0,1
"""bolsa genero""",Concordancia de frase,Bolsas TNT,Habilitado,Limitado,https://regalospremium.cl/bolsas-publicitarias-con-logotipo/,https://regalospremium.cl/bolsas-publicitarias-con-logotipo/,CURRENT_FORMAT,NO,PRODUCTO,Bolsos y Viaje,Bolsas,,keyword→objeto,HIGH,0,0,0.0,1
"""bolsa impresa""",Concordancia de frase,Bolsas TNT,Habilitado,Limitado,https://regalospremium.cl/bolsas-publicitarias-con-logotipo/,https://regalospremium.cl/bolsas-publicitarias-con-logotipo/,CURRENT_FORMAT,NO,PRODUCTO,Bolsos y Viaje,Bolsas,,keyword→objeto,HIGH,0,0,0.0,1
"""bolsa logo""",Concordancia de frase,Bolsas TNT,Habilitado,Limitado,https://regalospremium.cl/bolsas-publicitarias-con-logotipo/,https://regalospremium.cl/bolsas-publicitarias-con-logotipo/,CURRENT_FORMAT,NO,PRODUCTO,Bolsos y Viaje,Bolsas,,keyword→objeto,HIGH,0,0,0.0,1
"""bolsa mochila ecologica""",Concordancia de frase,Bolsas TNT,Habilitado,Apto,https://regalospremium.cl/mochilas/,https://regalospremium.cl/mochilas/,CURRENT_FORMAT,NO,PRODUCTO,Bolsos y Viaje,Bolsas,,keyword→objeto,HIGH,0,0,0.0,1
"""bolsa mochila reflectante""",Concordancia de frase,Bolsas TNT,Habilitado,No apto,https://regalospremium.cl/bolsas-publicitarias-con-logotipo/,https://regalospremium.cl/bolsas-publicitarias-con-logotipo/,CURRENT_FORMAT,NO,PRODUCTO,Bolsos y Viaje,Bolsas,,keyword→objeto,HIGH,0,0,0.0,1
"""bolsa para botellas de vino""",Concordancia de frase,Bolsas TNT,Habilitado,Limitado,https://regalospremium.cl/bolsas-publicitarias-con-logotipo/,https://regalospremium.cl/bolsas-publicitarias-con-logotipo/,CURRENT_FORMAT,NO,PRODUCTO,Hogar y Bebidas,Botellas,,keyword→objeto,HIGH,0,0,0.0,1
"""bolsa para mujer""",Concordancia de frase,Bolsas TNT,Habilitado,Limitado,,,EMPTY,NO,PRODUCTO,Bolsos y Viaje,Bolsas,,keyword→objeto,HIGH,0,0,0.0,1
"""bolsa para negocio""",Concordancia de frase,Bolsas TNT,Habilitado,Limitado,https://regalospremium.cl/bolsas-publicitarias-con-logotipo/,https://regalospremium.cl/bolsas-publicitarias-con-logotipo/,CURRENT_FORMAT,NO,PRODUCTO,Bolsos y Viaje,Bolsas,,keyword→objeto,HIGH,0,0,0.0,1
"""bolsa para notebook""",Concordancia de frase,Bolsas TNT,Habilitado,Limitado,https://regalospremium.cl/bolsas-publicitarias-con-logotipo/,https://regalospremium.cl/bolsas-publicitarias-con-logotipo/,CURRENT_FORMAT,NO,PRODUCTO,Oficina y Escritura,Libretas y Cuadernos,,keyword→objeto,HIGH,0,0,0.0,1
"""bolsa para viajes""",Concordancia de frase,Bolsas TNT,Habilitado,Limitado,,,EMPTY,NO,PRODUCTO,Bolsos y Viaje,Bolsas,,keyword→objeto,HIGH,0,0,0.0,1
"""Bolsa para vino""",Concordancia de frase,Bolsas TNT,Habilitado,No apto,https://regalospremium.cl/bolsas-tnt/,https://regalospremium.cl/bolsas-tnt/,CURRENT_FORMAT,NO,PRODUCTO,Hogar y Bebidas,Accesorios de Vino,,keyword→objeto,HIGH,0,0,0.0,1
"""bolsa por mayor""",Concordancia de frase,Bolsas TNT,Habilitado,Limitado,https://regalospremium.cl/bolsas-publicitarias-con-logotipo/,https://regalospremium.cl/bolsas-publicitarias-con-logotipo/,CURRENT_FORMAT,NO,PRODUCTO,Bolsos y Viaje,Bolsas,,keyword→objeto,HIGH,0,0,0.0,1
"""bolsa promocional recoleta""",Concordancia de frase,Bolsas TNT,Habilitado,No apto,https://regalospremium.cl/bolsas-tnt/,https://regalospremium.cl/bolsas-tnt/,CURRENT_FORMAT,NO,PRODUCTO,Bolsos y Viaje,Bolsas,,keyword→objeto,HIGH,0,0,0.0,1
"""bolsa promocionales""",Concordancia de frase,Bolsas TNT,Habilitado,Limitado,https://regalospremium.cl/bolsas-publicitarias-con-logotipo/,https://regalospremium.cl/bolsas-publicitarias-con-logotipo/,CURRENT_FORMAT,NO,PRODUCTO,Bolsos y Viaje,Bolsas,,keyword→objeto,HIGH,0,0,0.0,1
"""bolsa reciclable""",Concordancia de frase,Bolsas TNT,Habilitado,No apto,https://regalospremium.cl/bolsas-de-algodon/,https://regalospremium.cl/bolsas-de-algodon/,CURRENT_FORMAT,NO,PRODUCTO,Bolsos y Viaje,Bolsas,,keyword→objeto,HIGH,0,0,0.0,1
"""bolsa recolectora de reciclaje""",Concordancia de frase,Bolsas TNT,Habilitado,No apto,https://regalospremium.cl/bolsas-publicitarias-con-logotipo/,https://regalospremium.cl/bolsas-publicitarias-con-logotipo/,CURRENT_FORMAT,NO,PRODUCTO,Bolsos y Viaje,Bolsas,,keyword→objeto,HIGH,0,0,0.0,1
"""bolsa recuerdo cumpleaños por mayor""",Concordancia de frase,Bolsas TNT,Habilitado,No apto,https://regalospremium.cl/bolsas-tnt/,https://regalospremium.cl/bolsas-tnt/,CURRENT_FORMAT,NO,PRODUCTO,Bolsos y Viaje,Bolsas,,keyword→objeto,HIGH,0,0,0.0,1
"""bolsa reusable""",Concordancia de frase,Bolsas TNT,Habilitado,Limitado,https://regalospremium.cl/bolsas-publicitarias-con-logotipo/,https://regalospremium.cl/bolsas-publicitarias-con-logotipo/,CURRENT_FORMAT,NO,PRODUCTO,Bolsos y Viaje,Bolsas,,keyword→objeto,HIGH,0,0,0.0,1
"""bolsa reutilizable""",Concordancia de frase,Bolsas TNT,Habilitado,Limitado,https://regalospremium.cl/bolsas-publicitarias-con-logotipo/,https://regalospremium.cl/bolsas-publicitarias-con-logotipo/,CURRENT_FORMAT,NO,PRODUCTO,Bolsos y Viaje,Bolsas,,keyword→objeto,HIGH,0,0,0.0,1
"""bolsa reutilizable algodon""",Concordancia de frase,Bolsas TNT,Habilitado,No apto,https://regalospremium.cl/bolsas-de-algodon/,https://regalospremium.cl/bolsas-de-algodon/,CURRENT_FORMAT,NO,PRODUCTO,Bolsos y Viaje,Bolsas,,keyword→objeto,HIGH,0,0,0.0,1
"""bolsa tafeta""",Concordancia de frase,Bolsas TNT,Habilitado,Limitado,https://regalospremium.cl/bolsas-publicitarias-con-logotipo/,https://regalospremium.cl/bolsas-publicitarias-con-logotipo/,CURRENT_FORMAT,NO,PRODUCTO,Bolsos y Viaje,Bolsas,,keyword→objeto,HIGH,0,0,0.0,1
"""bolsa tela""",Concordancia de frase,Bolsas TNT,Habilitado,Limitado,https://regalospremium.cl/bolsas-publicitarias-con-logotipo/,https://regalospremium.cl/bolsas-publicitarias-con-logotipo/,CURRENT_FORMAT,NO,PRODUCTO,Bolsos y Viaje,Bolsas,,keyword→objeto,HIGH,0,0,0.0,1
"""bolsa tela algodon""",Concordancia de frase,Bolsas TNT,Habilitado,No apto,https://regalospremium.cl/bolsas-de-algodon/,https://regalospremium.cl/bolsas-de-algodon/,CURRENT_FORMAT,NO,PRODUCTO,Bolsos y Viaje,Bolsas,,keyword→objeto,HIGH,0,0,0.0,1
"""bolsa tela por mayor""",Concordancia de frase,Bolsas TNT,Habilitado,Limitado,https://regalospremium.cl/bolsas-publicitarias-con-logotipo/,https://regalospremium.cl/bolsas-publicitarias-con-logotipo/,CURRENT_FORMAT,NO,PRODUCTO,Bolsos y Viaje,Bolsas,,keyword→objeto,HIGH,0,0,0.0,1
"""bolsa tela tnt""",Concordancia de frase,Bolsas TNT,Habilitado,Limitado,https://regalospremium.cl/bolsas-publicitarias-con-logotipo/,https://regalospremium.cl/bolsas-publicitarias-con-logotipo/,CURRENT_FORMAT,NO,PRODUCTO,Bolsos y Viaje,Bolsas,,keyword→objeto,HIGH,0,0,0.0,1
"""bolsa termica frio""",Concordancia de frase,Bolsas TNT,Habilitado,Limitado,,,EMPTY,NO,PRODUCTO,Bolsos y Viaje,Bolsas,,keyword→objeto,HIGH,0,0,0.0,1
"""bolsa tnt""",Concordancia de frase,Bolsas TNT,Habilitado,Limitado,https://regalospremium.cl/bolsas-publicitarias-con-logotipo/,https://regalospremium.cl/bolsas-publicitarias-con-logotipo/,CURRENT_FORMAT,NO,PRODUCTO,Bolsos y Viaje,Bolsas,,keyword→objeto,HIGH,0,0,0.0,1
"""bolsa tnt 26x30""",Concordancia de frase,Bolsas TNT,Habilitado,No apto,https://regalospremium.cl/bolsas-tnt/,https://regalospremium.cl/bolsas-tnt/,CURRENT_FORMAT,NO,PRODUCTO,Bolsos y Viaje,Bolsas,,keyword→objeto,HIGH,0,0,0.0,1
"""bolsa tnt basurero""",Concordancia de frase,Bolsas TNT,Habilitado,Apto,https://regalospremium.cl/bolsas-tnt/bolsa-basurin-para-vehiculo.html?mot_tcid=ba2fb161-0f90-4738-839a-95d72249b396,https://regalospremium.cl/bolsas-tnt/bolsa-basurin-para-vehiculo.html?mot_tcid=ba2fb161-0f90-4738-839a-95d72249b396,CURRENT_FORMAT,NO,PRODUCTO,Bolsos y Viaje,Bolsas,,keyword→objeto,HIGH,0,0,0.0,1
"""bolsa tnt blanca""",Concordancia de frase,Bolsas TNT,Habilitado,Limitado,https://regalospremium.cl/bolsas-publicitarias-con-logotipo/,https://regalospremium.cl/bolsas-publicitarias-con-logotipo/,CURRENT_FORMAT,NO,PRODUCTO,Bolsos y Viaje,Bolsas,,keyword→objeto,HIGH,0,0,0.0,1
"""bolsa tnt con logo""",Concordancia de frase,Bolsas TNT,Habilitado,Limitado,https://regalospremium.cl/bolsas-publicitarias-con-logotipo/,https://regalospremium.cl/bolsas-publicitarias-con-logotipo/,CURRENT_FORMAT,NO,PRODUCTO,Bolsos y Viaje,Bolsas,,keyword→objeto,HIGH,0,0,0.0,1
"""bolsa tnt negra""",Concordancia de frase,Bolsas TNT,Habilitado,Limitado,https://regalospremium.cl/bolsas-de-tnt-publicitarias/,https://regalospremium.cl/bolsas-de-tnt-publicitarias/,CURRENT_FORMAT,NO,PRODUCTO,Bolsos y Viaje,Bolsas,,keyword→objeto,HIGH,0,0,0.0,1
"""bolsa tnt por mayor""",Concordancia de frase,Bolsas TNT,Habilitado,Limitado,https://regalospremium.cl/bolsas-publicitarias-con-logotipo/,https://regalospremium.cl/bolsas-publicitarias-con-logotipo/,CURRENT_FORMAT,NO,PRODUCTO,Bolsos y Viaje,Bolsas,,keyword→objeto,HIGH,0,0,0.0,1
"""bolsa tnt reflectante""",Concordancia de frase,Bolsas TNT,Habilitado,No apto,https://regalospremium.cl/bolsas-publicitarias-con-logotipo/,https://regalospremium.cl/bolsas-publicitarias-con-logotipo/,CURRENT_FORMAT,NO,PRODUCTO,Bolsos y Viaje,Bolsas,,keyword→objeto,HIGH,0,0,0.0,1
"""bolsa tnt sublimable""",Concordancia de frase,Bolsas TNT,Habilitado,No apto,https://regalospremium.cl/bolsas-de-algodon/,https://regalospremium.cl/bolsas-de-algodon/,CURRENT_FORMAT,NO,PRODUCTO,Bolsos y Viaje,Bolsas,,keyword→objeto,HIGH,0,0,0.0,1
"""bolsa y mochila""",Concordancia de frase,Bolsas TNT,Habilitado,Limitado,https://regalospremium.cl/bolsas-publicitarias-con-logotipo/,https://regalospremium.cl/bolsas-publicitarias-con-logotipo/,CURRENT_FORMAT,NO,PRODUCTO,Bolsos y Viaje,Bolsas,,keyword→objeto,HIGH,0,0,0.0,1
"""bolsa yute""",Concordancia de frase,Bolsas TNT,Habilitado,Limitado,https://regalospremium.cl/bolsas-de-yute-publicitarias/,https://regalospremium.cl/bolsas-de-yute-publicitarias/,CURRENT_FORMAT,NO,PRODUCTO,Bolsos y Viaje,Bolsas,,keyword→objeto,HIGH,0,0,0.0,1
"""bolsas 30 x 40""",Concordancia de frase,Bolsas TNT,Habilitado,Limitado,https://regalospremium.cl/bolsas-tnt/bolsa-reutilizable-conference.html,https://regalospremium.cl/bolsas-tnt/bolsa-reutilizable-conference.html,CURRENT_FORMAT,NO,PRODUCTO,Bolsos y Viaje,Bolsas,,keyword→objeto,HIGH,0,0,0.0,1
"""bolsas al por mayor""",Concordancia de frase,Bolsas TNT,Habilitado,Limitado,https://regalospremium.cl/bolsas-publicitarias-con-logotipo/,https://regalospremium.cl/bolsas-publicitarias-con-logotipo/,CURRENT_FORMAT,NO,PRODUCTO,Bolsos y Viaje,Bolsas,,keyword→objeto,HIGH,0,0,0.0,1
"""bolsas algodon personalizadas""",Concordancia de frase,Bolsas TNT,Habilitado,Limitado,https://regalospremium.cl/bolsas-publicitarias-con-logotipo/,https://regalospremium.cl/bolsas-publicitarias-con-logotipo/,CURRENT_FORMAT,NO,PRODUCTO,Bolsos y Viaje,Bolsas,,keyword→objeto,HIGH,0,0,0.0,1
"""bolsas algodon por mayor""",Concordancia de frase,Bolsas TNT,Habilitado,No apto,https://regalospremium.cl/bolsas-de-algodon/,https://regalospremium.cl/bolsas-de-algodon/,CURRENT_FORMAT,NO,PRODUCTO,Bolsos y Viaje,Bolsas,,keyword→objeto,HIGH,0,0,0.0,1
"""bolsas basura auto""",Concordancia de frase,Bolsas TNT,Habilitado,Limitado,https://regalospremium.cl/bolsas-publicitarias-con-logotipo/,https://regalospremium.cl/bolsas-publicitarias-con-logotipo/,CURRENT_FORMAT,NO,PRODUCTO,Bolsos y Viaje,Bolsas,,keyword→objeto,HIGH,0,0,0.0,1
"""bolsas bio bag""",Concordancia de frase,Bolsas TNT,Habilitado,No apto,https://regalospremium.cl/bolsas-tnt/,https://regalospremium.cl/bolsas-tnt/,CURRENT_FORMAT,NO,PRODUCTO,Bolsos y Viaje,Bolsas,,keyword→objeto,HIGH,0,0,0.0,1
"""bolsas biodegradables""",Concordancia de frase,Bolsas TNT,Habilitado,Limitado,https://regalospremium.cl/bolsas-publicitarias-con-logotipo/,https://regalospremium.cl/bolsas-publicitarias-con-logotipo/,CURRENT_FORMAT,NO,PRODUCTO,Bolsos y Viaje,Bolsas,,keyword→objeto,HIGH,0,0,0.0,1
"""bolsas biodegradables chile""",Concordancia de frase,Bolsas TNT,Habilitado,Limitado,https://regalospremium.cl/bolsas-publicitarias-con-logotipo/,https://regalospremium.cl/bolsas-publicitarias-con-logotipo/,CURRENT_FORMAT,NO,PRODUCTO,Bolsos y Viaje,Bolsas,,keyword→objeto,HIGH,0,0,0.0,1
"""bolsas biodegradables en chile""",Concordancia de frase,Bolsas TNT,Habilitado,No apto,https://regalospremium.cl/bolsas-tnt/,https://regalospremium.cl/bolsas-tnt/,CURRENT_FORMAT,NO,PRODUCTO,Bolsos y Viaje,Bolsas,,keyword→objeto,HIGH,0,0,0.0,1
"""bolsas biodegradables mayoreo""",Concordancia de frase,Bolsas TNT,Habilitado,No apto,https://regalospremium.cl/bolsas-de-algodon/,https://regalospremium.cl/bolsas-de-algodon/,CURRENT_FORMAT,NO,PRODUCTO,Bolsos y Viaje,Bolsas,,keyword→objeto,HIGH,0,0,0.0,1
"""bolsas biodegradables venta""",Concordancia de frase,Bolsas TNT,Habilitado,Limitado,https://regalospremium.cl/bolsas-publicitarias-con-logotipo/,https://regalospremium.cl/bolsas-publicitarias-con-logotipo/,CURRENT_FORMAT,NO,PRODUCTO,Bolsos y Viaje,Bolsas,,keyword→objeto,HIGH,0,0,0.0,1
"""bolsas brandeadas""",Concordancia de frase,Bolsas TNT,Habilitado,Limitado,https://regalospremium.cl/bolsas-publicitarias-con-logotipo/,https://regalospremium.cl/bolsas-publicitarias-con-logotipo/,CURRENT_FORMAT,NO,PRODUCTO,Bolsos y Viaje,Bolsas,,keyword→objeto,HIGH,0,0,0.0,1
"""bolsas camisetas biodegradables chile""",Concordancia de frase,Bolsas TNT,Habilitado,No apto,https://regalospremium.cl/bolsas-publicitarias-con-logotipo/,https://regalospremium.cl/bolsas-publicitarias-con-logotipo/,CURRENT_FORMAT,NO,PRODUCTO,Bolsos y Viaje,Bolsas,,keyword→objeto,HIGH,0,0,0.0,1
"""bolsas camisetas impresas""",Concordancia de frase,Bolsas TNT,Habilitado,No apto,https://regalospremium.cl/bolsas-tnt/,https://regalospremium.cl/bolsas-tnt/,CURRENT_FORMAT,NO,PRODUCTO,Bolsos y Viaje,Bolsas,,keyword→objeto,HIGH,0,0,0.0,1
"""bolsas comprar""",Concordancia de frase,Bolsas TNT,Habilitado,Apto,https://regalospremium.cl/bolsas-publicitarias-con-logotipo/,https://regalospremium.cl/bolsas-publicitarias-con-logotipo/,CURRENT_FORMAT,NO,PRODUCTO,Bolsos y Viaje,Bolsas,,keyword→objeto,HIGH,0,0,0.0,1
"""bolsas con""",Concordancia de frase,Bolsas TNT,Habilitado,No apto,https://regalospremium.cl/bolsas-de-algodon/,https://regalospremium.cl/bolsas-de-algodon/,CURRENT_FORMAT,NO,PRODUCTO,Bolsos y Viaje,Bolsas,,keyword→objeto,HIGH,0,0,0.0,1
"""bolsas con el logo de tu tienda chile""",Concordancia de frase,Bolsas TNT,Habilitado,No apto,https://regalospremium.cl/bolsas-publicitarias-con-logotipo/,https://regalospremium.cl/bolsas-publicitarias-con-logotipo/,CURRENT_FORMAT,NO,PRODUCTO,Bolsos y Viaje,Bolsas,,keyword→objeto,HIGH,0,0,0.0,1
"""bolsas con estampado""",Concordancia de frase,Bolsas TNT,Habilitado,Limitado,https://regalospremium.cl/bolsas-publicitarias-con-logotipo/,https://regalospremium.cl/bolsas-publicitarias-con-logotipo/,CURRENT_FORMAT,NO,PRODUCTO,Bolsos y Viaje,Bolsas,,keyword→objeto,HIGH,0,0,0.0,1
"""bolsas con logo""",Concordancia de frase,Bolsas TNT,Habilitado,Limitado,https://regalospremium.cl/bolsas-publicitarias-con-logotipo/,https://regalospremium.cl/bolsas-publicitarias-con-logotipo/,CURRENT_FORMAT,NO,PRODUCTO,Bolsos y Viaje,Bolsas,,keyword→objeto,HIGH,0,0,0.0,1
"""bolsas con logo chile""",Concordancia de frase,Bolsas TNT,Habilitado,No apto,https://regalospremium.cl/bolsas-tnt/,https://regalospremium.cl/bolsas-tnt/,CURRENT_FORMAT,NO,PRODUCTO,Bolsos y Viaje,Bolsas,,keyword→objeto,HIGH,0,0,0.0,1
"""bolsas con logo impreso""",Concordancia de frase,Bolsas TNT,Habilitado,Limitado,https://regalospremium.cl/bolsas-publicitarias-con-logotipo/,https://regalospremium.cl/bolsas-publicitarias-con-logotipo/,CURRENT_FORMAT,NO,PRODUCTO,Bolsos y Viaje,Bolsas,,keyword→objeto,HIGH,0,0,0.0,1
"""bolsas con logo personalizado""",Concordancia de frase,Bolsas TNT,Habilitado,Limitado,https://regalospremium.cl/bolsas-publicitarias-con-logotipo/,https://regalospremium.cl/bolsas-publicitarias-con-logotipo/,CURRENT_FORMAT,NO,PRODUCTO,Bolsos y Viaje,Bolsas,,keyword→objeto,HIGH,0,0,0.0,1
"""bolsas con logo por mayor""",Concordancia de frase,Bolsas TNT,Habilitado,Limitado,https://regalospremium.cl/bolsas-publicitarias-con-logotipo/,https://regalospremium.cl/bolsas-publicitarias-con-logotipo/,CURRENT_FORMAT,NO,PRODUCTO,Bolsos y Viaje,Bolsas,,keyword→objeto,HIGH,0,0,0.0,1
"""bolsas con logotipo""",Concordancia de frase,Bolsas TNT,Habilitado,Limitado,https://regalospremium.cl/bolsas-publicitarias-con-logotipo/,https://regalospremium.cl/bolsas-publicitarias-con-logotipo/,CURRENT_FORMAT,NO,PRODUCTO,Bolsos y Viaje,Bolsas,,keyword→objeto,HIGH,0,0,0.0,1
"""bolsas con publicidad""",Concordancia de frase,Bolsas TNT,Habilitado,Limitado,https://regalospremium.cl/bolsas-publicitarias-con-logotipo/,https://regalospremium.cl/bolsas-publicitarias-con-logotipo/,CURRENT_FORMAT,NO,PRODUCTO,Bolsos y Viaje,Bolsas,,keyword→objeto,HIGH,0,0,0.0,1
"""bolsas con publicidad impresa""",Concordancia de frase,Bolsas TNT,Habilitado,Limitado,https://regalospremium.cl/bolsas-publicitarias-con-logotipo/,https://regalospremium.cl/bolsas-publicitarias-con-logotipo/,CURRENT_FORMAT,NO,PRODUCTO,Bolsos y Viaje,Bolsas,,keyword→objeto,HIGH,0,0,0.0,1
"""bolsas corporativas""",Concordancia de frase,Bolsas TNT,Habilitado,Limitado,https://regalospremium.cl/bolsas-publicitarias-con-logotipo/,https://regalospremium.cl/bolsas-publicitarias-con-logotipo/,CURRENT_FORMAT,NO,PRODUCTO,Bolsos y Viaje,Bolsas,,keyword→objeto,HIGH,0,0,0.0,1
"""bolsas corporativas santiago""",Concordancia de frase,Bolsas TNT,Habilitado,No apto,https://regalospremium.cl/bolsas-publicitarias-con-logotipo/,https://regalospremium.cl/bolsas-publicitarias-con-logotipo/,CURRENT_FORMAT,NO,PRODUCTO,Bolsos y Viaje,Bolsas,,keyword→objeto,HIGH,0,0,0.0,1
"""bolsas de algodón""",Concordancia de frase,Bolsas TNT,Habilitado,Limitado,https://regalospremium.cl/bolsas-publicitarias-con-logotipo/,https://regalospremium.cl/bolsas-publicitarias-con-logotipo/,CURRENT_FORMAT,NO,PRODUCTO,Bolsos y Viaje,Bolsas,,keyword→objeto,HIGH,0,0,0.0,1
"""bolsas de algodon al por mayor""",Concordancia de frase,Bolsas TNT,Habilitado,No apto,https://regalospremium.cl/bolsas-de-algodon/,https://regalospremium.cl/bolsas-de-algodon/,CURRENT_FORMAT,NO,PRODUCTO,Bolsos y Viaje,Bolsas,,keyword→objeto,HIGH,0,0,0.0,1
"""bolsas de algodón bolsas""",Concordancia de frase,Bolsas TNT,Habilitado,No apto,https://regalospremium.cl/bolsas-de-algodon/,https://regalospremium.cl/bolsas-de-algodon/,CURRENT_FORMAT,NO,PRODUCTO,Bolsos y Viaje,Bolsas,,keyword→objeto,HIGH,0,0,0.0,1
"""bolsas de algodon personalizadas""",Concordancia de frase,Bolsas TNT,Habilitado,Limitado,https://regalospremium.cl/bolsas-publicitarias-con-logotipo/,https://regalospremium.cl/bolsas-publicitarias-con-logotipo/,CURRENT_FORMAT,NO,PRODUCTO,Bolsos y Viaje,Bolsas,,keyword→objeto,HIGH,0,0,0.0,1
"""bolsas de ecologicas""",Concordancia de frase,Bolsas TNT,Habilitado,No apto,https://regalospremium.cl/bolsas-de-algodon/,https://regalospremium.cl/bolsas-de-algodon/,CURRENT_FORMAT,NO,PRODUCTO,Bolsos y Viaje,Bolsas,,keyword→objeto,HIGH,0,0,0.0,1
"""bolsas de genero por mayor""",Concordancia de frase,Bolsas TNT,Habilitado,Limitado,https://regalospremium.cl/bolsas-publicitarias-con-logotipo/,https://regalospremium.cl/bolsas-publicitarias-con-logotipo/,CURRENT_FORMAT,NO,PRODUCTO,Bolsos y Viaje,Bolsas,,keyword→objeto,HIGH,0,0,0.0,1
"""bolsas de imitacion""",Concordancia de frase,Bolsas TNT,Habilitado,No apto,https://regalospremium.cl/bolsas-tnt/,https://regalospremium.cl/bolsas-tnt/,CURRENT_FORMAT,NO,PRODUCTO,Bolsos y Viaje,Bolsas,,keyword→objeto,HIGH,0,0,0.0,1
"""bolsas de lienzoecologico santiago de chile""",Concordancia de frase,Bolsas TNT,Habilitado,No apto,https://regalospremium.cl/bolsas-publicitarias-con-logotipo/,https://regalospremium.cl/bolsas-publicitarias-con-logotipo/,CURRENT_FORMAT,NO,PRODUCTO,Bolsos y Viaje,Bolsas,,keyword→objeto,HIGH,0,0,0.0,1
"""bolsas de lona por mayor""",Concordancia de frase,Bolsas TNT,Habilitado,No apto,https://regalospremium.cl/bolsas-de-algodon/,https://regalospremium.cl/bolsas-de-algodon/,CURRENT_FORMAT,NO,PRODUCTO,Bolsos y Viaje,Bolsas,,keyword→objeto,HIGH,0,0,0.0,1
"""bolsas de papel bolsas""",Concordancia de frase,Bolsas TNT,Habilitado,Apto,https://regalospremium.cl/bolsas-de-papel/,https://regalospremium.cl/bolsas-de-papel/,CURRENT_FORMAT,NO,PRODUCTO,Bolsos y Viaje,Bolsas,,keyword→objeto,HIGH,0,0,0.0,1
"""bolsas de playa""",Concordancia de frase,Bolsas TNT,Habilitado,Limitado,https://regalospremium.cl/bolsas-publicitarias-con-logotipo/,https://regalospremium.cl/bolsas-publicitarias-con-logotipo/,CURRENT_FORMAT,NO,PRODUCTO,Bolsos y Viaje,Bolsas,,keyword→objeto,HIGH,0,0,0.0,1
"""bolsas de propaganda""",Concordancia de frase,Bolsas TNT,Habilitado,Limitado,https://regalospremium.cl/bolsas-publicitarias-con-logotipo/,https://regalospremium.cl/bolsas-publicitarias-con-logotipo/,CURRENT_FORMAT,NO,PRODUCTO,Bolsos y Viaje,Bolsas,,keyword→objeto,HIGH,0,0,0.0,1
"""bolsas de regalo ecologicas""",Concordancia de frase,Bolsas TNT,Habilitado,No apto,https://regalospremium.cl/bolsas-tnt/,https://regalospremium.cl/bolsas-tnt/,CURRENT_FORMAT,NO,PRODUCTO,Bolsos y Viaje,Bolsas,,keyword→objeto,HIGH,0,0,0.0,1
"""bolsas de saco""",Concordancia de frase,Bolsas TNT,Habilitado,Limitado,https://regalospremium.cl/bolsas-publicitarias-con-logotipo/,https://regalospremium.cl/bolsas-publicitarias-con-logotipo/,CURRENT_FORMAT,NO,PRODUCTO,Bolsos y Viaje,Bolsas,,keyword→objeto,HIGH,0,0,0.0,1
"""bolsas de santiago""",Concordancia de frase,Bolsas TNT,Habilitado,Limitado,https://regalospremium.cl/bolsas-publicitarias-con-logotipo/,https://regalospremium.cl/bolsas-publicitarias-con-logotipo/,CURRENT_FORMAT,NO,PRODUCTO,Bolsos y Viaje,Bolsas,,keyword→objeto,HIGH,0,0,0.0,1
"""bolsas de supermercado reutilizables""",Concordancia de frase,Bolsas TNT,Habilitado,Limitado,https://regalospremium.cl/bolsas-publicitarias-con-logotipo/,https://regalospremium.cl/bolsas-publicitarias-con-logotipo/,CURRENT_FORMAT,NO,PRODUCTO,Bolsos y Viaje,Bolsas,,keyword→objeto,HIGH,0,0,0.0,1
"""Bolsas de tela""",Concordancia de frase,Bolsas TNT,Habilitado,Limitado,,,EMPTY,NO,PRODUCTO,Bolsos y Viaje,Bolsas,,keyword→objeto,HIGH,0,0,0.0,1
"""bolsas de tela chile""",Concordancia de frase,Bolsas TNT,Habilitado,No apto,https://regalospremium.cl/bolsas-de-algodon/,https://regalospremium.cl/bolsas-de-algodon/,CURRENT_FORMAT,NO,PRODUCTO,Bolsos y Viaje,Bolsas,,keyword→objeto,HIGH,0,0,0.0,1
"""bolsas de tela con logo""",Concordancia de frase,Bolsas TNT,Habilitado,Limitado,https://regalospremium.cl/bolsas-publicitarias-con-logotipo/,https://regalospremium.cl/bolsas-publicitarias-con-logotipo/,CURRENT_FORMAT,NO,PRODUCTO,Bolsos y Viaje,Bolsas,,keyword→objeto,HIGH,0,0,0.0,1
"""bolsas de tela ecologica""",Concordancia de frase,Bolsas TNT,Habilitado,Limitado,https://regalospremium.cl/bolsas-publicitarias-con-logotipo/,https://regalospremium.cl/bolsas-publicitarias-con-logotipo/,CURRENT_FORMAT,NO,PRODUCTO,Bolsos y Viaje,Bolsas,,keyword→objeto,HIGH,0,0,0.0,1
"""bolsas de tela promocionales""",Concordancia de frase,Bolsas TNT,Habilitado,Limitado,https://regalospremium.cl/bolsas-publicitarias-con-logotipo/,https://regalospremium.cl/bolsas-publicitarias-con-logotipo/,CURRENT_FORMAT,NO,PRODUCTO,Bolsos y Viaje,Bolsas,,keyword→objeto,HIGH,0,0,0.0,1
"""bolsas de tipo ecologico""",Concordancia de frase,Bolsas TNT,Habilitado,No apto,https://regalospremium.cl/bolsas-de-algodon/,https://regalospremium.cl/bolsas-de-algodon/,CURRENT_FORMAT,NO,PRODUCTO,Bolsos y Viaje,Bolsas,,keyword→objeto,HIGH,0,0,0.0,1
"""bolsas de tnt""",Concordancia de frase,Bolsas TNT,Habilitado,Limitado,https://regalospremium.cl/bolsas-publicitarias-con-logotipo/,https://regalospremium.cl/bolsas-publicitarias-con-logotipo/,CURRENT_FORMAT,NO,PRODUCTO,Bolsos y Viaje,Bolsas,,keyword→objeto,HIGH,0,0,0.0,1
"""bolsas de tnt por mayor""",Concordancia de frase,Bolsas TNT,Habilitado,Limitado,https://regalospremium.cl/bolsas-publicitarias-con-logotipo/,https://regalospremium.cl/bolsas-publicitarias-con-logotipo/,CURRENT_FORMAT,NO,PRODUCTO,Bolsos y Viaje,Bolsas,,keyword→objeto,HIGH,0,0,0.0,1
"""bolsas de yute chile""",Concordancia de frase,Bolsas TNT,Habilitado,Limitado,https://regalospremium.cl/bolsas-publicitarias-con-logotipo/,https://regalospremium.cl/bolsas-publicitarias-con-logotipo/,CURRENT_FORMAT,NO,PRODUCTO,Bolsos y Viaje,Bolsas,,keyword→objeto,HIGH,0,0,0.0,1
"""bolsas de yute para botellas""",Concordancia de frase,Bolsas TNT,Habilitado,Limitado,https://regalospremium.cl/bolsas-de-yute-publicitarias/,https://regalospremium.cl/bolsas-de-yute-publicitarias/,CURRENT_FORMAT,NO,PRODUCTO,Hogar y Bebidas,Botellas,,keyword→objeto,HIGH,0,0,0.0,1
"""bolsas de yute para botellas de vino""",Concordancia de frase,Bolsas TNT,Habilitado,Limitado,https://regalospremium.cl/bolsas-de-yute-publicitarias/,https://regalospremium.cl/bolsas-de-yute-publicitarias/,CURRENT_FORMAT,NO,PRODUCTO,Hogar y Bebidas,Botellas,,keyword→objeto,HIGH,0,0,0.0,1
"""bolsas de yute para regalo""",Concordancia de frase,Bolsas TNT,Habilitado,Limitado,https://regalospremium.cl/bolsas-de-yute-publicitarias/,https://regalospremium.cl/bolsas-de-yute-publicitarias/,CURRENT_FORMAT,NO,PRODUCTO,Bolsos y Viaje,Bolsas,,keyword→objeto,HIGH,0,0,0.0,1
"""bolsas de yute para vino""",Concordancia de frase,Bolsas TNT,Habilitado,Limitado,https://regalospremium.cl/bolsas-de-yute-publicitarias/,https://regalospremium.cl/bolsas-de-yute-publicitarias/,CURRENT_FORMAT,NO,PRODUCTO,Hogar y Bebidas,Accesorios de Vino,,keyword→objeto,HIGH,0,0,0.0,1
"""Bolsas de yute personalizadas""",Concordancia de frase,Bolsas TNT,Habilitado,Limitado,,,EMPTY,NO,PRODUCTO,Bolsos y Viaje,Bolsas,,keyword→objeto,HIGH,0,0,0.0,1
"""bolsas de yute promocionales""",Concordancia de frase,Bolsas TNT,Habilitado,Limitado,https://regalospremium.cl/bolsas-de-yute-publicitarias/,https://regalospremium.cl/bolsas-de-yute-publicitarias/,CURRENT_FORMAT,NO,PRODUCTO,Bolsos y Viaje,Bolsas,,keyword→objeto,HIGH,0,0,0.0,1
"""bolsas eco""",Concordancia de frase,Bolsas TNT,Habilitado,Limitado,https://regalospremium.cl/bolsas-publicitarias-con-logotipo/,https://regalospremium.cl/bolsas-publicitarias-con-logotipo/,CURRENT_FORMAT,NO,PRODUCTO,Bolsos y Viaje,Bolsas,,keyword→objeto,HIGH,0,0,0.0,1
"""Bolsas ecológicas""",Concordancia de frase,Bolsas TNT,Habilitado,Limitado,,,EMPTY,NO,PRODUCTO,Bolsos y Viaje,Bolsas,,keyword→objeto,HIGH,0,0,0.0,1
"""bolsas ecologicas""",Concordancia de frase,Bolsas TNT,Habilitado,Limitado,https://regalospremium.cl/bolsas-publicitarias-con-logotipo/,https://regalospremium.cl/bolsas-publicitarias-con-logotipo/,CURRENT_FORMAT,NO,PRODUCTO,Bolsos y Viaje,Bolsas,,keyword→objeto,HIGH,0,0,0.0,1
"""bolsas ecologicas 40x30 estampadas 1 color""",Concordancia de frase,Bolsas TNT,Habilitado,No apto,https://regalospremium.cl/bolsas-publicitarias-con-logotipo/,https://regalospremium.cl/bolsas-publicitarias-con-logotipo/,CURRENT_FORMAT,NO,PRODUCTO,Bolsos y Viaje,Bolsas,,keyword→objeto,HIGH,0,0,0.0,1
"""bolsas ecologicas al mayor""",Concordancia de frase,Bolsas TNT,Habilitado,No apto,https://regalospremium.cl/bolsas-de-algodon/,https://regalospremium.cl/bolsas-de-algodon/,CURRENT_FORMAT,NO,PRODUCTO,Bolsos y Viaje,Bolsas,,keyword→objeto,HIGH,0,0,0.0,1
"""bolsas ecológicas al por mayor""",Concordancia de frase,Bolsas TNT,Habilitado,Limitado,https://regalospremium.cl/bolsas-publicitarias-con-logotipo/,https://regalospremium.cl/bolsas-publicitarias-con-logotipo/,CURRENT_FORMAT,NO,PRODUCTO,Bolsos y Viaje,Bolsas,,keyword→objeto,HIGH,0,0,0.0,1
"""bolsas ecologicas al por mayor""",Concordancia de frase,Bolsas TNT,Habilitado,Limitado,https://regalospremium.cl/bolsas-publicitarias-con-logotipo/,https://regalospremium.cl/bolsas-publicitarias-con-logotipo/,CURRENT_FORMAT,NO,PRODUCTO,Bolsos y Viaje,Bolsas,,keyword→objeto,HIGH,0,0,0.0,1
"""bolsas ecologicas auto""",Concordancia de frase,Bolsas TNT,Habilitado,No apto,https://regalospremium.cl/bolsas-tnt/,https://regalospremium.cl/bolsas-tnt/,CURRENT_FORMAT,NO,PRODUCTO,Bolsos y Viaje,Bolsas,,keyword→objeto,HIGH,0,0,0.0,1
"""bolsas ecologicas baratas""",Concordancia de frase,Bolsas TNT,Habilitado,Limitado,https://regalospremium.cl/bolsas-publicitarias-con-logotipo/,https://regalospremium.cl/bolsas-publicitarias-con-logotipo/,CURRENT_FORMAT,NO,PRODUCTO,Bolsos y Viaje,Bolsas,,keyword→objeto,HIGH,0,0,0.0,1
"""bolsas ecológicas biodegradables""",Concordancia de frase,Bolsas TNT,Habilitado,Limitado,https://regalospremium.cl/bolsas-de-yute-publicitarias/,https://regalospremium.cl/bolsas-de-yute-publicitarias/,CURRENT_FORMAT,NO,PRODUCTO,Bolsos y Viaje,Bolsas,,keyword→objeto,HIGH,0,0,0.0,1
"""bolsas ecologicas chile""",Concordancia de frase,Bolsas TNT,Habilitado,Limitado,https://regalospremium.cl/bolsas-publicitarias-con-logotipo/,https://regalospremium.cl/bolsas-publicitarias-con-logotipo/,CURRENT_FORMAT,NO,PRODUCTO,Bolsos y Viaje,Bolsas,,keyword→objeto,HIGH,0,0,0.0,1
"""bolsas ecologicas con logo""",Concordancia de frase,Bolsas TNT,Habilitado,No apto,https://regalospremium.cl/bolsas-de-algodon/,https://regalospremium.cl/bolsas-de-algodon/,CURRENT_FORMAT,NO,PRODUCTO,Bolsos y Viaje,Bolsas,,keyword→objeto,HIGH,0,0,0.0,1
"""bolsas ecologicas con logo impreso""",Concordancia de frase,Bolsas TNT,Habilitado,Limitado,https://regalospremium.cl/bolsas-publicitarias-con-logotipo/,https://regalospremium.cl/bolsas-publicitarias-con-logotipo/,CURRENT_FORMAT,NO,PRODUCTO,Bolsos y Viaje,Bolsas,,keyword→objeto,HIGH,0,0,0.0,1
"""bolsas ecologicas concepcion""",Concordancia de frase,Bolsas TNT,Habilitado,No apto,https://regalospremium.cl/bolsas-publicitarias-con-logotipo/,https://regalospremium.cl/bolsas-publicitarias-con-logotipo/,CURRENT_FORMAT,NO,PRODUCTO,Bolsos y Viaje,Bolsas,,keyword→objeto,HIGH,0,0,0.0,1
"""bolsas ecologicas de tela""",Concordancia de frase,Bolsas TNT,Habilitado,Limitado,https://regalospremium.cl/bolsas-publicitarias-con-logotipo/,https://regalospremium.cl/bolsas-publicitarias-con-logotipo/,CURRENT_FORMAT,NO,PRODUCTO,Bolsos y Viaje,Bolsas,,keyword→objeto,HIGH,0,0,0.0,1
"""bolsas ecologicas de tnt""",Concordancia de frase,Bolsas TNT,Habilitado,No apto,https://regalospremium.cl/bolsas-tnt/,https://regalospremium.cl/bolsas-tnt/,CURRENT_FORMAT,NO,PRODUCTO,Bolsos y Viaje,Bolsas,,keyword→objeto,HIGH,0,0,0.0,1
"""bolsas ecologicas estampadas""",Concordancia de frase,Bolsas TNT,Habilitado,Limitado,https://regalospremium.cl/bolsas-publicitarias-con-logotipo/,https://regalospremium.cl/bolsas-publicitarias-con-logotipo/,CURRENT_FORMAT,NO,PRODUCTO,Bolsos y Viaje,Bolsas,,keyword→objeto,HIGH,0,0,0.0,1
"""bolsas ecologicas impresas""",Concordancia de frase,Bolsas TNT,Habilitado,Limitado,https://regalospremium.cl/bolsas-publicitarias-con-logotipo/,https://regalospremium.cl/bolsas-publicitarias-con-logotipo/,CURRENT_FORMAT,NO,PRODUCTO,Bolsos y Viaje,Bolsas,,keyword→objeto,HIGH,0,0,0.0,1
"""bolsas ecologicas la serena""",Concordancia de frase,Bolsas TNT,Habilitado,No apto,https://regalospremium.cl/bolsas-publicitarias-con-logotipo/,https://regalospremium.cl/bolsas-publicitarias-con-logotipo/,CURRENT_FORMAT,NO,PRODUCTO,Bolsos y Viaje,Bolsas,,keyword→objeto,HIGH,0,0,0.0,1
"""bolsas ecologicas logo""",Concordancia de frase,Bolsas TNT,Habilitado,No apto,https://regalospremium.cl/bolsas-tnt/,https://regalospremium.cl/bolsas-tnt/,CURRENT_FORMAT,NO,PRODUCTO,Bolsos y Viaje,Bolsas,,keyword→objeto,HIGH,0,0,0.0,1
"""bolsas ecologicas novedosas santiago""",Concordancia de frase,Bolsas TNT,Habilitado,No apto,https://regalospremium.cl/bolsas-publicitarias-con-logotipo/,https://regalospremium.cl/bolsas-publicitarias-con-logotipo/,CURRENT_FORMAT,NO,PRODUCTO,Bolsos y Viaje,Bolsas,,keyword→objeto,HIGH,0,0,0.0,1
"""bolsas ecologicas patronato""",Concordancia de frase,Bolsas TNT,Habilitado,Apto,https://regalospremium.cl/bolsas-publicitarias-con-logotipo/,https://regalospremium.cl/bolsas-publicitarias-con-logotipo/,CURRENT_FORMAT,NO,PRODUCTO,Bolsos y Viaje,Bolsas,,keyword→objeto,HIGH,0,0,0.0,1
"""Bolsas ecológicas personalizadas""",Concordancia de frase,Bolsas TNT,Habilitado,Limitado,,,EMPTY,NO,PRODUCTO,Bolsos y Viaje,Bolsas,,keyword→objeto,HIGH,0,0,0.0,1
"""bolsas ecologicas personalizadas""",Concordancia de frase,Bolsas TNT,Habilitado,Limitado,https://regalospremium.cl/bolsas-publicitarias-con-logotipo/,https://regalospremium.cl/bolsas-publicitarias-con-logotipo/,CURRENT_FORMAT,NO,PRODUCTO,Bolsos y Viaje,Bolsas,,keyword→objeto,HIGH,0,0,0.0,1
"""bolsas ecologicas personalizadas para cumpleaños""",Concordancia de frase,Bolsas TNT,Habilitado,Apto,https://regalospremium.cl/bolsas-publicitarias-con-logotipo/,https://regalospremium.cl/bolsas-publicitarias-con-logotipo/,CURRENT_FORMAT,NO,PRODUCTO,Bolsos y Viaje,Bolsas,,keyword→objeto,HIGH,0,0,0.0,1
"""bolsas ecologicas plana""",Concordancia de frase,Bolsas TNT,Habilitado,No apto,https://regalospremium.cl/bolsas-tnt/,https://regalospremium.cl/bolsas-tnt/,CURRENT_FORMAT,NO,PRODUCTO,Bolsos y Viaje,Bolsas,,keyword→objeto,HIGH,0,0,0.0,1
"""bolsas ecológicas por mayor""",Concordancia de frase,Bolsas TNT,Habilitado,Limitado,https://regalospremium.cl/bolsas-publicitarias-con-logotipo/,https://regalospremium.cl/bolsas-publicitarias-con-logotipo/,CURRENT_FORMAT,NO,PRODUCTO,Bolsos y Viaje,Bolsas,,keyword→objeto,HIGH,0,0,0.0,1
"""bolsas ecologicas por mayor""",Concordancia de frase,Bolsas TNT,Habilitado,Limitado,https://regalospremium.cl/bolsas-publicitarias-con-logotipo/,https://regalospremium.cl/bolsas-publicitarias-con-logotipo/,CURRENT_FORMAT,NO,PRODUCTO,Bolsos y Viaje,Bolsas,,keyword→objeto,HIGH,0,0,0.0,1
"""bolsas ecologicas precios""",Concordancia de frase,Bolsas TNT,Habilitado,Limitado,https://regalospremium.cl/bolsas-publicitarias-con-logotipo/,https://regalospremium.cl/bolsas-publicitarias-con-logotipo/,CURRENT_FORMAT,NO,PRODUCTO,Bolsos y Viaje,Bolsas,,keyword→objeto,HIGH,0,0,0.0,1
"""bolsas ecologicas promocionales""",Concordancia de frase,Bolsas TNT,Habilitado,Limitado,https://regalospremium.cl/bolsas-publicitarias-con-logotipo/,https://regalospremium.cl/bolsas-publicitarias-con-logotipo/,CURRENT_FORMAT,NO,PRODUCTO,Bolsos y Viaje,Bolsas,,keyword→objeto,HIGH,0,0,0.0,1
"""bolsas ecológicas publicitarias""",Concordancia de frase,Bolsas TNT,Habilitado,Limitado,https://regalospremium.cl/bolsas-publicitarias-con-logotipo/,https://regalospremium.cl/bolsas-publicitarias-con-logotipo/,CURRENT_FORMAT,NO,PRODUCTO,Bolsos y Viaje,Bolsas,,keyword→objeto,HIGH,0,0,0.0,1
"""bolsas ecologicas publicitarias""",Concordancia de frase,Bolsas TNT,Habilitado,Limitado,https://regalospremium.cl/bolsas-publicitarias-con-logotipo/,https://regalospremium.cl/bolsas-publicitarias-con-logotipo/,CURRENT_FORMAT,NO,PRODUCTO,Bolsos y Viaje,Bolsas,,keyword→objeto,HIGH,0,0,0.0,1
"""bolsas ecologicas rancagua""",Concordancia de frase,Bolsas TNT,Habilitado,No apto,https://regalospremium.cl/bolsas-publicitarias-con-logotipo/,https://regalospremium.cl/bolsas-publicitarias-con-logotipo/,CURRENT_FORMAT,NO,PRODUCTO,Bolsos y Viaje,Bolsas,,keyword→objeto,HIGH,0,0,0.0,1
"""bolsas ecologicas reutilizables""",Concordancia de frase,Bolsas TNT,Habilitado,No apto,https://regalospremium.cl/bolsas-de-algodon/,https://regalospremium.cl/bolsas-de-algodon/,CURRENT_FORMAT,NO,PRODUCTO,Bolsos y Viaje,Bolsas,,keyword→objeto,HIGH,0,0,0.0,1
"""bolsas ecologicas santiago""",Concordancia de frase,Bolsas TNT,Habilitado,No apto,https://regalospremium.cl/bolsas-tnt/,https://regalospremium.cl/bolsas-tnt/,CURRENT_FORMAT,NO,PRODUCTO,Bolsos y Viaje,Bolsas,,keyword→objeto,HIGH,0,0,0.0,1
"""bolsas ecologicas santiago centro""",Concordancia de frase,Bolsas TNT,Habilitado,No apto,https://regalospremium.cl/bolsas-publicitarias-con-logotipo/,https://regalospremium.cl/bolsas-publicitarias-con-logotipo/,CURRENT_FORMAT,NO,PRODUCTO,Bolsos y Viaje,Bolsas,,keyword→objeto,HIGH,0,0,0.0,1
"""bolsas ecologicas tipo lonchera""",Concordancia de frase,Bolsas TNT,Habilitado,No apto,https://regalospremium.cl/bolsas-tnt/,https://regalospremium.cl/bolsas-tnt/,CURRENT_FORMAT,NO,PRODUCTO,Bolsos y Viaje,Bolsas,,keyword→objeto,HIGH,0,0,0.0,1
"""bolsas ecologicas tnt""",Concordancia de frase,Bolsas TNT,Habilitado,Limitado,https://regalospremium.cl/bolsas-publicitarias-con-logotipo/,https://regalospremium.cl/bolsas-publicitarias-con-logotipo/,CURRENT_FORMAT,NO,PRODUCTO,Bolsos y Viaje,Bolsas,,keyword→objeto,HIGH,0,0,0.0,1
"""bolsas ecológicas tnt""",Concordancia de frase,Bolsas TNT,Habilitado,No apto,https://regalospremium.cl/bolsas-tnt/,https://regalospremium.cl/bolsas-tnt/,CURRENT_FORMAT,NO,PRODUCTO,Bolsos y Viaje,Bolsas,,keyword→objeto,HIGH,0,0,0.0,1
"""bolsas ecologicas tnt por mayor""",Concordancia de frase,Bolsas TNT,Habilitado,No apto,https://regalospremium.cl/bolsas-tnt/,https://regalospremium.cl/bolsas-tnt/,CURRENT_FORMAT,NO,PRODUCTO,Bolsos y Viaje,Bolsas,,keyword→objeto,HIGH,0,0,0.0,1
"""bolsas ecológicas v región""",Concordancia de frase,Bolsas TNT,Habilitado,No apto,https://regalospremium.cl/bolsas-tnt/,https://regalospremium.cl/bolsas-tnt/,CURRENT_FORMAT,NO,PRODUCTO,Bolsos y Viaje,Bolsas,,keyword→objeto,HIGH,0,0,0.0,1
"""bolsas ecologicas valparaiso""",Concordancia de frase,Bolsas TNT,Habilitado,No apto,https://regalospremium.cl/bolsas-publicitarias-con-logotipo/,https://regalospremium.cl/bolsas-publicitarias-con-logotipo/,CURRENT_FORMAT,NO,PRODUCTO,Bolsos y Viaje,Bolsas,,keyword→objeto,HIGH,0,0,0.0,1
"""bolsas ecologicas venta""",Concordancia de frase,Bolsas TNT,Habilitado,Apto,https://regalospremium.cl/bolsas-publicitarias-con-logotipo/,https://regalospremium.cl/bolsas-publicitarias-con-logotipo/,CURRENT_FORMAT,NO,PRODUCTO,Bolsos y Viaje,Bolsas,,keyword→objeto,HIGH,0,0,0.0,1
"""bolsas ecologicos""",Concordancia de frase,Bolsas TNT,Habilitado,Limitado,https://regalospremium.cl/bolsas-publicitarias-con-logotipo/,https://regalospremium.cl/bolsas-publicitarias-con-logotipo/,CURRENT_FORMAT,NO,PRODUCTO,Bolsos y Viaje,Bolsas,,keyword→objeto,HIGH,0,0,0.0,1
"""bolsas en yute""",Concordancia de frase,Bolsas TNT,Habilitado,Limitado,https://regalospremium.cl/bolsas-de-yute-publicitarias/,https://regalospremium.cl/bolsas-de-yute-publicitarias/,CURRENT_FORMAT,NO,PRODUCTO,Bolsos y Viaje,Bolsas,,keyword→objeto,HIGH,0,0,0.0,1
"""bolsas estampadas""",Concordancia de frase,Bolsas TNT,Habilitado,Limitado,https://regalospremium.cl/bolsas-publicitarias-con-logotipo/,https://regalospremium.cl/bolsas-publicitarias-con-logotipo/,CURRENT_FORMAT,NO,PRODUCTO,Bolsos y Viaje,Bolsas,,keyword→objeto,HIGH,0,0,0.0,1
"""bolsas estampadas por mayor""",Concordancia de frase,Bolsas TNT,Habilitado,Limitado,https://regalospremium.cl/bolsas-publicitarias-con-logotipo/,https://regalospremium.cl/bolsas-publicitarias-con-logotipo/,CURRENT_FORMAT,NO,PRODUCTO,Bolsos y Viaje,Bolsas,,keyword→objeto,HIGH,0,0,0.0,1
"""bolsas genero por mayor""",Concordancia de frase,Bolsas TNT,Habilitado,Limitado,https://regalospremium.cl/bolsas-publicitarias-con-logotipo/,https://regalospremium.cl/bolsas-publicitarias-con-logotipo/,CURRENT_FORMAT,NO,PRODUCTO,Bolsos y Viaje,Bolsas,,keyword→objeto,HIGH,0,0,0.0,1
"""bolsas impresas con logo""",Concordancia de frase,Bolsas TNT,Habilitado,Limitado,https://regalospremium.cl/bolsas-publicitarias-con-logotipo/,https://regalospremium.cl/bolsas-publicitarias-con-logotipo/,CURRENT_FORMAT,NO,PRODUCTO,Bolsos y Viaje,Bolsas,,keyword→objeto,HIGH,0,0,0.0,1
"""bolsas impresas personalizadas""",Concordancia de frase,Bolsas TNT,Habilitado,Limitado,https://regalospremium.cl/bolsas-publicitarias-con-logotipo/,https://regalospremium.cl/bolsas-publicitarias-con-logotipo/,CURRENT_FORMAT,NO,PRODUCTO,Bolsos y Viaje,Bolsas,,keyword→objeto,HIGH,0,0,0.0,1
"""bolsas institucionales""",Concordancia de frase,Bolsas TNT,Habilitado,Limitado,https://regalospremium.cl/bolsas-publicitarias-con-logotipo/,https://regalospremium.cl/bolsas-publicitarias-con-logotipo/,CURRENT_FORMAT,NO,PRODUCTO,Bolsos y Viaje,Bolsas,,keyword→objeto,HIGH,0,0,0.0,1
"""bolsas mochilas personalizadas""",Concordancia de frase,Bolsas TNT,Habilitado,Limitado,https://regalospremium.cl/bolsas-publicitarias-con-logotipo/,https://regalospremium.cl/bolsas-publicitarias-con-logotipo/,CURRENT_FORMAT,NO,PRODUCTO,Bolsos y Viaje,Bolsas,,keyword→objeto,HIGH,0,0,0.0,1
"""bolsas negocio""",Concordancia de frase,Bolsas TNT,Habilitado,Limitado,https://regalospremium.cl/bolsas-publicitarias-con-logotipo/,https://regalospremium.cl/bolsas-publicitarias-con-logotipo/,CURRENT_FORMAT,NO,PRODUCTO,Bolsos y Viaje,Bolsas,,keyword→objeto,HIGH,0,0,0.0,1
"""bolsas organicas al por mayor""",Concordancia de frase,Bolsas TNT,Habilitado,No apto,https://regalospremium.cl/bolsas-tnt/,https://regalospremium.cl/bolsas-tnt/,CURRENT_FORMAT,NO,PRODUCTO,Bolsos y Viaje,Bolsas,,keyword→objeto,HIGH,0,0,0.0,1
"""bolsas papel impresas""",Concordancia de frase,Bolsas TNT,Habilitado,Limitado,https://regalospremium.cl/bolsas-publicitarias-con-logotipo/,https://regalospremium.cl/bolsas-publicitarias-con-logotipo/,CURRENT_FORMAT,NO,PRODUCTO,Bolsos y Viaje,Bolsas,,keyword→objeto,HIGH,0,0,0.0,1
"""bolsas para""",Concordancia de frase,Bolsas TNT,Habilitado,Limitado,https://regalospremium.cl/bolsas-publicitarias-con-logotipo/,https://regalospremium.cl/bolsas-publicitarias-con-logotipo/,CURRENT_FORMAT,NO,PRODUCTO,Bolsos y Viaje,Bolsas,,keyword→objeto,HIGH,0,0,0.0,1
"""bolsas para autos""",Concordancia de frase,Bolsas TNT,Habilitado,Limitado,https://regalospremium.cl/bolsas-publicitarias-con-logotipo/,https://regalospremium.cl/bolsas-publicitarias-con-logotipo/,CURRENT_FORMAT,NO,PRODUCTO,Bolsos y Viaje,Bolsas,,keyword→objeto,HIGH,0,0,0.0,1
"""bolsas para botellas""",Concordancia de frase,Bolsas TNT,Habilitado,Limitado,https://regalospremium.cl/bolsas-publicitarias-con-logotipo/,https://regalospremium.cl/bolsas-publicitarias-con-logotipo/,CURRENT_FORMAT,NO,PRODUCTO,Hogar y Bebidas,Botellas,,keyword→objeto,HIGH,0,0,0.0,1
"""bolsas para estampar""",Concordancia de frase,Bolsas TNT,Habilitado,Limitado,https://regalospremium.cl/bolsas-publicitarias-con-logotipo/,https://regalospremium.cl/bolsas-publicitarias-con-logotipo/,CURRENT_FORMAT,NO,PRODUCTO,Bolsos y Viaje,Bolsas,,keyword→objeto,HIGH,0,0,0.0,1
"""Bolsas para eventos""",Concordancia de frase,Bolsas TNT,Habilitado,Limitado,,,EMPTY,NO,PRODUCTO,Bolsos y Viaje,Bolsas,,keyword→objeto,HIGH,0,0,0.0,1
"""bolsas para frio""",Concordancia de frase,Bolsas TNT,Habilitado,Limitado,,,EMPTY,NO,PRODUCTO,Bolsos y Viaje,Bolsas,,keyword→objeto,HIGH,0,0,0.0,1
"""bolsas para imprimir publicidad""",Concordancia de frase,Bolsas TNT,Habilitado,Limitado,https://regalospremium.cl/bolsas-publicitarias-con-logotipo/,https://regalospremium.cl/bolsas-publicitarias-con-logotipo/,CURRENT_FORMAT,NO,PRODUCTO,Bolsos y Viaje,Bolsas,,keyword→objeto,HIGH,0,0,0.0,1
"""Bolsas para publicidad""",Concordancia de frase,Bolsas TNT,Habilitado,Limitado,https://regalospremium.cl/bolsas-publicitarias-con-logotipo/,https://regalospremium.cl/bolsas-publicitarias-con-logotipo/,CURRENT_FORMAT,NO,PRODUCTO,Bolsos y Viaje,Bolsas,,keyword→objeto,HIGH,0,0,0.0,1
"""bolsas para sublimar""",Concordancia de frase,Bolsas TNT,Habilitado,Limitado,https://regalospremium.cl/bolsas-publicitarias-con-logotipo/,https://regalospremium.cl/bolsas-publicitarias-con-logotipo/,CURRENT_FORMAT,NO,PRODUCTO,Bolsos y Viaje,Bolsas,,keyword→objeto,HIGH,0,0,0.0,1
"""bolsas para sublimar por mayor""",Concordancia de frase,Bolsas TNT,Habilitado,Limitado,https://regalospremium.cl/bolsas-publicitarias-con-logotipo/,https://regalospremium.cl/bolsas-publicitarias-con-logotipo/,CURRENT_FORMAT,NO,PRODUCTO,Bolsos y Viaje,Bolsas,,keyword→objeto,HIGH,0,0,0.0,1
"""bolsas para sublimar por mayor chile""",Concordancia de frase,Bolsas TNT,Habilitado,Limitado,https://regalospremium.cl/bolsas-publicitarias-con-logotipo/,https://regalospremium.cl/bolsas-publicitarias-con-logotipo/,CURRENT_FORMAT,NO,PRODUCTO,Bolsos y Viaje,Bolsas,,keyword→objeto,HIGH,0,0,0.0,1
"""bolsas para viaje""",Concordancia de frase,Bolsas TNT,Habilitado,Limitado,https://regalospremium.cl/bolsas-publicitarias-con-logotipo/,https://regalospremium.cl/bolsas-publicitarias-con-logotipo/,CURRENT_FORMAT,NO,PRODUCTO,Bolsos y Viaje,Bolsas,,keyword→objeto,HIGH,0,0,0.0,1
"""bolsas para vinos""",Concordancia de frase,Bolsas TNT,Habilitado,Limitado,https://regalospremium.cl/bolsas-publicitarias-con-logotipo/,https://regalospremium.cl/bolsas-publicitarias-con-logotipo/,CURRENT_FORMAT,NO,PRODUCTO,Bolsos y Viaje,Bolsas,,keyword→objeto,HIGH,0,0,0.0,1
"""bolsas personalizables""",Concordancia de frase,Bolsas TNT,Habilitado,Limitado,https://regalospremium.cl/bolsas-publicitarias-con-logotipo/,https://regalospremium.cl/bolsas-publicitarias-con-logotipo/,CURRENT_FORMAT,NO,PRODUCTO,Bolsos y Viaje,Bolsas,,keyword→objeto,HIGH,0,0,0.0,1
"""Bolsas personalizadas""",Concordancia de frase,Bolsas TNT,Habilitado,Limitado,,,EMPTY,NO,PRODUCTO,Bolsos y Viaje,Bolsas,,keyword→objeto,HIGH,0,0,0.0,1
"""bolsas personalizadas chile""",Concordancia de frase,Bolsas TNT,Habilitado,Limitado,https://regalospremium.cl/bolsas-publicitarias-con-logotipo/,https://regalospremium.cl/bolsas-publicitarias-con-logotipo/,CURRENT_FORMAT,NO,PRODUCTO,Bolsos y Viaje,Bolsas,,keyword→objeto,HIGH,0,0,0.0,1
"""bolsas personalizadas con logo""",Concordancia de frase,Bolsas TNT,Habilitado,Limitado,https://regalospremium.cl/bolsas-publicitarias-con-logotipo/,https://regalospremium.cl/bolsas-publicitarias-con-logotipo/,CURRENT_FORMAT,NO,PRODUCTO,Bolsos y Viaje,Bolsas,,keyword→objeto,HIGH,0,0,0.0,1
"""Bolsas personalizadas serigrafía""",Concordancia de frase,Bolsas TNT,Habilitado,Apto,,,EMPTY,NO,PRODUCTO,Bolsos y Viaje,Bolsas,,keyword→objeto,HIGH,0,0,0.0,1
"""bolsas plasticas biodegradables chile""",Concordancia de frase,Bolsas TNT,Habilitado,Apto,https://regalospremium.cl/bolsas-publicitarias-con-logotipo/,https://regalospremium.cl/bolsas-publicitarias-con-logotipo/,CURRENT_FORMAT,NO,PRODUCTO,Bolsos y Viaje,Bolsas,,keyword→objeto,HIGH,0,0,0.0,1
"""bolsas por mayor estación central""",Concordancia de frase,Bolsas TNT,Habilitado,Apto,https://regalospremium.cl/bolsas-publicitarias-con-logotipo/,https://regalospremium.cl/bolsas-publicitarias-con-logotipo/,CURRENT_FORMAT,NO,PRODUCTO,Bolsos y Viaje,Bolsas,,keyword→objeto,HIGH,0,0,0.0,1
"""bolsas por mayor meiggs""",Concordancia de frase,Bolsas TNT,Habilitado,No apto,https://regalospremium.cl/bolsas-tnt/,https://regalospremium.cl/bolsas-tnt/,CURRENT_FORMAT,NO,PRODUCTO,Bolsos y Viaje,Bolsas,,keyword→objeto,HIGH,0,0,0.0,1
"""bolsas promocionales chile""",Concordancia de frase,Bolsas TNT,Habilitado,Apto,https://regalospremium.cl/bolsas-publicitarias-con-logotipo/,https://regalospremium.cl/bolsas-publicitarias-con-logotipo/,CURRENT_FORMAT,NO,PRODUCTO,Bolsos y Viaje,Bolsas,,keyword→objeto,HIGH,0,0,0.0,1
"""bolsas promocionales de tela""",Concordancia de frase,Bolsas TNT,Habilitado,Limitado,https://regalospremium.cl/bolsas-publicitarias-con-logotipo/,https://regalospremium.cl/bolsas-publicitarias-con-logotipo/,CURRENT_FORMAT,NO,PRODUCTO,Bolsos y Viaje,Bolsas,,keyword→objeto,HIGH,0,0,0.0,1
"""bolsas propaganda""",Concordancia de frase,Bolsas TNT,Habilitado,Limitado,https://regalospremium.cl/bolsas-publicitarias-con-logotipo/,https://regalospremium.cl/bolsas-publicitarias-con-logotipo/,CURRENT_FORMAT,NO,PRODUCTO,Bolsos y Viaje,Bolsas,,keyword→objeto,HIGH,0,0,0.0,1
"""bolsas publicidad""",Concordancia de frase,Bolsas TNT,Habilitado,Limitado,https://regalospremium.cl/bolsas-publicitarias-con-logotipo/,https://regalospremium.cl/bolsas-publicitarias-con-logotipo/,CURRENT_FORMAT,NO,PRODUCTO,Bolsos y Viaje,Bolsas,,keyword→objeto,HIGH,0,0,0.0,1
"""bolsas publicidad baratas""",Concordancia de frase,Bolsas TNT,Habilitado,Apto,https://regalospremium.cl/bolsas-publicitarias-con-logotipo/,https://regalospremium.cl/bolsas-publicitarias-con-logotipo/,CURRENT_FORMAT,NO,PRODUCTO,Bolsos y Viaje,Bolsas,,keyword→objeto,HIGH,0,0,0.0,1
"""bolsas publicidad personalizadas""",Concordancia de frase,Bolsas TNT,Habilitado,Limitado,https://regalospremium.cl/bolsas-publicitarias-con-logotipo/,https://regalospremium.cl/bolsas-publicitarias-con-logotipo/,CURRENT_FORMAT,NO,PRODUCTO,Bolsos y Viaje,Bolsas,,keyword→objeto,HIGH,0,0,0.0,1
"""bolsas publicidad tela""",Concordancia de frase,Bolsas TNT,Habilitado,Limitado,https://regalospremium.cl/bolsas-publicitarias-con-logotipo/,https://regalospremium.cl/bolsas-publicitarias-con-logotipo/,CURRENT_FORMAT,NO,PRODUCTO,Bolsos y Viaje,Bolsas,,keyword→objeto,HIGH,0,0,0.0,1
"""Bolsas Publicitarias""",Concordancia de frase,Bolsas TNT,Habilitado,Limitado,https://regalospremium.cl/bolsas-publicitarias-con-logotipo/,https://regalospremium.cl/bolsas-publicitarias-con-logotipo/,CURRENT_FORMAT,NO,PRODUCTO,Bolsos y Viaje,Bolsas,,keyword→objeto,HIGH,0,0,0.0,1
"""bolsas publicitarias baratas""",Concordancia de frase,Bolsas TNT,Habilitado,Limitado,https://regalospremium.cl/bolsas-publicitarias-con-logotipo/,https://regalospremium.cl/bolsas-publicitarias-con-logotipo/,CURRENT_FORMAT,NO,PRODUCTO,Bolsos y Viaje,Bolsas,,keyword→objeto,HIGH,0,0,0.0,1
"""bolsas publicitarias bolsas""",Concordancia de frase,Bolsas TNT,Habilitado,No apto,https://regalospremium.cl/bolsas-publicitarias-con-logotipo/,https://regalospremium.cl/bolsas-publicitarias-con-logotipo/,CURRENT_FORMAT,NO,PRODUCTO,Bolsos y Viaje,Bolsas,,keyword→objeto,HIGH,0,0,0.0,1
"""bolsas publicitarias de tela""",Concordancia de frase,Bolsas TNT,Habilitado,No apto,https://regalospremium.cl/bolsas-de-algodon/,https://regalospremium.cl/bolsas-de-algodon/,CURRENT_FORMAT,NO,PRODUCTO,Bolsos y Viaje,Bolsas,,keyword→objeto,HIGH,0,0,0.0,1
"""bolsas publicitarias ecologicas""",Concordancia de frase,Bolsas TNT,Habilitado,Limitado,https://regalospremium.cl/bolsas-publicitarias-con-logotipo/,https://regalospremium.cl/bolsas-publicitarias-con-logotipo/,CURRENT_FORMAT,NO,PRODUCTO,Bolsos y Viaje,Bolsas,,keyword→objeto,HIGH,0,0,0.0,1
"""bolsas publicitarias personalizadas""",Concordancia de frase,Bolsas TNT,Habilitado,Limitado,https://regalospremium.cl/bolsas-publicitarias-con-logotipo/,https://regalospremium.cl/bolsas-publicitarias-con-logotipo/,CURRENT_FORMAT,NO,PRODUCTO,Bolsos y Viaje,Bolsas,,keyword→objeto,HIGH,0,0,0.0,1
"""bolsas publicitarias santiago""",Concordancia de frase,Bolsas TNT,Habilitado,No apto,https://regalospremium.cl/bolsas-publicitarias-con-logotipo/,https://regalospremium.cl/bolsas-publicitarias-con-logotipo/,CURRENT_FORMAT,NO,PRODUCTO,Bolsos y Viaje,Bolsas,,keyword→objeto,HIGH,0,0,0.0,1
"""Bolsas publicitarias serigrafiadas""",Concordancia de frase,Bolsas TNT,Habilitado,No apto,,,EMPTY,NO,PRODUCTO,Bolsos y Viaje,Bolsas,,keyword→objeto,HIGH,0,0,0.0,1
"""bolsas publicitarias tnt""",Concordancia de frase,Bolsas TNT,Habilitado,No apto,https://regalospremium.cl/bolsas-tnt/,https://regalospremium.cl/bolsas-tnt/,CURRENT_FORMAT,NO,PRODUCTO,Bolsos y Viaje,Bolsas,,keyword→objeto,HIGH,0,0,0.0,1
"""bolsas reciclables""",Concordancia de frase,Bolsas TNT,Habilitado,No apto,https://regalospremium.cl/bolsas-tnt/,https://regalospremium.cl/bolsas-tnt/,CURRENT_FORMAT,NO,PRODUCTO,Bolsos y Viaje,Bolsas,,keyword→objeto,HIGH,0,0,0.0,1
"""bolsas reciclables precio""",Concordancia de frase,Bolsas TNT,Habilitado,No apto,https://regalospremium.cl/bolsas-tnt/,https://regalospremium.cl/bolsas-tnt/,CURRENT_FORMAT,NO,PRODUCTO,Bolsos y Viaje,Bolsas,,keyword→objeto,HIGH,0,0,0.0,1
"""bolsas reusables""",Concordancia de frase,Bolsas TNT,Habilitado,Limitado,https://regalospremium.cl/bolsas-publicitarias-con-logotipo/,https://regalospremium.cl/bolsas-publicitarias-con-logotipo/,CURRENT_FORMAT,NO,PRODUCTO,Bolsos y Viaje,Bolsas,,keyword→objeto,HIGH,0,0,0.0,1
"""bolsas reutilizables""",Concordancia de frase,Bolsas TNT,Habilitado,Limitado,https://regalospremium.cl/bolsas-publicitarias-con-logotipo/,https://regalospremium.cl/bolsas-publicitarias-con-logotipo/,CURRENT_FORMAT,NO,PRODUCTO,Bolsos y Viaje,Bolsas,,keyword→objeto,HIGH,0,0,0.0,1
"""bolsas reutilizables al por mayor""",Concordancia de frase,Bolsas TNT,Habilitado,Limitado,https://regalospremium.cl/bolsas-publicitarias-con-logotipo/,https://regalospremium.cl/bolsas-publicitarias-con-logotipo/,CURRENT_FORMAT,NO,PRODUCTO,Bolsos y Viaje,Bolsas,,keyword→objeto,HIGH,0,0,0.0,1
"""bolsas reutilizables baratas""",Concordancia de frase,Bolsas TNT,Habilitado,Limitado,https://regalospremium.cl/bolsas-publicitarias-con-logotipo/,https://regalospremium.cl/bolsas-publicitarias-con-logotipo/,CURRENT_FORMAT,NO,PRODUCTO,Bolsos y Viaje,Bolsas,,keyword→objeto,HIGH,0,0,0.0,1
"""bolsas reutilizables chile""",Concordancia de frase,Bolsas TNT,Habilitado,Limitado,https://regalospremium.cl/bolsas-publicitarias-con-logotipo/,https://regalospremium.cl/bolsas-publicitarias-con-logotipo/,CURRENT_FORMAT,NO,PRODUCTO,Bolsos y Viaje,Bolsas,,keyword→objeto,HIGH,0,0,0.0,1
"""bolsas reutilizables chile al por unidad""",Concordancia de frase,Bolsas TNT,Habilitado,No apto,https://regalospremium.cl/bolsas-publicitarias-con-logotipo/,https://regalospremium.cl/bolsas-publicitarias-con-logotipo/,CURRENT_FORMAT,NO,PRODUCTO,Bolsos y Viaje,Bolsas,,keyword→objeto,HIGH,0,0,0.0,1
"""bolsas reutilizables de tela""",Concordancia de frase,Bolsas TNT,Habilitado,Limitado,https://regalospremium.cl/bolsas-publicitarias-con-logotipo/,https://regalospremium.cl/bolsas-publicitarias-con-logotipo/,CURRENT_FORMAT,NO,PRODUCTO,Bolsos y Viaje,Bolsas,,keyword→objeto,HIGH,0,0,0.0,1
"""bolsas reutilizables dos colores""",Concordancia de frase,Bolsas TNT,Habilitado,No apto,https://regalospremium.cl/bolsas-publicitarias-con-logotipo/,https://regalospremium.cl/bolsas-publicitarias-con-logotipo/,CURRENT_FORMAT,NO,PRODUCTO,Bolsos y Viaje,Bolsas,,keyword→objeto,HIGH,0,0,0.0,1
"""bolsas reutilizables estampadas""",Concordancia de frase,Bolsas TNT,Habilitado,Limitado,https://regalospremium.cl/bolsas-publicitarias-con-logotipo/,https://regalospremium.cl/bolsas-publicitarias-con-logotipo/,CURRENT_FORMAT,NO,PRODUCTO,Bolsos y Viaje,Bolsas,,keyword→objeto,HIGH,0,0,0.0,1
"""bolsas reutilizables grandes""",Concordancia de frase,Bolsas TNT,Habilitado,No apto,https://regalospremium.cl/bolsas-tnt/,https://regalospremium.cl/bolsas-tnt/,CURRENT_FORMAT,NO,PRODUCTO,Bolsos y Viaje,Bolsas,,keyword→objeto,HIGH,0,0,0.0,1
"""bolsas reutilizables por mayor""",Concordancia de frase,Bolsas TNT,Habilitado,Limitado,https://regalospremium.cl/bolsas-publicitarias-con-logotipo/,https://regalospremium.cl/bolsas-publicitarias-con-logotipo/,CURRENT_FORMAT,NO,PRODUCTO,Bolsos y Viaje,Bolsas,,keyword→objeto,HIGH,0,0,0.0,1
"""bolsas reutilizables precios""",Concordancia de frase,Bolsas TNT,Habilitado,Limitado,https://regalospremium.cl/bolsas-publicitarias-con-logotipo/,https://regalospremium.cl/bolsas-publicitarias-con-logotipo/,CURRENT_FORMAT,NO,PRODUCTO,Bolsos y Viaje,Bolsas,,keyword→objeto,HIGH,0,0,0.0,1
"""bolsas reutilizables tnt""",Concordancia de frase,Bolsas TNT,Habilitado,Limitado,https://regalospremium.cl/bolsas-publicitarias-con-logotipo/,https://regalospremium.cl/bolsas-publicitarias-con-logotipo/,CURRENT_FORMAT,NO,PRODUCTO,Bolsos y Viaje,Bolsas,,keyword→objeto,HIGH,0,0,0.0,1
"""Bolsas serigrafía""",Concordancia de frase,Bolsas TNT,Habilitado,Limitado,,,EMPTY,NO,PRODUCTO,Bolsos y Viaje,Bolsas,,keyword→objeto,HIGH,0,0,0.0,1
"""Bolsas serigrafiadas""",Concordancia de frase,Bolsas TNT,Habilitado,Limitado,,,EMPTY,NO,PRODUCTO,Bolsos y Viaje,Bolsas,,keyword→objeto,HIGH,0,0,0.0,1
"""bolsas sublimables""",Concordancia de frase,Bolsas TNT,Habilitado,Limitado,https://regalospremium.cl/bolsas-publicitarias-con-logotipo/,https://regalospremium.cl/bolsas-publicitarias-con-logotipo/,CURRENT_FORMAT,NO,PRODUCTO,Bolsos y Viaje,Bolsas,,keyword→objeto,HIGH,0,0,0.0,1
"""bolsas sublimacion""",Concordancia de frase,Bolsas TNT,Habilitado,Limitado,https://regalospremium.cl/bolsas-publicitarias-con-logotipo/,https://regalospremium.cl/bolsas-publicitarias-con-logotipo/,CURRENT_FORMAT,NO,PRODUCTO,Bolsos y Viaje,Bolsas,,keyword→objeto,HIGH,0,0,0.0,1
"""bolsas tela ecologica""",Concordancia de frase,Bolsas TNT,Habilitado,Limitado,https://regalospremium.cl/bolsas-publicitarias-con-logotipo/,https://regalospremium.cl/bolsas-publicitarias-con-logotipo/,CURRENT_FORMAT,NO,PRODUCTO,Bolsos y Viaje,Bolsas,,keyword→objeto,HIGH,0,0,0.0,1
"""bolsas tela mayoreo""",Concordancia de frase,Bolsas TNT,Habilitado,No apto,https://regalospremium.cl/bolsas-de-algodon/,https://regalospremium.cl/bolsas-de-algodon/,CURRENT_FORMAT,NO,PRODUCTO,Bolsos y Viaje,Bolsas,,keyword→objeto,HIGH,0,0,0.0,1
"""bolsas tiendas""",Concordancia de frase,Bolsas TNT,Habilitado,Limitado,https://regalospremium.cl/bolsas-publicitarias-con-logotipo/,https://regalospremium.cl/bolsas-publicitarias-con-logotipo/,CURRENT_FORMAT,NO,PRODUCTO,Bolsos y Viaje,Bolsas,,keyword→objeto,HIGH,0,0,0.0,1
"""bolsas tnt""",Concordancia de frase,Bolsas TNT,Habilitado,Limitado,https://regalospremium.cl/bolsas-publicitarias-con-logotipo/,https://regalospremium.cl/bolsas-publicitarias-con-logotipo/,CURRENT_FORMAT,NO,PRODUCTO,Bolsos y Viaje,Bolsas,,keyword→objeto,HIGH,0,0,0.0,1
"""bolsas tnt 40 por 30""",Concordancia de frase,Bolsas TNT,Habilitado,No apto,https://regalospremium.cl/bolsas-publicitarias-con-logotipo/,https://regalospremium.cl/bolsas-publicitarias-con-logotipo/,CURRENT_FORMAT,NO,PRODUCTO,Bolsos y Viaje,Bolsas,,keyword→objeto,HIGH,0,0,0.0,1
"""bolsas tnt al por mayor""",Concordancia de frase,Bolsas TNT,Habilitado,Limitado,https://regalospremium.cl/bolsas-publicitarias-con-logotipo/,https://regalospremium.cl/bolsas-publicitarias-con-logotipo/,CURRENT_FORMAT,NO,PRODUCTO,Bolsos y Viaje,Bolsas,,keyword→objeto,HIGH,0,0,0.0,1
"""bolsas tnt baratas""",Concordancia de frase,Bolsas TNT,Habilitado,Limitado,https://regalospremium.cl/bolsas-publicitarias-con-logotipo/,https://regalospremium.cl/bolsas-publicitarias-con-logotipo/,CURRENT_FORMAT,NO,PRODUCTO,Bolsos y Viaje,Bolsas,,keyword→objeto,HIGH,0,0,0.0,1
"""bolsas tnt blancas""",Concordancia de frase,Bolsas TNT,Habilitado,Limitado,https://regalospremium.cl/bolsas-publicitarias-con-logotipo/,https://regalospremium.cl/bolsas-publicitarias-con-logotipo/,CURRENT_FORMAT,NO,PRODUCTO,Bolsos y Viaje,Bolsas,,keyword→objeto,HIGH,0,0,0.0,1
"""bolsas tnt blancas de 36 x 40 cms""",Concordancia de frase,Bolsas TNT,Habilitado,No apto,https://regalospremium.cl/bolsas-tnt/,https://regalospremium.cl/bolsas-tnt/,CURRENT_FORMAT,NO,PRODUCTO,Bolsos y Viaje,Bolsas,,keyword→objeto,HIGH,0,0,0.0,1
"""bolsas tnt bolsas""",Concordancia de frase,Bolsas TNT,Habilitado,No apto,https://regalospremium.cl/bolsas-publicitarias-con-logotipo/,https://regalospremium.cl/bolsas-publicitarias-con-logotipo/,CURRENT_FORMAT,NO,PRODUCTO,Bolsos y Viaje,Bolsas,,keyword→objeto,HIGH,0,0,0.0,1
"""bolsas tnt chile""",Concordancia de frase,Bolsas TNT,Habilitado,No apto,https://regalospremium.cl/bolsas-tnt/,https://regalospremium.cl/bolsas-tnt/,CURRENT_FORMAT,NO,PRODUCTO,Bolsos y Viaje,Bolsas,,keyword→objeto,HIGH,0,0,0.0,1
"""bolsas tnt de 48x38""",Concordancia de frase,Bolsas TNT,Habilitado,No apto,https://regalospremium.cl/bolsas-tnt/,https://regalospremium.cl/bolsas-tnt/,CURRENT_FORMAT,NO,PRODUCTO,Bolsos y Viaje,Bolsas,,keyword→objeto,HIGH,0,0,0.0,1
"""bolsas tnt en patronato""",Concordancia de frase,Bolsas TNT,Habilitado,No apto,https://regalospremium.cl/bolsas-tnt/,https://regalospremium.cl/bolsas-tnt/,CURRENT_FORMAT,NO,PRODUCTO,Bolsos y Viaje,Bolsas,,keyword→objeto,HIGH,0,0,0.0,1
"""bolsas tnt estampadas""",Concordancia de frase,Bolsas TNT,Habilitado,Limitado,https://regalospremium.cl/bolsas-publicitarias-con-logotipo/,https://regalospremium.cl/bolsas-publicitarias-con-logotipo/,CURRENT_FORMAT,NO,PRODUCTO,Bolsos y Viaje,Bolsas,,keyword→objeto,HIGH,0,0,0.0,1
"""bolsas tnt impresas""",Concordancia de frase,Bolsas TNT,Habilitado,Limitado,https://regalospremium.cl/bolsas-publicitarias-con-logotipo/,https://regalospremium.cl/bolsas-publicitarias-con-logotipo/,CURRENT_FORMAT,NO,PRODUCTO,Bolsos y Viaje,Bolsas,,keyword→objeto,HIGH,0,0,0.0,1
"""bolsas tnt impresion""",Concordancia de frase,Bolsas TNT,Habilitado,No apto,https://regalospremium.cl/bolsas-tnt/,https://regalospremium.cl/bolsas-tnt/,CURRENT_FORMAT,NO,PRODUCTO,Bolsos y Viaje,Bolsas,,keyword→objeto,HIGH,0,0,0.0,1
"""bolsas tnt moradas""",Concordancia de frase,Bolsas TNT,Habilitado,No apto,https://regalospremium.cl/bolsas-tnt/,https://regalospremium.cl/bolsas-tnt/,CURRENT_FORMAT,NO,PRODUCTO,Bolsos y Viaje,Bolsas,,keyword→objeto,HIGH,0,0,0.0,1
"""bolsas tnt para sublimar""",Concordancia de frase,Bolsas TNT,Habilitado,Limitado,https://regalospremium.cl/bolsas-publicitarias-con-logotipo/,https://regalospremium.cl/bolsas-publicitarias-con-logotipo/,CURRENT_FORMAT,NO,PRODUCTO,Bolsos y Viaje,Bolsas,,keyword→objeto,HIGH,0,0,0.0,1
"""bolsas tnt para sublimar por mayor""",Concordancia de frase,Bolsas TNT,Habilitado,Limitado,https://regalospremium.cl/bolsas-publicitarias-con-logotipo/,https://regalospremium.cl/bolsas-publicitarias-con-logotipo/,CURRENT_FORMAT,NO,PRODUCTO,Bolsos y Viaje,Bolsas,,keyword→objeto,HIGH,0,0,0.0,1
"""bolsas tnt patronato detalle""",Concordancia de frase,Bolsas TNT,Habilitado,No apto,https://regalospremium.cl/bolsas-tnt/,https://regalospremium.cl/bolsas-tnt/,CURRENT_FORMAT,NO,PRODUCTO,Bolsos y Viaje,Bolsas,,keyword→objeto,HIGH,0,0,0.0,1
"""bolsas tnt personalizadas""",Concordancia de frase,Bolsas TNT,Habilitado,Limitado,https://regalospremium.cl/bolsas-publicitarias-con-logotipo/,https://regalospremium.cl/bolsas-publicitarias-con-logotipo/,CURRENT_FORMAT,NO,PRODUCTO,Bolsos y Viaje,Bolsas,,keyword→objeto,HIGH,0,0,0.0,1
"""bolsas tnt por mayor chile""",Concordancia de frase,Bolsas TNT,Habilitado,No apto,https://regalospremium.cl/bolsas-tnt/,https://regalospremium.cl/bolsas-tnt/,CURRENT_FORMAT,NO,PRODUCTO,Bolsos y Viaje,Bolsas,,keyword→objeto,HIGH,0,0,0.0,1
"""bolsas tnt precios""",Concordancia de frase,Bolsas TNT,Habilitado,No apto,https://regalospremium.cl/bolsas-publicitarias-con-logotipo/,https://regalospremium.cl/bolsas-publicitarias-con-logotipo/,CURRENT_FORMAT,NO,PRODUCTO,Bolsos y Viaje,Bolsas,,keyword→objeto,HIGH,0,0,0.0,1
"""Bolsas TNT promocionales""",Concordancia de frase,Bolsas TNT,Habilitado,No apto,https://regalospremium.cl/bolsas-publicitarias-con-logotipo/,https://regalospremium.cl/bolsas-publicitarias-con-logotipo/,CURRENT_FORMAT,NO,PRODUCTO,Bolsos y Viaje,Bolsas,,keyword→objeto,HIGH,0,0,0.0,1
"""bolsas tnt santiago centro""",Concordancia de frase,Bolsas TNT,Habilitado,No apto,https://regalospremium.cl/bolsas-tnt/,https://regalospremium.cl/bolsas-tnt/,CURRENT_FORMAT,NO,PRODUCTO,Bolsos y Viaje,Bolsas,,keyword→objeto,HIGH,0,0,0.0,1
"""bolsas tnt santiago chile""",Concordancia de frase,Bolsas TNT,Habilitado,No apto,https://regalospremium.cl/bolsas-publicitarias-con-logotipo/,https://regalospremium.cl/bolsas-publicitarias-con-logotipo/,CURRENT_FORMAT,NO,PRODUCTO,Bolsos y Viaje,Bolsas,,keyword→objeto,HIGH,0,0,0.0,1
"""bolsas tnt sublimables""",Concordancia de frase,Bolsas TNT,Habilitado,Limitado,https://regalospremium.cl/bolsas-publicitarias-con-logotipo/,https://regalospremium.cl/bolsas-publicitarias-con-logotipo/,CURRENT_FORMAT,NO,PRODUCTO,Bolsos y Viaje,Bolsas,,keyword→objeto,HIGH,0,0,0.0,1
"""bolsas tnt tipo camiseta por mayor""",Concordancia de frase,Bolsas TNT,Habilitado,No apto,https://regalospremium.cl/bolsas-publicitarias-con-logotipo/,https://regalospremium.cl/bolsas-publicitarias-con-logotipo/,CURRENT_FORMAT,NO,PRODUCTO,Bolsos y Viaje,Bolsas,,keyword→objeto,HIGH,0,0,0.0,1
"""bolsas vino doble""",Concordancia de frase,Bolsas TNT,Habilitado,Apto,https://regalospremium.cl/bolsas-publicitarias-con-logotipo/,https://regalospremium.cl/bolsas-publicitarias-con-logotipo/,CURRENT_FORMAT,NO,PRODUCTO,Hogar y Bebidas,Accesorios de Vino,,keyword→objeto,HIGH,0,0,0.0,1
"""bolsas yute""",Concordancia de frase,Bolsas TNT,Habilitado,Limitado,https://regalospremium.cl/bolsas-publicitarias-con-logotipo/,https://regalospremium.cl/bolsas-publicitarias-con-logotipo/,CURRENT_FORMAT,NO,PRODUCTO,Bolsos y Viaje,Bolsas,,keyword→objeto,HIGH,0,0,0.0,1
"""bolsas yute para botellas""",Concordancia de frase,Bolsas TNT,Habilitado,No apto,https://regalospremium.cl/bolsas-de-yute/,https://regalospremium.cl/bolsas-de-yute/,CURRENT_FORMAT,NO,PRODUCTO,Hogar y Bebidas,Botellas,,keyword→objeto,HIGH,0,0,0.0,1
"""bolsas yute para regalo""",Concordancia de frase,Bolsas TNT,Habilitado,Limitado,https://regalospremium.cl/bolsas-de-yute-publicitarias/,https://regalospremium.cl/bolsas-de-yute-publicitarias/,CURRENT_FORMAT,NO,PRODUCTO,Bolsos y Viaje,Bolsas,,keyword→objeto,HIGH,0,0,0.0,1
"""bolso deportivo ecologico""",Concordancia de frase,Bolsas TNT,Habilitado,No apto,https://regalospremium.cl/bolsas-publicitarias-con-logotipo/,https://regalospremium.cl/bolsas-publicitarias-con-logotipo/,CURRENT_FORMAT,NO,PRODUCTO,Bolsos y Viaje,Bolsos,,keyword→objeto,HIGH,0,0,0.0,1
"""bolso mochila""",Concordancia de frase,Bolsas TNT,Habilitado,Limitado,https://regalospremium.cl/bolsas-publicitarias-con-logotipo/,https://regalospremium.cl/bolsas-publicitarias-con-logotipo/,CURRENT_FORMAT,NO,PRODUCTO,Bolsos y Viaje,Mochilas,,keyword→objeto,HIGH,0,0,0.0,1
"""bolso mochila de mujer""",Concordancia de frase,Bolsas TNT,Habilitado,Limitado,https://regalospremium.cl/bolsas-publicitarias-con-logotipo/,https://regalospremium.cl/bolsas-publicitarias-con-logotipo/,CURRENT_FORMAT,NO,PRODUCTO,Bolsos y Viaje,Mochilas,,keyword→objeto,HIGH,0,0,0.0,1
"""bolso mochila tnt""",Concordancia de frase,Bolsas TNT,Habilitado,No apto,https://regalospremium.cl/bolsas-tnt/,https://regalospremium.cl/bolsas-tnt/,CURRENT_FORMAT,NO,PRODUCTO,Bolsos y Viaje,Mochilas,,keyword→objeto,HIGH,0,0,0.0,1
"""bolso para mujer""",Concordancia de frase,Bolsas TNT,Habilitado,Limitado,,,EMPTY,NO,PRODUCTO,Bolsos y Viaje,Bolsos,,keyword→objeto,HIGH,0,0,0.0,1
"""bolso para viajar""",Concordancia de frase,Bolsas TNT,Habilitado,Limitado,,,EMPTY,NO,PRODUCTO,Bolsos y Viaje,Bolsos,,keyword→objeto,HIGH,0,0,0.0,1
"""bolsos bolsos""",Concordancia de frase,Bolsas TNT,Habilitado,Limitado,,,EMPTY,NO,PRODUCTO,Bolsos y Viaje,Bolsos,,keyword→objeto,HIGH,0,0,0.0,1
"""bolsos de mochila""",Concordancia de frase,Bolsas TNT,Habilitado,Apto,https://regalospremium.cl/bolsas-publicitarias-con-logotipo/,https://regalospremium.cl/bolsas-publicitarias-con-logotipo/,CURRENT_FORMAT,NO,PRODUCTO,Bolsos y Viaje,Mochilas,,keyword→objeto,HIGH,0,0,0.0,1
"""bolsos ecológicos""",Concordancia de frase,Bolsas TNT,Habilitado,Limitado,https://regalospremium.cl/bolsas-publicitarias-con-logotipo/,https://regalospremium.cl/bolsas-publicitarias-con-logotipo/,CURRENT_FORMAT,NO,PRODUCTO,Bolsos y Viaje,Bolsos,,keyword→objeto,HIGH,0,0,0.0,1
"""bolsos promocionales""",Concordancia de frase,Bolsas TNT,Habilitado,Limitado,https://regalospremium.cl/bolsas-publicitarias-con-logotipo/,https://regalospremium.cl/bolsas-publicitarias-con-logotipo/,CURRENT_FORMAT,NO,PRODUCTO,Bolsos y Viaje,Bolsos,,keyword→objeto,HIGH,0,0,0.0,1
"""bolsos reutilizables""",Concordancia de frase,Bolsas TNT,Habilitado,No apto,https://regalospremium.cl/bolsas-tnt/,https://regalospremium.cl/bolsas-tnt/,CURRENT_FORMAT,NO,PRODUCTO,Bolsos y Viaje,Bolsos,,keyword→objeto,HIGH,0,0,0.0,1
"""bolsos y mochilas de cuero""",Concordancia de frase,Bolsas TNT,Habilitado,Apto,https://regalospremium.cl/bolsas-publicitarias-con-logotipo/,https://regalospremium.cl/bolsas-publicitarias-con-logotipo/,CURRENT_FORMAT,NO,PRODUCTO,Bolsos y Viaje,Mochilas,,keyword→objeto,HIGH,0,0,0.0,1
"""comprar bolsa de tnt personalizada""",Concordancia de frase,Bolsas TNT,Habilitado,No apto,https://regalospremium.cl/bolsas-publicitarias-con-logotipo/,https://regalospremium.cl/bolsas-publicitarias-con-logotipo/,CURRENT_FORMAT,NO,PRODUCTO,Bolsos y Viaje,Bolsas,,keyword→objeto,HIGH,0,0,0.0,1
"""comprar bolsas de algodon""",Concordancia de frase,Bolsas TNT,Habilitado,Limitado,https://regalospremium.cl/bolsas-publicitarias-con-logotipo/,https://regalospremium.cl/bolsas-publicitarias-con-logotipo/,CURRENT_FORMAT,NO,PRODUCTO,Bolsos y Viaje,Bolsas,,keyword→objeto,HIGH,0,0,0.0,1
"""comprar bolsas ecologicas""",Concordancia de frase,Bolsas TNT,Habilitado,Limitado,https://regalospremium.cl/bolsas-publicitarias-con-logotipo/,https://regalospremium.cl/bolsas-publicitarias-con-logotipo/,CURRENT_FORMAT,NO,PRODUCTO,Bolsos y Viaje,Bolsas,,keyword→objeto,HIGH,0,0,0.0,1
"""costo de bolsas biodegradables""",Concordancia de frase,Bolsas TNT,Habilitado,No apto,https://regalospremium.cl/bolsas-de-algodon/,https://regalospremium.cl/bolsas-de-algodon/,CURRENT_FORMAT,NO,PRODUCTO,Bolsos y Viaje,Bolsas,,keyword→objeto,HIGH,0,0,0.0,1
"""de papel kraft""",Concordancia de frase,Bolsas TNT,Habilitado,Limitado,,,EMPTY,NO,PRODUCTO,Bolsos y Viaje,Bolsas,,fallback grupo histórico,MEDIUM,0,0,0.0,1
"""eco bolsa""",Concordancia de frase,Bolsas TNT,Habilitado,Limitado,https://regalospremium.cl/bolsas-publicitarias-con-logotipo/,https://regalospremium.cl/bolsas-publicitarias-con-logotipo/,CURRENT_FORMAT,NO,PRODUCTO,Bolsos y Viaje,Bolsas,,keyword→objeto,HIGH,0,0,0.0,1
"""eco bolsa impresa""",Concordancia de frase,Bolsas TNT,Habilitado,No apto,https://regalospremium.cl/bolsas-tnt/,https://regalospremium.cl/bolsas-tnt/,CURRENT_FORMAT,NO,PRODUCTO,Bolsos y Viaje,Bolsas,,keyword→objeto,HIGH,0,0,0.0,1
"""eco bolsas""",Concordancia de frase,Bolsas TNT,Habilitado,Limitado,https://regalospremium.cl/bolsas-publicitarias-con-logotipo/,https://regalospremium.cl/bolsas-publicitarias-con-logotipo/,CURRENT_FORMAT,NO,PRODUCTO,Bolsos y Viaje,Bolsas,,keyword→objeto,HIGH,0,0,0.0,1
"""empresas de bolsas de genero""",Concordancia de frase,Bolsas TNT,Habilitado,No apto,https://regalospremium.cl/bolsas-publicitarias-con-logotipo/,https://regalospremium.cl/bolsas-publicitarias-con-logotipo/,CURRENT_FORMAT,NO,PRODUCTO,Bolsos y Viaje,Bolsas,,keyword→objeto,HIGH,0,0,0.0,1
"""estampado bolsas tnt""",Concordancia de frase,Bolsas TNT,Habilitado,No apto,https://regalospremium.cl/bolsas-tnt/,https://regalospremium.cl/bolsas-tnt/,CURRENT_FORMAT,NO,PRODUCTO,Bolsos y Viaje,Bolsas,,keyword→objeto,HIGH,0,0,0.0,1
"""importadora bolsas tnt""",Concordancia de frase,Bolsas TNT,Habilitado,Apto,https://regalospremium.cl/bolsas-de-tnt-publicitarias/,https://regalospremium.cl/bolsas-de-tnt-publicitarias/,CURRENT_FORMAT,NO,PRODUCTO,Bolsos y Viaje,Bolsas,,keyword→objeto,HIGH,0,0,0.0,1
"""impresion de bolsas""",Concordancia de frase,Bolsas TNT,Habilitado,Limitado,https://regalospremium.cl/bolsas-publicitarias-con-logotipo/,https://regalospremium.cl/bolsas-publicitarias-con-logotipo/,CURRENT_FORMAT,NO,PRODUCTO,Bolsos y Viaje,Bolsas,,keyword→objeto,HIGH,0,0,0.0,1
"""junji bolsa de trabajo""",Concordancia de frase,Bolsas TNT,Habilitado,No apto,https://regalospremium.cl/bolsas-tnt/,https://regalospremium.cl/bolsas-tnt/,CURRENT_FORMAT,NO,PRODUCTO,Bolsos y Viaje,Bolsas,,keyword→objeto,HIGH,0,0,0.0,1
"""las bolsas ecologicas""",Concordancia de frase,Bolsas TNT,Habilitado,Limitado,https://regalospremium.cl/bolsas-publicitarias-con-logotipo/,https://regalospremium.cl/bolsas-publicitarias-con-logotipo/,CURRENT_FORMAT,NO,PRODUCTO,Bolsos y Viaje,Bolsas,,keyword→objeto,HIGH,0,0,0.0,1
"""llaveros santiago""",Concordancia de frase,Bolsas TNT,Habilitado,Limitado,https://regalospremium.cl/bolsas-publicitarias-con-logotipo/,https://regalospremium.cl/bolsas-publicitarias-con-logotipo/,CURRENT_FORMAT,NO,PRODUCTO,Promocionales,Llaveros,,keyword→objeto,HIGH,0,0,0.0,1
"""mochila 12 litros""",Concordancia de frase,Bolsas TNT,Habilitado,Limitado,https://regalospremium.cl/bolsas-publicitarias-con-logotipo/,https://regalospremium.cl/bolsas-publicitarias-con-logotipo/,CURRENT_FORMAT,NO,PRODUCTO,Bolsos y Viaje,Mochilas,,keyword→objeto,HIGH,0,0,0.0,1
"""mochila algodon""",Concordancia de frase,Bolsas TNT,Habilitado,No apto,https://regalospremium.cl/bolsas-de-algodon/,https://regalospremium.cl/bolsas-de-algodon/,CURRENT_FORMAT,NO,PRODUCTO,Bolsos y Viaje,Mochilas,,keyword→objeto,HIGH,0,0,0.0,1
"""mochila algodon cuerdas""",Concordancia de frase,Bolsas TNT,Habilitado,Limitado,https://regalospremium.cl/mochilas/,https://regalospremium.cl/mochilas/,CURRENT_FORMAT,NO,PRODUCTO,Bolsos y Viaje,Mochilas,,keyword→objeto,HIGH,0,0,0.0,1
"""mochila algodon personalizada""",Concordancia de frase,Bolsas TNT,Habilitado,Limitado,https://regalospremium.cl/mochilas/,https://regalospremium.cl/mochilas/,CURRENT_FORMAT,NO,PRODUCTO,Bolsos y Viaje,Mochilas,,keyword→objeto,HIGH,0,0,0.0,1
"""mochila bolsa personalizada""",Concordancia de frase,Bolsas TNT,Habilitado,Limitado,https://regalospremium.cl/mochilas/,https://regalospremium.cl/mochilas/,CURRENT_FORMAT,NO,PRODUCTO,Bolsos y Viaje,Bolsas,,keyword→objeto,HIGH,0,0,0.0,1
"""mochila bolsos""",Concordancia de frase,Bolsas TNT,Habilitado,Limitado,https://regalospremium.cl/mochilas/,https://regalospremium.cl/mochilas/,CURRENT_FORMAT,NO,PRODUCTO,Bolsos y Viaje,Mochilas,,keyword→objeto,HIGH,0,0,0.0,1
"""mochila con logo""",Concordancia de frase,Bolsas TNT,Habilitado,Limitado,https://regalospremium.cl/bolsas-publicitarias-con-logotipo/,https://regalospremium.cl/bolsas-publicitarias-con-logotipo/,CURRENT_FORMAT,NO,PRODUCTO,Bolsos y Viaje,Mochilas,,keyword→objeto,HIGH,0,0,0.0,1
"""mochila cooler""",Concordancia de frase,Bolsas TNT,Habilitado,Limitado,https://regalospremium.cl/mochilas/,https://regalospremium.cl/mochilas/,CURRENT_FORMAT,NO,PRODUCTO,Bolsos y Viaje,Mochilas,,keyword→objeto,HIGH,0,0,0.0,1
"""mochila corporativa bordada precio""",Concordancia de frase,Bolsas TNT,Habilitado,No apto,https://regalospremium.cl/mochilas/,https://regalospremium.cl/mochilas/,CURRENT_FORMAT,NO,PRODUCTO,Bolsos y Viaje,Mochilas,,keyword→objeto,HIGH,0,0,0.0,1
"""mochila cuerdas algodon""",Concordancia de frase,Bolsas TNT,Habilitado,Limitado,https://regalospremium.cl/mochilas/,https://regalospremium.cl/mochilas/,CURRENT_FORMAT,NO,PRODUCTO,Bolsos y Viaje,Mochilas,,keyword→objeto,HIGH,0,0,0.0,1
"""mochila cuero""",Concordancia de frase,Bolsas TNT,Habilitado,Limitado,https://regalospremium.cl/bolsas-publicitarias-con-logotipo/,https://regalospremium.cl/bolsas-publicitarias-con-logotipo/,CURRENT_FORMAT,NO,PRODUCTO,Bolsos y Viaje,Mochilas,,keyword→objeto,HIGH,0,0,0.0,1
"""mochila dama""",Concordancia de frase,Bolsas TNT,Habilitado,Limitado,https://regalospremium.cl/bolsas-publicitarias-con-logotipo/,https://regalospremium.cl/bolsas-publicitarias-con-logotipo/,CURRENT_FORMAT,NO,PRODUCTO,Bolsos y Viaje,Mochilas,,keyword→objeto,HIGH,0,0,0.0,1
"""mochila de cuero""",Concordancia de frase,Bolsas TNT,Habilitado,Limitado,https://regalospremium.cl/bolsas-publicitarias-con-logotipo/,https://regalospremium.cl/bolsas-publicitarias-con-logotipo/,CURRENT_FORMAT,NO,PRODUCTO,Bolsos y Viaje,Mochilas,,keyword→objeto,HIGH,0,0,0.0,1
"""mochila de deporte""",Concordancia de frase,Bolsas TNT,Habilitado,Limitado,https://regalospremium.cl/bolsas-publicitarias-con-logotipo/,https://regalospremium.cl/bolsas-publicitarias-con-logotipo/,CURRENT_FORMAT,NO,PRODUCTO,Bolsos y Viaje,Mochilas,,keyword→objeto,HIGH,0,0,0.0,1
"""mochila de mujeres""",Concordancia de frase,Bolsas TNT,Habilitado,Limitado,https://regalospremium.cl/bolsas-publicitarias-con-logotipo/,https://regalospremium.cl/bolsas-publicitarias-con-logotipo/,CURRENT_FORMAT,NO,PRODUCTO,Bolsos y Viaje,Mochilas,,keyword→objeto,HIGH,0,0,0.0,1
"""mochila deportiva""",Concordancia de frase,Bolsas TNT,Habilitado,Limitado,https://regalospremium.cl/mochilas/,https://regalospremium.cl/mochilas/,CURRENT_FORMAT,NO,PRODUCTO,Bolsos y Viaje,Mochilas,,keyword→objeto,HIGH,0,0,0.0,1
"""mochila ecologica personalizada""",Concordancia de frase,Bolsas TNT,Habilitado,Limitado,https://regalospremium.cl/mochilas/,https://regalospremium.cl/mochilas/,CURRENT_FORMAT,NO,PRODUCTO,Bolsos y Viaje,Mochilas,,keyword→objeto,HIGH,0,0,0.0,1
"""mochila fucsia""",Concordancia de frase,Bolsas TNT,Habilitado,Limitado,https://regalospremium.cl/mochilas/,https://regalospremium.cl/mochilas/,CURRENT_FORMAT,NO,PRODUCTO,Bolsos y Viaje,Mochilas,,keyword→objeto,HIGH,0,0,0.0,1
"""mochila gris""",Concordancia de frase,Bolsas TNT,Habilitado,Limitado,https://regalospremium.cl/mochilas/,https://regalospremium.cl/mochilas/,CURRENT_FORMAT,NO,PRODUCTO,Bolsos y Viaje,Mochilas,,keyword→objeto,HIGH,0,0,0.0,1
"""mochila index""",Concordancia de frase,Bolsas TNT,Habilitado,Limitado,https://regalospremium.cl/mochilas/,https://regalospremium.cl/mochilas/,CURRENT_FORMAT,NO,PRODUCTO,Bolsos y Viaje,Mochilas,,keyword→objeto,HIGH,0,0,0.0,1
"""mochila institucional porta notebooks""",Concordancia de frase,Bolsas TNT,Habilitado,No apto,https://regalospremium.cl/mochilas/,https://regalospremium.cl/mochilas/,CURRENT_FORMAT,NO,PRODUCTO,Oficina y Escritura,Libretas y Cuadernos,,keyword→objeto,HIGH,0,0,0.0,1
"""mochila laptop""",Concordancia de frase,Bolsas TNT,Habilitado,Limitado,https://regalospremium.cl/mochilas/,https://regalospremium.cl/mochilas/,CURRENT_FORMAT,NO,PRODUCTO,Bolsos y Viaje,Mochilas,,keyword→objeto,HIGH,0,0,0.0,1
"""mochila mochilas""",Concordancia de frase,Bolsas TNT,Habilitado,Limitado,https://regalospremium.cl/bolsas-publicitarias-con-logotipo/,https://regalospremium.cl/bolsas-publicitarias-con-logotipo/,CURRENT_FORMAT,NO,PRODUCTO,Bolsos y Viaje,Mochilas,,keyword→objeto,HIGH,0,0,0.0,1
"""mochila morral deportivo por mayor""",Concordancia de frase,Bolsas TNT,Habilitado,No apto,https://regalospremium.cl/mochilas/,https://regalospremium.cl/mochilas/,CURRENT_FORMAT,NO,PRODUCTO,Bolsos y Viaje,Mochilas,,keyword→objeto,HIGH,0,0,0.0,1
"""mochila notebook""",Concordancia de frase,Bolsas TNT,Habilitado,Limitado,https://regalospremium.cl/mochilas/,https://regalospremium.cl/mochilas/,CURRENT_FORMAT,NO,PRODUCTO,Oficina y Escritura,Libretas y Cuadernos,,keyword→objeto,HIGH,0,0,0.0,1
"""mochila o bolso para viajar""",Concordancia de frase,Bolsas TNT,Habilitado,Limitado,https://regalospremium.cl/mochilas/,https://regalospremium.cl/mochilas/,CURRENT_FORMAT,NO,PRODUCTO,Bolsos y Viaje,Mochilas,,keyword→objeto,HIGH,0,0,0.0,1
"""mochila para imprimir""",Concordancia de frase,Bolsas TNT,Habilitado,Limitado,https://regalospremium.cl/mochilas/,https://regalospremium.cl/mochilas/,CURRENT_FORMAT,NO,PRODUCTO,Bolsos y Viaje,Mochilas,,keyword→objeto,HIGH,0,0,0.0,1
"""mochila para llevar implementos deportivos""",Concordancia de frase,Bolsas TNT,Habilitado,Limitado,https://regalospremium.cl/mochilas/,https://regalospremium.cl/mochilas/,CURRENT_FORMAT,NO,PRODUCTO,Bolsos y Viaje,Mochilas,,keyword→objeto,HIGH,0,0,0.0,1
"""mochila para notebook""",Concordancia de frase,Bolsas TNT,Habilitado,Limitado,https://regalospremium.cl/mochilas/,https://regalospremium.cl/mochilas/,CURRENT_FORMAT,NO,PRODUCTO,Oficina y Escritura,Libretas y Cuadernos,,keyword→objeto,HIGH,0,0,0.0,1
"""mochila porta""",Concordancia de frase,Bolsas TNT,Habilitado,Limitado,https://regalospremium.cl/mochilas/,https://regalospremium.cl/mochilas/,CURRENT_FORMAT,NO,PRODUCTO,Bolsos y Viaje,Mochilas,,keyword→objeto,HIGH,0,0,0.0,1
"""mochila porta notebook""",Concordancia de frase,Bolsas TNT,Habilitado,Limitado,https://regalospremium.cl/bolsas-publicitarias-con-logotipo/,https://regalospremium.cl/bolsas-publicitarias-con-logotipo/,CURRENT_FORMAT,NO,PRODUCTO,Oficina y Escritura,Libretas y Cuadernos,,keyword→objeto,HIGH,0,0,0.0,1
"""mochila saco algodon""",Concordancia de frase,Bolsas TNT,Habilitado,Limitado,https://regalospremium.cl/mochilas/,https://regalospremium.cl/mochilas/,CURRENT_FORMAT,NO,PRODUCTO,Bolsos y Viaje,Mochilas,,keyword→objeto,HIGH,0,0,0.0,1
"""mochila sublimacion""",Concordancia de frase,Bolsas TNT,Habilitado,Limitado,https://regalospremium.cl/mochilas/,https://regalospremium.cl/mochilas/,CURRENT_FORMAT,NO,PRODUCTO,Bolsos y Viaje,Mochilas,,keyword→objeto,HIGH,0,0,0.0,1
"""mochila tipo saco""",Concordancia de frase,Bolsas TNT,Habilitado,Limitado,https://regalospremium.cl/mochilas/,https://regalospremium.cl/mochilas/,CURRENT_FORMAT,NO,PRODUCTO,Bolsos y Viaje,Mochilas,,keyword→objeto,HIGH,0,0,0.0,1
"""mochila transporte libros""",Concordancia de frase,Bolsas TNT,Habilitado,No apto,https://regalospremium.cl/mochilas/,https://regalospremium.cl/mochilas/,CURRENT_FORMAT,NO,PRODUCTO,Bolsos y Viaje,Mochilas,,keyword→objeto,HIGH,0,0,0.0,1
"""mochilas baratas""",Concordancia de frase,Bolsas TNT,Habilitado,Limitado,https://regalospremium.cl/mochilas/,https://regalospremium.cl/mochilas/,CURRENT_FORMAT,NO,PRODUCTO,Bolsos y Viaje,Mochilas,,keyword→objeto,HIGH,0,0,0.0,1
"""mochilas baratas personalizadas""",Concordancia de frase,Bolsas TNT,Habilitado,Limitado,https://regalospremium.cl/mochilas/,https://regalospremium.cl/mochilas/,CURRENT_FORMAT,NO,PRODUCTO,Bolsos y Viaje,Mochilas,,keyword→objeto,HIGH,0,0,0.0,1
"""mochilas bolsas""",Concordancia de frase,Bolsas TNT,Habilitado,Limitado,https://regalospremium.cl/bolsas-publicitarias-con-logotipo/,https://regalospremium.cl/bolsas-publicitarias-con-logotipo/,CURRENT_FORMAT,NO,PRODUCTO,Bolsos y Viaje,Bolsas,,keyword→objeto,HIGH,0,0,0.0,1
"""mochilas bolsas publicitarias""",Concordancia de frase,Bolsas TNT,Habilitado,Apto,https://regalospremium.cl/bolsas-publicitarias-con-logotipo/,https://regalospremium.cl/bolsas-publicitarias-con-logotipo/,CURRENT_FORMAT,NO,PRODUCTO,Bolsos y Viaje,Bolsas,,keyword→objeto,HIGH,0,0,0.0,1
"""mochilas bolsas publicitarias bolsas""",Concordancia de frase,Bolsas TNT,Habilitado,No apto,https://regalospremium.cl/bolsas-publicitarias-con-logotipo/,https://regalospremium.cl/bolsas-publicitarias-con-logotipo/,CURRENT_FORMAT,NO,PRODUCTO,Bolsos y Viaje,Bolsas,,keyword→objeto,HIGH,0,0,0.0,1
"""mochilas bolsos""",Concordancia de frase,Bolsas TNT,Habilitado,Limitado,https://regalospremium.cl/bolsos-y-mochilas-publicitarios/,https://regalospremium.cl/bolsos-y-mochilas-publicitarios/,CURRENT_FORMAT,NO,PRODUCTO,Bolsos y Viaje,Mochilas,,keyword→objeto,HIGH,0,0,0.0,1
"""mochilas bordadas institucionales""",Concordancia de frase,Bolsas TNT,Habilitado,No apto,https://regalospremium.cl/mochilas/,https://regalospremium.cl/mochilas/,CURRENT_FORMAT,NO,PRODUCTO,Bolsos y Viaje,Mochilas,,keyword→objeto,HIGH,0,0,0.0,1
"""mochilas con""",Concordancia de frase,Bolsas TNT,Habilitado,Limitado,https://regalospremium.cl/mochilas/,https://regalospremium.cl/mochilas/,CURRENT_FORMAT,NO,PRODUCTO,Bolsos y Viaje,Mochilas,,keyword→objeto,HIGH,0,0,0.0,1
"""mochilas con logo empresa""",Concordancia de frase,Bolsas TNT,Habilitado,Limitado,https://regalospremium.cl/mochilas/,https://regalospremium.cl/mochilas/,CURRENT_FORMAT,NO,PRODUCTO,Bolsos y Viaje,Mochilas,,keyword→objeto,HIGH,0,0,0.0,1
"""mochilas con publicidad""",Concordancia de frase,Bolsas TNT,Habilitado,Limitado,https://regalospremium.cl/mochilas/,https://regalospremium.cl/mochilas/,CURRENT_FORMAT,NO,PRODUCTO,Bolsos y Viaje,Mochilas,,keyword→objeto,HIGH,0,0,0.0,1
"""mochilas con ruedas""",Concordancia de frase,Bolsas TNT,Habilitado,Limitado,https://regalospremium.cl/mochilas/,https://regalospremium.cl/mochilas/,CURRENT_FORMAT,NO,PRODUCTO,Bolsos y Viaje,Mochilas,,keyword→objeto,HIGH,0,0,0.0,1
"""mochilas con ruedas cl""",Concordancia de frase,Bolsas TNT,Habilitado,No apto,https://regalospremium.cl/bolsas-publicitarias-con-logotipo/,https://regalospremium.cl/bolsas-publicitarias-con-logotipo/,CURRENT_FORMAT,NO,PRODUCTO,Bolsos y Viaje,Mochilas,,keyword→objeto,HIGH,0,0,0.0,1
"""mochilas con ruedas para adultos chile""",Concordancia de frase,Bolsas TNT,Habilitado,No apto,https://regalospremium.cl/mochilas/,https://regalospremium.cl/mochilas/,CURRENT_FORMAT,NO,PRODUCTO,Bolsos y Viaje,Mochilas,,keyword→objeto,HIGH,0,0,0.0,1
"""mochilas de cuerdas""",Concordancia de frase,Bolsas TNT,Habilitado,Limitado,https://regalospremium.cl/bolsas-publicitarias-con-logotipo/,https://regalospremium.cl/bolsas-publicitarias-con-logotipo/,CURRENT_FORMAT,NO,PRODUCTO,Bolsos y Viaje,Mochilas,,keyword→objeto,HIGH,0,0,0.0,1
"""mochilas de publicidad baratas""",Concordancia de frase,Bolsas TNT,Habilitado,Limitado,https://regalospremium.cl/mochilas/,https://regalospremium.cl/mochilas/,CURRENT_FORMAT,NO,PRODUCTO,Bolsos y Viaje,Mochilas,,keyword→objeto,HIGH,0,0,0.0,1
"""mochilas deportivas""",Concordancia de frase,Bolsas TNT,Habilitado,Limitado,https://regalospremium.cl/mochilas/,https://regalospremium.cl/mochilas/,CURRENT_FORMAT,NO,PRODUCTO,Bolsos y Viaje,Mochilas,,keyword→objeto,HIGH,0,0,0.0,1
"""mochilas ecológicas""",Concordancia de frase,Bolsas TNT,Habilitado,Limitado,https://regalospremium.cl/bolsas-publicitarias-con-logotipo/,https://regalospremium.cl/bolsas-publicitarias-con-logotipo/,CURRENT_FORMAT,NO,PRODUCTO,Bolsos y Viaje,Mochilas,,keyword→objeto,HIGH,0,0,0.0,1
"""mochilas ecologicas""",Concordancia de frase,Bolsas TNT,Habilitado,Limitado,https://regalospremium.cl/mochilas/,https://regalospremium.cl/mochilas/,CURRENT_FORMAT,NO,PRODUCTO,Bolsos y Viaje,Mochilas,,keyword→objeto,HIGH,0,0,0.0,1
"""mochilas ecologicas personalizadas""",Concordancia de frase,Bolsas TNT,Habilitado,Limitado,https://regalospremium.cl/mochilas/,https://regalospremium.cl/mochilas/,CURRENT_FORMAT,NO,PRODUCTO,Bolsos y Viaje,Mochilas,,keyword→objeto,HIGH,0,0,0.0,1
"""mochilas estampadas""",Concordancia de frase,Bolsas TNT,Habilitado,Limitado,https://regalospremium.cl/mochilas/,https://regalospremium.cl/mochilas/,CURRENT_FORMAT,NO,PRODUCTO,Bolsos y Viaje,Mochilas,,keyword→objeto,HIGH,0,0,0.0,1
"""mochilas mochilas""",Concordancia de frase,Bolsas TNT,Habilitado,Limitado,https://regalospremium.cl/bolsas-publicitarias-con-logotipo/,https://regalospremium.cl/bolsas-publicitarias-con-logotipo/,CURRENT_FORMAT,NO,PRODUCTO,Bolsos y Viaje,Mochilas,,keyword→objeto,HIGH,0,0,0.0,1
"""mochilas mujer urbanas""",Concordancia de frase,Bolsas TNT,Habilitado,Limitado,https://regalospremium.cl/bolsas-publicitarias-con-logotipo/,https://regalospremium.cl/bolsas-publicitarias-con-logotipo/,CURRENT_FORMAT,NO,PRODUCTO,Bolsos y Viaje,Mochilas,,keyword→objeto,HIGH,0,0,0.0,1
"""mochilas o bolsos para laptop chile""",Concordancia de frase,Bolsas TNT,Habilitado,No apto,https://regalospremium.cl/mochilas/,https://regalospremium.cl/mochilas/,CURRENT_FORMAT,NO,PRODUCTO,Bolsos y Viaje,Mochilas,,keyword→objeto,HIGH,0,0,0.0,1
"""mochilas para publicidad""",Concordancia de frase,Bolsas TNT,Habilitado,Limitado,https://regalospremium.cl/bolsas-publicitarias-con-logotipo/,https://regalospremium.cl/bolsas-publicitarias-con-logotipo/,CURRENT_FORMAT,NO,PRODUCTO,Bolsos y Viaje,Mochilas,,keyword→objeto,HIGH,0,0,0.0,1
"""mochilas para regalos empresariales""",Concordancia de frase,Bolsas TNT,Habilitado,Limitado,https://regalospremium.cl/mochilas/,https://regalospremium.cl/mochilas/,CURRENT_FORMAT,NO,PRODUCTO,Bolsos y Viaje,Mochilas,,keyword→objeto,HIGH,0,0,0.0,1
"""mochilas para sublimar chile""",Concordancia de frase,Bolsas TNT,Habilitado,No apto,https://regalospremium.cl/mochilas/,https://regalospremium.cl/mochilas/,CURRENT_FORMAT,NO,PRODUCTO,Bolsos y Viaje,Mochilas,,keyword→objeto,HIGH,0,0,0.0,1
"""mochilas personalizadas""",Concordancia de frase,Bolsas TNT,Habilitado,Limitado,https://regalospremium.cl/mochilas/,https://regalospremium.cl/mochilas/,CURRENT_FORMAT,NO,PRODUCTO,Bolsos y Viaje,Mochilas,,keyword→objeto,HIGH,0,0,0.0,1
"""mochilas personalizadas empresas""",Concordancia de frase,Bolsas TNT,Habilitado,Limitado,https://regalospremium.cl/mochilas/,https://regalospremium.cl/mochilas/,CURRENT_FORMAT,NO,PRODUCTO,Bolsos y Viaje,Mochilas,,keyword→objeto,HIGH,0,0,0.0,1
"""mochilas personalizadas mochilas""",Concordancia de frase,Bolsas TNT,Habilitado,Apto,https://regalospremium.cl/mochilas/,https://regalospremium.cl/mochilas/,CURRENT_FORMAT,NO,PRODUCTO,Bolsos y Viaje,Mochilas,,keyword→objeto,HIGH,0,0,0.0,1
"""mochilas personalizadas mochilas saco""",Concordancia de frase,Bolsas TNT,Habilitado,No apto,https://regalospremium.cl/mochilas/,https://regalospremium.cl/mochilas/,CURRENT_FORMAT,NO,PRODUCTO,Bolsos y Viaje,Mochilas,,keyword→objeto,HIGH,0,0,0.0,1
"""mochilas porta notebook compras online""",Concordancia de frase,Bolsas TNT,Habilitado,No apto,https://regalospremium.cl/mochilas/,https://regalospremium.cl/mochilas/,CURRENT_FORMAT,NO,PRODUCTO,Oficina y Escritura,Libretas y Cuadernos,,keyword→objeto,HIGH,0,0,0.0,1
"""mochilas promocionales""",Concordancia de frase,Bolsas TNT,Habilitado,Limitado,https://regalospremium.cl/mochilas/,https://regalospremium.cl/mochilas/,CURRENT_FORMAT,NO,PRODUCTO,Bolsos y Viaje,Mochilas,,keyword→objeto,HIGH,0,0,0.0,1
"""mochilas promocionales baratas""",Concordancia de frase,Bolsas TNT,Habilitado,Apto,https://regalospremium.cl/mochilas/,https://regalospremium.cl/mochilas/,CURRENT_FORMAT,NO,PRODUCTO,Bolsos y Viaje,Mochilas,,keyword→objeto,HIGH,0,0,0.0,1
"""mochilas publicidad baratas""",Concordancia de frase,Bolsas TNT,Habilitado,Limitado,https://regalospremium.cl/mochilas/,https://regalospremium.cl/mochilas/,CURRENT_FORMAT,NO,PRODUCTO,Bolsos y Viaje,Mochilas,,keyword→objeto,HIGH,0,0,0.0,1
"""mochilas publicitarias""",Concordancia de frase,Bolsas TNT,Habilitado,Limitado,https://regalospremium.cl/mochilas/,https://regalospremium.cl/mochilas/,CURRENT_FORMAT,NO,PRODUCTO,Bolsos y Viaje,Mochilas,,keyword→objeto,HIGH,0,0,0.0,1
"""mochilas publicitarias baratas""",Concordancia de frase,Bolsas TNT,Habilitado,Apto,https://regalospremium.cl/mochilas/,https://regalospremium.cl/mochilas/,CURRENT_FORMAT,NO,PRODUCTO,Bolsos y Viaje,Mochilas,,keyword→objeto,HIGH,0,0,0.0,1
"""mochilas publicitarias precio""",Concordancia de frase,Bolsas TNT,Habilitado,Limitado,https://regalospremium.cl/mochilas/,https://regalospremium.cl/mochilas/,CURRENT_FORMAT,NO,PRODUCTO,Bolsos y Viaje,Mochilas,,keyword→objeto,HIGH,0,0,0.0,1
"""mochilas publicitarios""",Concordancia de frase,Bolsas TNT,Habilitado,Limitado,https://regalospremium.cl/mochilas/,https://regalospremium.cl/mochilas/,CURRENT_FORMAT,NO,PRODUCTO,Bolsos y Viaje,Mochilas,,keyword→objeto,HIGH,0,0,0.0,1
"""mochilas regalo empresa""",Concordancia de frase,Bolsas TNT,Habilitado,Apto,https://regalospremium.cl/mochilas/,https://regalospremium.cl/mochilas/,CURRENT_FORMAT,NO,PRODUCTO,Bolsos y Viaje,Mochilas,,keyword→objeto,HIGH,0,0,0.0,1
"""mochilas regalos empresariales""",Concordancia de frase,Bolsas TNT,Habilitado,Limitado,https://regalospremium.cl/mochilas/,https://regalospremium.cl/mochilas/,CURRENT_FORMAT,NO,PRODUCTO,Bolsos y Viaje,Mochilas,,keyword→objeto,HIGH,0,0,0.0,1
"""mochilas saco personalizadas""",Concordancia de frase,Bolsas TNT,Habilitado,Limitado,https://regalospremium.cl/mochilas/,https://regalospremium.cl/mochilas/,CURRENT_FORMAT,NO,PRODUCTO,Bolsos y Viaje,Mochilas,,keyword→objeto,HIGH,0,0,0.0,1
"""mochilas serigrafiadas baratas""",Concordancia de frase,Bolsas TNT,Habilitado,Apto,https://regalospremium.cl/mochilas/,https://regalospremium.cl/mochilas/,CURRENT_FORMAT,NO,PRODUCTO,Bolsos y Viaje,Mochilas,,keyword→objeto,HIGH,0,0,0.0,1
"""mochilas tipo morral venta""",Concordancia de frase,Bolsas TNT,Habilitado,No apto,https://regalospremium.cl/mochilas/,https://regalospremium.cl/mochilas/,CURRENT_FORMAT,NO,PRODUCTO,Bolsos y Viaje,Mochilas,,keyword→objeto,HIGH,0,0,0.0,1
"""mochilas y bolsas""",Concordancia de frase,Bolsas TNT,Habilitado,Limitado,https://regalospremium.cl/bolsas-publicitarias-con-logotipo/,https://regalospremium.cl/bolsas-publicitarias-con-logotipo/,CURRENT_FORMAT,NO,PRODUCTO,Bolsos y Viaje,Bolsas,,keyword→objeto,HIGH,0,0,0.0,1
"""mochilas y bolsos""",Concordancia de frase,Bolsas TNT,Habilitado,Limitado,https://regalospremium.cl/bolsas-publicitarias-con-logotipo/,https://regalospremium.cl/bolsas-publicitarias-con-logotipo/,CURRENT_FORMAT,NO,PRODUCTO,Bolsos y Viaje,Mochilas,,keyword→objeto,HIGH,0,0,0.0,1
"""mochilas y bolsos por mayor""",Concordancia de frase,Bolsas TNT,Habilitado,Limitado,https://regalospremium.cl/bolsos-y-mochilas-publicitarios/,https://regalospremium.cl/bolsos-y-mochilas-publicitarios/,CURRENT_FORMAT,NO,PRODUCTO,Bolsos y Viaje,Mochilas,,keyword→objeto,HIGH,0,0,0.0,1
"""mochillas deportivas chile""",Concordancia de frase,Bolsas TNT,Habilitado,No apto,https://regalospremium.cl/bolsas-publicitarias-con-logotipo/,https://regalospremium.cl/bolsas-publicitarias-con-logotipo/,CURRENT_FORMAT,NO,PRODUCTO,Herramientas y Outdoor,Artículos Deportivos,,keyword→objeto,HIGH,0,0,0.0,1
"""modelos de bolsas ecologicas""",Concordancia de frase,Bolsas TNT,Habilitado,No apto,https://regalospremium.cl/bolsas-tnt/,https://regalospremium.cl/bolsas-tnt/,CURRENT_FORMAT,NO,PRODUCTO,Bolsos y Viaje,Bolsas,,keyword→objeto,HIGH,0,0,0.0,1
"""morral publicitario""",Concordancia de frase,Bolsas TNT,Habilitado,Limitado,https://regalospremium.cl/bolsas-publicitarias-con-logotipo/,https://regalospremium.cl/bolsas-publicitarias-con-logotipo/,CURRENT_FORMAT,NO,PRODUCTO,Bolsos y Viaje,Bolsas,,fallback grupo histórico,MEDIUM,0,0,0.0,1
"""morrales por mayor""",Concordancia de frase,Bolsas TNT,Habilitado,Limitado,https://regalospremium.cl/mochilas/,https://regalospremium.cl/mochilas/,CURRENT_FORMAT,NO,PRODUCTO,Bolsos y Viaje,Bolsas,,fallback grupo histórico,MEDIUM,0,0,0.0,1
"""negocio de venta de bolsas reutilizables""",Concordancia de frase,Bolsas TNT,Habilitado,No apto,https://regalospremium.cl/bolsas-publicitarias-con-logotipo/,https://regalospremium.cl/bolsas-publicitarias-con-logotipo/,CURRENT_FORMAT,NO,PRODUCTO,Bolsos y Viaje,Bolsas,,keyword→objeto,HIGH,0,0,0.0,1
"""porta notebook""",Concordancia de frase,Bolsas TNT,Habilitado,Limitado,,,EMPTY,NO,PRODUCTO,Oficina y Escritura,Libretas y Cuadernos,,keyword→objeto,HIGH,0,0,0.0,1
"""precio de bolsas de tnt""",Concordancia de frase,Bolsas TNT,Habilitado,No apto,https://regalospremium.cl/bolsas-publicitarias-con-logotipo/,https://regalospremium.cl/bolsas-publicitarias-con-logotipo/,CURRENT_FORMAT,NO,PRODUCTO,Bolsos y Viaje,Bolsas,,keyword→objeto,HIGH,0,0,0.0,1
"""precio de bolsas ecologicas""",Concordancia de frase,Bolsas TNT,Habilitado,Limitado,https://regalospremium.cl/bolsas-publicitarias-con-logotipo/,https://regalospremium.cl/bolsas-publicitarias-con-logotipo/,CURRENT_FORMAT,NO,PRODUCTO,Bolsos y Viaje,Bolsas,,keyword→objeto,HIGH,0,0,0.0,1
"""precios bolsas con impresion""",Concordancia de frase,Bolsas TNT,Habilitado,No apto,https://regalospremium.cl/bolsas-tnt/,https://regalospremium.cl/bolsas-tnt/,CURRENT_FORMAT,NO,PRODUCTO,Bolsos y Viaje,Bolsas,,keyword→objeto,HIGH,0,0,0.0,1
"""precios bolsas de genero por mayor""",Concordancia de frase,Bolsas TNT,Habilitado,No apto,https://regalospremium.cl/bolsas-tnt/,https://regalospremium.cl/bolsas-tnt/,CURRENT_FORMAT,NO,PRODUCTO,Bolsos y Viaje,Bolsas,,keyword→objeto,HIGH,0,0,0.0,1
"""precios de bolsas ecologicas""",Concordancia de frase,Bolsas TNT,Habilitado,No apto,https://regalospremium.cl/bolsas-tnt/,https://regalospremium.cl/bolsas-tnt/,CURRENT_FORMAT,NO,PRODUCTO,Bolsos y Viaje,Bolsas,,keyword→objeto,HIGH,0,0,0.0,1
"""proveedores bolsas ecologicas""",Concordancia de frase,Bolsas TNT,Habilitado,No apto,https://regalospremium.cl/bolsas-tnt/,https://regalospremium.cl/bolsas-tnt/,CURRENT_FORMAT,NO,PRODUCTO,Bolsos y Viaje,Bolsas,,keyword→objeto,HIGH,0,0,0.0,1
"""publicidad en bolsas""",Concordancia de frase,Bolsas TNT,Habilitado,Limitado,https://regalospremium.cl/bolsas-publicitarias-con-logotipo/,https://regalospremium.cl/bolsas-publicitarias-con-logotipo/,CURRENT_FORMAT,NO,PRODUCTO,Bolsos y Viaje,Bolsas,,keyword→objeto,HIGH,0,0,0.0,1
"""tipo de producto""",Concordancia de frase,Bolsas TNT,Habilitado,Limitado,https://regalospremium.cl/bolsas-publicitarias-con-logotipo/,https://regalospremium.cl/bolsas-publicitarias-con-logotipo/,CURRENT_FORMAT,NO,PRODUCTO,Bolsos y Viaje,Bolsas,,fallback grupo histórico,MEDIUM,0,0,0.0,1
"""tipo mochila""",Concordancia de frase,Bolsas TNT,Habilitado,Limitado,https://regalospremium.cl/bolsas-publicitarias-con-logotipo/,https://regalospremium.cl/bolsas-publicitarias-con-logotipo/,CURRENT_FORMAT,NO,PRODUCTO,Bolsos y Viaje,Mochilas,,keyword→objeto,HIGH,0,0,0.0,1
"""tipo morral""",Concordancia de frase,Bolsas TNT,Habilitado,Limitado,https://regalospremium.cl/bolsas-de-tnt-publicitarias/,https://regalospremium.cl/bolsas-de-tnt-publicitarias/,CURRENT_FORMAT,NO,PRODUCTO,Bolsos y Viaje,Bolsas,,fallback grupo histórico,MEDIUM,0,0,0.0,1
"""tipos bolsas""",Concordancia de frase,Bolsas TNT,Habilitado,No apto,https://regalospremium.cl/bolsas-tnt/,https://regalospremium.cl/bolsas-tnt/,CURRENT_FORMAT,NO,PRODUCTO,Bolsos y Viaje,Bolsas,,keyword→objeto,HIGH,0,0,0.0,1
"""tnt bolsas""",Concordancia de frase,Bolsas TNT,Habilitado,Limitado,https://regalospremium.cl/bolsas-publicitarias-con-logotipo/,https://regalospremium.cl/bolsas-publicitarias-con-logotipo/,CURRENT_FORMAT,NO,PRODUCTO,Bolsos y Viaje,Bolsas,,keyword→objeto,HIGH,0,0,0.0,1
"""tnt bolsas ecológicas""",Concordancia de frase,Bolsas TNT,Habilitado,Apto,https://regalospremium.cl/bolsas-de-tnt-publicitarias/,https://regalospremium.cl/bolsas-de-tnt-publicitarias/,CURRENT_FORMAT,NO,PRODUCTO,Bolsos y Viaje,Bolsas,,keyword→objeto,HIGH,0,0,0.0,1
"""tnt para""",Concordancia de frase,Bolsas TNT,Habilitado,Limitado,https://regalospremium.cl/bolsas-publicitarias-con-logotipo/,https://regalospremium.cl/bolsas-publicitarias-con-logotipo/,CURRENT_FORMAT,NO,PRODUCTO,Bolsos y Viaje,Bolsas,,fallback grupo histórico,MEDIUM,0,0,0.0,1
"""tnt reutilizables""",Concordancia de frase,Bolsas TNT,Habilitado,Limitado,https://regalospremium.cl/bolsas-de-tnt-publicitarias/,https://regalospremium.cl/bolsas-de-tnt-publicitarias/,CURRENT_FORMAT,NO,PRODUCTO,Bolsos y Viaje,Bolsas,,fallback grupo histórico,MEDIUM,0,0,0.0,1
"""tnt tela""",Concordancia de frase,Bolsas TNT,Habilitado,Limitado,https://regalospremium.cl/bolsas-publicitarias-con-logotipo/,https://regalospremium.cl/bolsas-publicitarias-con-logotipo/,CURRENT_FORMAT,NO,PRODUCTO,Bolsos y Viaje,Bolsas,,fallback grupo histórico,MEDIUM,0,0,0.0,1
"""todo bolsas""",Concordancia de frase,Bolsas TNT,Habilitado,Limitado,https://regalospremium.cl/bolsas-publicitarias-con-logotipo/,https://regalospremium.cl/bolsas-publicitarias-con-logotipo/,CURRENT_FORMAT,NO,PRODUCTO,Bolsos y Viaje,Bolsas,,keyword→objeto,HIGH,0,0,0.0,1
"""tote bag por mayor""",Concordancia de frase,Bolsas TNT,Habilitado,Limitado,,,EMPTY,NO,PRODUCTO,Bolsos y Viaje,Bolsas,,keyword→objeto,HIGH,0,0,0.0,1
"""valor bolsas ecologicas""",Concordancia de frase,Bolsas TNT,Habilitado,No apto,https://regalospremium.cl/bolsas-tnt/,https://regalospremium.cl/bolsas-tnt/,CURRENT_FORMAT,NO,PRODUCTO,Bolsos y Viaje,Bolsas,,keyword→objeto,HIGH,0,0,0.0,1
"""venta bolsa ecologica""",Concordancia de frase,Bolsas TNT,Habilitado,No apto,https://regalospremium.cl/bolsas-de-algodon/,https://regalospremium.cl/bolsas-de-algodon/,CURRENT_FORMAT,NO,PRODUCTO,Bolsos y Viaje,Bolsas,,keyword→objeto,HIGH,0,0,0.0,1
"""venta bolsas ecologicas""",Concordancia de frase,Bolsas TNT,Habilitado,Limitado,https://regalospremium.cl/bolsas-publicitarias-con-logotipo/,https://regalospremium.cl/bolsas-publicitarias-con-logotipo/,CURRENT_FORMAT,NO,PRODUCTO,Bolsos y Viaje,Bolsas,,keyword→objeto,HIGH,0,0,0.0,1
"""venta bolsas reutilizables""",Concordancia de frase,Bolsas TNT,Habilitado,No apto,https://regalospremium.cl/bolsas-tnt/,https://regalospremium.cl/bolsas-tnt/,CURRENT_FORMAT,NO,PRODUCTO,Bolsos y Viaje,Bolsas,,keyword→objeto,HIGH,0,0,0.0,1
"""venta de bolsas""",Concordancia de frase,Bolsas TNT,Habilitado,Limitado,https://regalospremium.cl/bolsas-publicitarias-con-logotipo/,https://regalospremium.cl/bolsas-publicitarias-con-logotipo/,CURRENT_FORMAT,NO,PRODUCTO,Bolsos y Viaje,Bolsas,,keyword→objeto,HIGH,0,0,0.0,1
"""venta de bolsas con logo""",Concordancia de frase,Bolsas TNT,Habilitado,No apto,https://regalospremium.cl/bolsas-tnt/,https://regalospremium.cl/bolsas-tnt/,CURRENT_FORMAT,NO,PRODUCTO,Bolsos y Viaje,Bolsas,,keyword→objeto,HIGH,0,0,0.0,1
"""venta de bolsas ecologicas""",Concordancia de frase,Bolsas TNT,Habilitado,Limitado,https://regalospremium.cl/bolsas-publicitarias-con-logotipo/,https://regalospremium.cl/bolsas-publicitarias-con-logotipo/,CURRENT_FORMAT,NO,PRODUCTO,Bolsos y Viaje,Bolsas,,keyword→objeto,HIGH,0,0,0.0,1
"""venta de bolsas ecologicas en valdivia""",Concordancia de frase,Bolsas TNT,Habilitado,No apto,https://regalospremium.cl/bolsas-publicitarias-con-logotipo/,https://regalospremium.cl/bolsas-publicitarias-con-logotipo/,CURRENT_FORMAT,NO,PRODUCTO,Bolsos y Viaje,Bolsas,,keyword→objeto,HIGH,0,0,0.0,1
"""venta de bolsas ecológicas por mayor""",Concordancia de frase,Bolsas TNT,Habilitado,No apto,https://regalospremium.cl/bolsas-publicitarias-con-logotipo/,https://regalospremium.cl/bolsas-publicitarias-con-logotipo/,CURRENT_FORMAT,NO,PRODUCTO,Bolsos y Viaje,Bolsas,,keyword→objeto,HIGH,0,0,0.0,1
"""venta de bolsas por mayor""",Concordancia de frase,Bolsas TNT,Habilitado,Limitado,https://regalospremium.cl/bolsas-publicitarias-con-logotipo/,https://regalospremium.cl/bolsas-publicitarias-con-logotipo/,CURRENT_FORMAT,NO,PRODUCTO,Bolsos y Viaje,Bolsas,,keyword→objeto,HIGH,0,0,0.0,1
"""venta de bolsas reutilizables""",Concordancia de frase,Bolsas TNT,Habilitado,Limitado,https://regalospremium.cl/bolsas-publicitarias-con-logotipo/,https://regalospremium.cl/bolsas-publicitarias-con-logotipo/,CURRENT_FORMAT,NO,PRODUCTO,Bolsos y Viaje,Bolsas,,keyword→objeto,HIGH,0,0,0.0,1
"""venta de bolsas tnt al por mayor""",Concordancia de frase,Bolsas TNT,Habilitado,No apto,https://regalospremium.cl/bolsas-tnt/,https://regalospremium.cl/bolsas-tnt/,CURRENT_FORMAT,NO,PRODUCTO,Bolsos y Viaje,Bolsas,,keyword→objeto,HIGH,0,0,0.0,1
"""ventas de bolsas de tnt""",Concordancia de frase,Bolsas TNT,Habilitado,No apto,https://regalospremium.cl/bolsas-publicitarias-con-logotipo/,https://regalospremium.cl/bolsas-publicitarias-con-logotipo/,CURRENT_FORMAT,NO,PRODUCTO,Bolsos y Viaje,Bolsas,,keyword→objeto,HIGH,0,0,0.0,1
"""ventas de bolsas por mayor con estampados en temuco""",Concordancia de frase,Bolsas TNT,Habilitado,No apto,https://regalospremium.cl/bolsas-tnt/,https://regalospremium.cl/bolsas-tnt/,CURRENT_FORMAT,NO,PRODUCTO,Bolsos y Viaje,Bolsas,,keyword→objeto,HIGH,0,0,0.0,1
"""yute bolsas""",Concordancia de frase,Bolsas TNT,Habilitado,Limitado,,,EMPTY,NO,PRODUCTO,Bolsos y Viaje,Bolsas,,keyword→objeto,HIGH,0,0,0.0,1
"""Dado publicitario""",Concordancia de frase,Descanso y Diversión,En pausa,En pausa,https://regalospremium.cl/regalos-publicitarios-ocio-y-pasatiempo/,https://regalospremium.cl/regalos-publicitarios-ocio-y-pasatiempo/,CURRENT_FORMAT,NO,PRODUCTO,Promocionales,Juegos,,keyword→objeto,HIGH,0,0,0.0,1
"""Domino publicidad""",Concordancia de frase,Descanso y Diversión,En pausa,En pausa,https://regalospremium.cl/regalos-publicitarios-ocio-y-pasatiempo/,https://regalospremium.cl/regalos-publicitarios-ocio-y-pasatiempo/,CURRENT_FORMAT,NO,USO_CAMPAÑA,,,Ocio y Pasatiempo,fallback grupo histórico,MEDIUM,0,0,0.0,1
"""frisbee promocional.""",Concordancia de frase,Descanso y Diversión,En pausa,En pausa,https://regalospremium.cl/regalos-publicitarios-de-verano/frisbee-plastico.html,https://regalospremium.cl/regalos-publicitarios-de-verano/frisbee-plastico.html,CURRENT_FORMAT,NO,PRODUCTO,Herramientas y Outdoor,Artículos Deportivos,,keyword→objeto,HIGH,0,0,0.0,1
"""Juego de Domino para empresas""",Concordancia de frase,Descanso y Diversión,En pausa,En pausa,https://regalospremium.cl/regalos-publicitarios-ocio-y-pasatiempo/,https://regalospremium.cl/regalos-publicitarios-ocio-y-pasatiempo/,CURRENT_FORMAT,NO,PRODUCTO,Promocionales,Juegos,,keyword→objeto,HIGH,0,0,0.0,1
"""Juego de Domino Publicitario""",Concordancia de frase,Descanso y Diversión,En pausa,En pausa,https://regalospremium.cl/regalos-publicitarios-ocio-y-pasatiempo/,https://regalospremium.cl/regalos-publicitarios-ocio-y-pasatiempo/,CURRENT_FORMAT,NO,PRODUCTO,Promocionales,Juegos,,keyword→objeto,HIGH,0,0,0.0,1
"""Juegos de carta empresa.""",Concordancia de frase,Descanso y Diversión,En pausa,En pausa,https://regalospremium.cl/regalos-publicitarios-ocio-y-pasatiempo/,https://regalospremium.cl/regalos-publicitarios-ocio-y-pasatiempo/,CURRENT_FORMAT,NO,PRODUCTO,Promocionales,Juegos,,keyword→objeto,HIGH,0,0,0.0,1
"""juegos promocionales""",Concordancia de frase,Descanso y Diversión,En pausa,En pausa,https://regalospremium.cl/regalos-publicitarios-ocio-y-pasatiempo/,https://regalospremium.cl/regalos-publicitarios-ocio-y-pasatiempo/,CURRENT_FORMAT,NO,PRODUCTO,Promocionales,Juegos,,keyword→objeto,HIGH,0,0,0.0,1
"""publicitarios día de la madre""",Concordancia de frase,Día de la Madre,En pausa,En pausa,,,EMPTY,NO,USO_CAMPAÑA,,,Día de la Madre,fallback grupo histórico,MEDIUM,0,0,0.0,1
"""regalos día de la madre""",Concordancia de frase,Día de la Madre,En pausa,En pausa,,,EMPTY,NO,USO_CAMPAÑA,,,Día de la Madre,fallback grupo histórico,MEDIUM,0,0,0.0,1
"""regalos para mama con logotipo""",Concordancia de frase,Día de la Madre,En pausa,En pausa,,,EMPTY,NO,USO_CAMPAÑA,,,Día de la Madre,fallback grupo histórico,MEDIUM,0,0,0.0,1
obsequio navideño,Concordancia amplia,FIn de Año,Habilitado,No apto,,,EMPTY,NO,USO_CAMPAÑA,,,Fin de Año,fallback grupo histórico,MEDIUM,0,0,0.0,1
obsequios de fin de año,Concordancia amplia,FIn de Año,Habilitado,No apto,,,EMPTY,NO,USO_CAMPAÑA,,,Fin de Año,fallback grupo histórico,MEDIUM,0,0,0.0,1
obsequios navideños,Concordancia amplia,FIn de Año,Habilitado,No apto,,,EMPTY,NO,USO_CAMPAÑA,,,Fin de Año,fallback grupo histórico,MEDIUM,0,0,0.0,1
obsequios navideños para clientes,Concordancia amplia,FIn de Año,Habilitado,No apto,,,EMPTY,NO,USO_CAMPAÑA,,,Fin de Año,fallback grupo histórico,MEDIUM,0,0,0.0,1
obsequios para navidad,Concordancia amplia,FIn de Año,Habilitado,No apto,,,EMPTY,NO,USO_CAMPAÑA,,,Fin de Año,fallback grupo histórico,MEDIUM,0,0,0.0,1
obsequios para regalar en navidad,Concordancia amplia,FIn de Año,Habilitado,No apto,,,EMPTY,NO,USO_CAMPAÑA,,,Fin de Año,fallback grupo histórico,MEDIUM,0,0,0.0,1
presentes navideños,Concordancia amplia,FIn de Año,Habilitado,No apto,,,EMPTY,NO,USO_CAMPAÑA,,,Fin de Año,fallback grupo histórico,MEDIUM,0,0,0.0,1
publicitarios fin de año,Concordancia amplia,FIn de Año,Habilitado,No apto,,,EMPTY,NO,USO_CAMPAÑA,,,Fin de Año,fallback grupo histórico,MEDIUM,0,0,0.0,1
regalo fin de año,Concordancia amplia,FIn de Año,Habilitado,No apto,,,EMPTY,NO,USO_CAMPAÑA,,,Fin de Año,fallback grupo histórico,MEDIUM,0,0,0.0,1
regalos de fin de año,Concordancia amplia,FIn de Año,Habilitado,No apto,,,EMPTY,NO,USO_CAMPAÑA,,,Fin de Año,fallback grupo histórico,MEDIUM,0,0,0.0,1
regalos de navidad,Concordancia amplia,FIn de Año,Habilitado,No apto,,,EMPTY,NO,USO_CAMPAÑA,,,Fin de Año,fallback grupo histórico,MEDIUM,0,0,0.0,1
regalos de pascua,Concordancia amplia,FIn de Año,Habilitado,No apto,,,EMPTY,NO,USO_CAMPAÑA,,,Fin de Año,fallback grupo histórico,MEDIUM,0,0,0.0,1
regalos empresa navidad,Concordancia amplia,FIn de Año,Habilitado,No apto,,,EMPTY,NO,USO_CAMPAÑA,,,Fin de Año,fallback grupo histórico,MEDIUM,0,0,0.0,1
regalos empresariales,Concordancia amplia,FIn de Año,Habilitado,No apto,,,EMPTY,NO,USO_CAMPAÑA,,,Fin de Año,fallback grupo histórico,MEDIUM,0,0,0.0,1
regalos empresariales fin de año,Concordancia amplia,FIn de Año,Habilitado,No apto,,,EMPTY,NO,USO_CAMPAÑA,,,Fin de Año,fallback grupo histórico,MEDIUM,0,0,0.0,1
regalos empresariales navideños,Concordancia amplia,FIn de Año,Habilitado,No apto,,,EMPTY,NO,USO_CAMPAÑA,,,Fin de Año,fallback grupo histórico,MEDIUM,0,0,0.0,1
regalos fin de año,Concordancia amplia,FIn de Año,Habilitado,No apto,,,EMPTY,NO,USO_CAMPAÑA,,,Fin de Año,fallback grupo histórico,MEDIUM,0,0,0.0,1
regalos fin de año empresas,Concordancia amplia,FIn de Año,Habilitado,No apto,,,EMPTY,NO,USO_CAMPAÑA,,,Fin de Año,fallback grupo histórico,MEDIUM,0,0,0.0,1
regalos navidad empresas,Concordancia amplia,FIn de Año,Habilitado,No apto,,,EMPTY,NO,USO_CAMPAÑA,,,Fin de Año,fallback grupo histórico,MEDIUM,0,0,0.0,1
regalos navideños,Concordancia amplia,FIn de Año,Habilitado,No apto,,,EMPTY,NO,USO_CAMPAÑA,,,Fin de Año,fallback grupo histórico,MEDIUM,0,0,0.0,1
regalos navideños empresariales,Concordancia amplia,FIn de Año,Habilitado,No apto,,,EMPTY,NO,USO_CAMPAÑA,,,Fin de Año,fallback grupo histórico,MEDIUM,0,0,0.0,1
regalos navideños para clientes,Concordancia amplia,FIn de Año,Habilitado,No apto,,,EMPTY,NO,USO_CAMPAÑA,,,Fin de Año,fallback grupo histórico,MEDIUM,0,0,0.0,1
regalos navideños personalizados,Concordancia amplia,FIn de Año,Habilitado,No apto,,,EMPTY,NO,USO_CAMPAÑA,,,Fin de Año,fallback grupo histórico,MEDIUM,0,0,0.0,1
regalos para clientes en navidad,Concordancia amplia,FIn de Año,Habilitado,No apto,,,EMPTY,NO,USO_CAMPAÑA,,,Fin de Año,fallback grupo histórico,MEDIUM,0,0,0.0,1
regalos para navidad,Concordancia amplia,FIn de Año,Habilitado,No apto,,,EMPTY,NO,USO_CAMPAÑA,,,Fin de Año,fallback grupo histórico,MEDIUM,0,0,0.0,1
regalos para navidad empresas,Concordancia amplia,FIn de Año,Habilitado,No apto,,,EMPTY,NO,USO_CAMPAÑA,,,Fin de Año,fallback grupo histórico,MEDIUM,0,0,0.0,1
regalos personalizados para navidad,Concordancia amplia,FIn de Año,Habilitado,No apto,,,EMPTY,NO,USO_CAMPAÑA,,,Fin de Año,fallback grupo histórico,MEDIUM,0,0,0.0,1
regalos promocionales,Concordancia amplia,FIn de Año,Habilitado,No apto,,,EMPTY,NO,USO_CAMPAÑA,,,Fin de Año,fallback grupo histórico,MEDIUM,0,0,0.0,1
regalos publicitarios,Concordancia amplia,FIn de Año,Habilitado,No apto,,,EMPTY,NO,USO_CAMPAÑA,,,Fin de Año,fallback grupo histórico,MEDIUM,0,0,0.0,1
"""cinta credencial""",Concordancia de frase,Lanyard Portacredencial,Habilitado,Limitado,https://regalospremium.cl/lanyards-e-identificacion-empresa/,https://regalospremium.cl/lanyards-e-identificacion-empresa/,CURRENT_FORMAT,NO,PRODUCTO,Promocionales,Lanyards,,fallback grupo histórico,MEDIUM,0,0,0.0,1
"""cinta lanyard""",Concordancia de frase,Lanyard Portacredencial,Habilitado,Limitado,https://regalospremium.cl/lanyards-e-identificacion-empresa/,https://regalospremium.cl/lanyards-e-identificacion-empresa/,CURRENT_FORMAT,NO,PRODUCTO,Promocionales,Lanyards,,keyword→objeto,HIGH,0,0,0.0,1
"""cinta para colgar credenciales""",Concordancia de frase,Lanyard Portacredencial,Habilitado,Limitado,,,EMPTY,NO,PRODUCTO,Promocionales,Lanyards,,fallback grupo histórico,MEDIUM,0,0,0.0,1
"""cinta porta credencial""",Concordancia de frase,Lanyard Portacredencial,Habilitado,Limitado,https://regalospremium.cl/lanyards-e-identificacion-empresa/,https://regalospremium.cl/lanyards-e-identificacion-empresa/,CURRENT_FORMAT,NO,PRODUCTO,Promocionales,Lanyards,,keyword→objeto,HIGH,0,0,0.0,1
"""cintas acreditaciones""",Concordancia de frase,Lanyard Portacredencial,Habilitado,Limitado,,,EMPTY,NO,PRODUCTO,Promocionales,Lanyards,,fallback grupo histórico,MEDIUM,0,0,0.0,1
"""cintas cuello personalizadas""",Concordancia de frase,Lanyard Portacredencial,Habilitado,Limitado,,,EMPTY,NO,PRODUCTO,Promocionales,Lanyards,,fallback grupo histórico,MEDIUM,0,0,0.0,1
"""cintas para acreditaciones""",Concordancia de frase,Lanyard Portacredencial,Habilitado,Limitado,,,EMPTY,NO,PRODUCTO,Promocionales,Lanyards,,fallback grupo histórico,MEDIUM,0,0,0.0,1
"""cintas para credenciales""",Concordancia de frase,Lanyard Portacredencial,Habilitado,Limitado,https://regalospremium.cl/lanyards-e-identificacion-empresa/,https://regalospremium.cl/lanyards-e-identificacion-empresa/,CURRENT_FORMAT,NO,PRODUCTO,Promocionales,Lanyards,,fallback grupo histórico,MEDIUM,0,0,0.0,1
"""cintas para credenciales personalizadas""",Concordancia de frase,Lanyard Portacredencial,Habilitado,Limitado,https://regalospremium.cl/lanyards-e-identificacion-empresa/,https://regalospremium.cl/lanyards-e-identificacion-empresa/,CURRENT_FORMAT,NO,PRODUCTO,Promocionales,Lanyards,,fallback grupo histórico,MEDIUM,0,0,0.0,1
"""cintas para lanyard""",Concordancia de frase,Lanyard Portacredencial,Habilitado,Limitado,https://regalospremium.cl/lanyards-e-identificacion-empresa/,https://regalospremium.cl/lanyards-e-identificacion-empresa/,CURRENT_FORMAT,NO,PRODUCTO,Promocionales,Lanyards,,keyword→objeto,HIGH,0,0,0.0,1
"""cintas porta credenciales""",Concordancia de frase,Lanyard Portacredencial,Habilitado,Limitado,https://regalospremium.cl/lanyards-e-identificacion-empresa/,https://regalospremium.cl/lanyards-e-identificacion-empresa/,CURRENT_FORMAT,NO,PRODUCTO,Promocionales,Lanyards,,keyword→objeto,HIGH,0,0,0.0,1
"""cintas porta credenciales personalizadas""",Concordancia de frase,Lanyard Portacredencial,Habilitado,Limitado,https://regalospremium.cl/lanyards-e-identificacion-empresa/,https://regalospremium.cl/lanyards-e-identificacion-empresa/,CURRENT_FORMAT,NO,PRODUCTO,Promocionales,Lanyards,,keyword→objeto,HIGH,0,0,0.0,1
"""colgante acreditaciones""",Concordancia de frase,Lanyard Portacredencial,Habilitado,Apto,,,EMPTY,NO,PRODUCTO,Promocionales,Lanyards,,fallback grupo histórico,MEDIUM,0,0,0.0,1
"""colgante credencial""",Concordancia de frase,Lanyard Portacredencial,Habilitado,Limitado,https://regalospremium.cl/lanyards-e-identificacion-empresa/,https://regalospremium.cl/lanyards-e-identificacion-empresa/,CURRENT_FORMAT,NO,PRODUCTO,Promocionales,Lanyards,,fallback grupo histórico,MEDIUM,0,0,0.0,1
"""colgante de credencial""",Concordancia de frase,Lanyard Portacredencial,Habilitado,Limitado,https://regalospremium.cl/lanyards-e-identificacion-empresa/,https://regalospremium.cl/lanyards-e-identificacion-empresa/,CURRENT_FORMAT,NO,PRODUCTO,Promocionales,Lanyards,,fallback grupo histórico,MEDIUM,0,0,0.0,1
"""colgantes para credenciales""",Concordancia de frase,Lanyard Portacredencial,Habilitado,Limitado,https://regalospremium.cl/lanyards-e-identificacion-empresa/,https://regalospremium.cl/lanyards-e-identificacion-empresa/,CURRENT_FORMAT,NO,PRODUCTO,Promocionales,Lanyards,,fallback grupo histórico,MEDIUM,0,0,0.0,1
"""Comprar lanyards con clip metálico""",Concordancia de frase,Lanyard Portacredencial,Habilitado,No apto,,,EMPTY,NO,PRODUCTO,Promocionales,Lanyards,,keyword→objeto,HIGH,0,0,0.0,1
"""cordones para credenciales""",Concordancia de frase,Lanyard Portacredencial,Habilitado,Limitado,,,EMPTY,NO,PRODUCTO,Promocionales,Lanyards,,fallback grupo histórico,MEDIUM,0,0,0.0,1
"""correa para credencial""",Concordancia de frase,Lanyard Portacredencial,Habilitado,Limitado,https://regalospremium.cl/lanyards-e-identificacion-empresa/,https://regalospremium.cl/lanyards-e-identificacion-empresa/,CURRENT_FORMAT,NO,PRODUCTO,Promocionales,Lanyards,,fallback grupo histórico,MEDIUM,0,0,0.0,1
"""credenciales colgantes""",Concordancia de frase,Lanyard Portacredencial,Habilitado,Limitado,https://regalospremium.cl/lanyards-e-identificacion-empresa/,https://regalospremium.cl/lanyards-e-identificacion-empresa/,CURRENT_FORMAT,NO,PRODUCTO,Promocionales,Lanyards,,fallback grupo histórico,MEDIUM,0,0,0.0,1
"""credenciales con lanyard""",Concordancia de frase,Lanyard Portacredencial,Habilitado,Limitado,,,EMPTY,NO,PRODUCTO,Promocionales,Lanyards,,keyword→objeto,HIGH,0,0,0.0,1
"""Credenciales y lanyards para organizaciones""",Concordancia de frase,Lanyard Portacredencial,Habilitado,No apto,,,EMPTY,NO,PRODUCTO,Promocionales,Lanyards,,keyword→objeto,HIGH,0,0,0.0,1
"""Distribuidores de porta credenciales personalizados""",Concordancia de frase,Lanyard Portacredencial,Habilitado,No apto,,,EMPTY,NO,PRODUCTO,Promocionales,Lanyards,,keyword→objeto,HIGH,0,0,0.0,1
"""donde comprar lanyard""",Concordancia de frase,Lanyard Portacredencial,Habilitado,Apto,https://regalospremium.cl/lanyards-e-identificacion-empresa/,https://regalospremium.cl/lanyards-e-identificacion-empresa/,CURRENT_FORMAT,NO,PRODUCTO,Promocionales,Lanyards,,keyword→objeto,HIGH,0,0,0.0,1
"""Fabricantes de lanyards al por mayor""",Concordancia de frase,Lanyard Portacredencial,Habilitado,No apto,,,EMPTY,NO,PRODUCTO,Promocionales,Lanyards,,keyword→objeto,HIGH,0,0,0.0,1
"""i d lanyard""",Concordancia de frase,Lanyard Portacredencial,Habilitado,Limitado,,,EMPTY,NO,PRODUCTO,Promocionales,Lanyards,,keyword→objeto,HIGH,0,0,0.0,1
"""identificadores congresos""",Concordancia de frase,Lanyard Portacredencial,Habilitado,Apto,,,EMPTY,NO,PRODUCTO,Promocionales,Lanyards,,fallback grupo histórico,MEDIUM,0,0,0.0,1
"""langer colgante personalizado""",Concordancia de frase,Lanyard Portacredencial,Habilitado,Limitado,,,EMPTY,NO,PRODUCTO,Promocionales,Lanyards,,fallback grupo histórico,MEDIUM,0,0,0.0,1
"""langer personalizados""",Concordancia de frase,Lanyard Portacredencial,Habilitado,Limitado,,,EMPTY,NO,PRODUCTO,Promocionales,Lanyards,,fallback grupo histórico,MEDIUM,0,0,0.0,1
"""lanyar por mayor""",Concordancia de frase,Lanyard Portacredencial,Habilitado,No apto,https://regalospremium.cl/lanyards-e-identificacion-empresa/,https://regalospremium.cl/lanyards-e-identificacion-empresa/,CURRENT_FORMAT,NO,PRODUCTO,Promocionales,Lanyards,,fallback grupo histórico,MEDIUM,0,0,0.0,1
"""lanyard""",Concordancia de frase,Lanyard Portacredencial,Habilitado,Limitado,https://regalospremium.cl/lanyards-e-identificacion-empresa/,https://regalospremium.cl/lanyards-e-identificacion-empresa/,CURRENT_FORMAT,NO,PRODUCTO,Promocionales,Lanyards,,keyword→objeto,HIGH,0,0,0.0,1
"""lanyard amarillo""",Concordancia de frase,Lanyard Portacredencial,Habilitado,Limitado,https://regalospremium.cl/lanyards-e-identificacion-empresa/,https://regalospremium.cl/lanyards-e-identificacion-empresa/,CURRENT_FORMAT,NO,PRODUCTO,Promocionales,Lanyards,,keyword→objeto,HIGH,0,0,0.0,1
"""lanyard azul marino""",Concordancia de frase,Lanyard Portacredencial,Habilitado,Limitado,,,EMPTY,NO,PRODUCTO,Promocionales,Lanyards,,keyword→objeto,HIGH,0,0,0.0,1
"""lanyard blanco""",Concordancia de frase,Lanyard Portacredencial,Habilitado,Limitado,https://regalospremium.cl/lanyards-e-identificacion-empresa/,https://regalospremium.cl/lanyards-e-identificacion-empresa/,CURRENT_FORMAT,NO,PRODUCTO,Promocionales,Lanyards,,keyword→objeto,HIGH,0,0,0.0,1
"""lanyard chile""",Concordancia de frase,Lanyard Portacredencial,Habilitado,Limitado,https://regalospremium.cl/lanyards-e-identificacion-empresa/,https://regalospremium.cl/lanyards-e-identificacion-empresa/,CURRENT_FORMAT,NO,PRODUCTO,Promocionales,Lanyards,,keyword→objeto,HIGH,0,0,0.0,1
"""lanyard color""",Concordancia de frase,Lanyard Portacredencial,Habilitado,Limitado,https://regalospremium.cl/lanyards-e-identificacion-empresa/,https://regalospremium.cl/lanyards-e-identificacion-empresa/,CURRENT_FORMAT,NO,PRODUCTO,Promocionales,Lanyards,,keyword→objeto,HIGH,0,0,0.0,1
"""lanyard comprar""",Concordancia de frase,Lanyard Portacredencial,Habilitado,Apto,,,EMPTY,NO,PRODUCTO,Promocionales,Lanyards,,keyword→objeto,HIGH,0,0,0.0,1
"""lanyard con""",Concordancia de frase,Lanyard Portacredencial,Habilitado,Limitado,https://regalospremium.cl/lanyards-e-identificacion-empresa/,https://regalospremium.cl/lanyards-e-identificacion-empresa/,CURRENT_FORMAT,NO,PRODUCTO,Promocionales,Lanyards,,keyword→objeto,HIGH,0,0,0.0,1
"""lanyard con destapador""",Concordancia de frase,Lanyard Portacredencial,Habilitado,Limitado,https://regalospremium.cl/lanyards-e-identificacion-empresa/,https://regalospremium.cl/lanyards-e-identificacion-empresa/,CURRENT_FORMAT,NO,PRODUCTO,Promocionales,Lanyards,,keyword→objeto,HIGH,0,0,0.0,1
"""lanyard con logotipo""",Concordancia de frase,Lanyard Portacredencial,Habilitado,Limitado,https://regalospremium.cl/lanyards-e-identificacion-empresa/,https://regalospremium.cl/lanyards-e-identificacion-empresa/,CURRENT_FORMAT,NO,PRODUCTO,Promocionales,Lanyards,,keyword→objeto,HIGH,0,0,0.0,1
"""lanyard corporativo""",Concordancia de frase,Lanyard Portacredencial,Habilitado,Limitado,,,EMPTY,NO,PRODUCTO,Promocionales,Lanyards,,keyword→objeto,HIGH,0,0,0.0,1
"""lanyard credenciales""",Concordancia de frase,Lanyard Portacredencial,Habilitado,Apto,,,EMPTY,NO,PRODUCTO,Promocionales,Lanyards,,keyword→objeto,HIGH,0,0,0.0,1
"""lanyard de tela""",Concordancia de frase,Lanyard Portacredencial,Habilitado,Limitado,https://regalospremium.cl/lanyards-e-identificacion-empresa/,https://regalospremium.cl/lanyards-e-identificacion-empresa/,CURRENT_FORMAT,NO,PRODUCTO,Promocionales,Lanyards,,keyword→objeto,HIGH,0,0,0.0,1
"""lanyard enfermera""",Concordancia de frase,Lanyard Portacredencial,Habilitado,Limitado,https://regalospremium.cl/lanyards-e-identificacion-empresa/,https://regalospremium.cl/lanyards-e-identificacion-empresa/,CURRENT_FORMAT,NO,PRODUCTO,Promocionales,Lanyards,,keyword→objeto,HIGH,0,0,0.0,1
"""lanyard estampado""",Concordancia de frase,Lanyard Portacredencial,Habilitado,Limitado,https://regalospremium.cl/lanyards-e-identificacion-empresa/,https://regalospremium.cl/lanyards-e-identificacion-empresa/,CURRENT_FORMAT,NO,PRODUCTO,Promocionales,Lanyards,,keyword→objeto,HIGH,0,0,0.0,1
"""lanyard impresos express""",Concordancia de frase,Lanyard Portacredencial,Habilitado,No apto,https://regalospremium.cl/lanyards-e-identificacion-empresa/,https://regalospremium.cl/lanyards-e-identificacion-empresa/,CURRENT_FORMAT,NO,PRODUCTO,Promocionales,Lanyards,,keyword→objeto,HIGH,0,0,0.0,1
"""lanyard institucional""",Concordancia de frase,Lanyard Portacredencial,Habilitado,Limitado,,,EMPTY,NO,PRODUCTO,Promocionales,Lanyards,,keyword→objeto,HIGH,0,0,0.0,1
"""lanyard liso""",Concordancia de frase,Lanyard Portacredencial,Habilitado,Limitado,,,EMPTY,NO,PRODUCTO,Promocionales,Lanyards,,keyword→objeto,HIGH,0,0,0.0,1
"""lanyard llaves""",Concordancia de frase,Lanyard Portacredencial,Habilitado,Limitado,https://regalospremium.cl/lanyards-e-identificacion-empresa/,https://regalospremium.cl/lanyards-e-identificacion-empresa/,CURRENT_FORMAT,NO,PRODUCTO,Promocionales,Lanyards,,keyword→objeto,HIGH,0,0,0.0,1
"""lanyard medicina""",Concordancia de frase,Lanyard Portacredencial,Habilitado,Limitado,https://regalospremium.cl/lanyards-e-identificacion-empresa/,https://regalospremium.cl/lanyards-e-identificacion-empresa/,CURRENT_FORMAT,NO,PRODUCTO,Promocionales,Lanyards,,keyword→objeto,HIGH,0,0,0.0,1
"""lanyard negro""",Concordancia de frase,Lanyard Portacredencial,Habilitado,Limitado,https://regalospremium.cl/lanyards-e-identificacion-empresa/,https://regalospremium.cl/lanyards-e-identificacion-empresa/,CURRENT_FORMAT,NO,PRODUCTO,Promocionales,Lanyards,,keyword→objeto,HIGH,0,0,0.0,1
"""lanyard negros""",Concordancia de frase,Lanyard Portacredencial,Habilitado,Limitado,https://regalospremium.cl/lanyards-e-identificacion-empresa/,https://regalospremium.cl/lanyards-e-identificacion-empresa/,CURRENT_FORMAT,NO,PRODUCTO,Promocionales,Lanyards,,keyword→objeto,HIGH,0,0,0.0,1
"""lanyard para""",Concordancia de frase,Lanyard Portacredencial,Habilitado,Limitado,https://regalospremium.cl/lanyards-e-identificacion-empresa/,https://regalospremium.cl/lanyards-e-identificacion-empresa/,CURRENT_FORMAT,NO,PRODUCTO,Promocionales,Lanyards,,keyword→objeto,HIGH,0,0,0.0,1
"""lanyard para credenciales""",Concordancia de frase,Lanyard Portacredencial,Habilitado,Limitado,https://regalospremium.cl/lanyards-e-identificacion-empresa/,https://regalospremium.cl/lanyards-e-identificacion-empresa/,CURRENT_FORMAT,NO,PRODUCTO,Promocionales,Lanyards,,keyword→objeto,HIGH,0,0,0.0,1
"""lanyard para empresas""",Concordancia de frase,Lanyard Portacredencial,Habilitado,Limitado,,,EMPTY,NO,PRODUCTO,Promocionales,Lanyards,,keyword→objeto,HIGH,0,0,0.0,1
"""lanyard para eventos""",Concordancia de frase,Lanyard Portacredencial,Habilitado,Apto,,,EMPTY,NO,PRODUCTO,Promocionales,Lanyards,,keyword→objeto,HIGH,0,0,0.0,1
"""lanyard para instituciones""",Concordancia de frase,Lanyard Portacredencial,Habilitado,No apto,,,EMPTY,NO,PRODUCTO,Promocionales,Lanyards,,keyword→objeto,HIGH,0,0,0.0,1
"""lanyard para llaves""",Concordancia de frase,Lanyard Portacredencial,Habilitado,Limitado,https://regalospremium.cl/lanyards-e-identificacion-empresa/,https://regalospremium.cl/lanyards-e-identificacion-empresa/,CURRENT_FORMAT,NO,PRODUCTO,Promocionales,Lanyards,,keyword→objeto,HIGH,0,0,0.0,1
"""lanyard para negocios""",Concordancia de frase,Lanyard Portacredencial,Habilitado,No apto,,,EMPTY,NO,PRODUCTO,Promocionales,Lanyards,,keyword→objeto,HIGH,0,0,0.0,1
"""lanyard para sublimar""",Concordancia de frase,Lanyard Portacredencial,Habilitado,Limitado,https://regalospremium.cl/lanyards-e-identificacion-empresa/,https://regalospremium.cl/lanyards-e-identificacion-empresa/,CURRENT_FORMAT,NO,PRODUCTO,Promocionales,Lanyards,,keyword→objeto,HIGH,0,0,0.0,1
"""lanyard para tarjetas""",Concordancia de frase,Lanyard Portacredencial,Habilitado,Limitado,,,EMPTY,NO,PRODUCTO,Promocionales,Lanyards,,keyword→objeto,HIGH,0,0,0.0,1
"""lanyard personalizado""",Concordancia de frase,Lanyard Portacredencial,Habilitado,Limitado,https://regalospremium.cl/lanyards-e-identificacion-empresa/,https://regalospremium.cl/lanyards-e-identificacion-empresa/,CURRENT_FORMAT,NO,PRODUCTO,Promocionales,Lanyards,,keyword→objeto,HIGH,0,0,0.0,1
"""lanyard personalizado chile""",Concordancia de frase,Lanyard Portacredencial,Habilitado,Limitado,https://regalospremium.cl/lanyards-e-identificacion-empresa/,https://regalospremium.cl/lanyards-e-identificacion-empresa/,CURRENT_FORMAT,NO,PRODUCTO,Promocionales,Lanyards,,keyword→objeto,HIGH,0,0,0.0,1
"""lanyard personalizados""",Concordancia de frase,Lanyard Portacredencial,Habilitado,Limitado,https://regalospremium.cl/lanyards-e-identificacion-empresa/,https://regalospremium.cl/lanyards-e-identificacion-empresa/,CURRENT_FORMAT,NO,PRODUCTO,Promocionales,Lanyards,,keyword→objeto,HIGH,0,0,0.0,1
"""lanyard personalizados baratos""",Concordancia de frase,Lanyard Portacredencial,Habilitado,Limitado,https://regalospremium.cl/lanyards-e-identificacion-empresa/,https://regalospremium.cl/lanyards-e-identificacion-empresa/,CURRENT_FORMAT,NO,PRODUCTO,Promocionales,Lanyards,,keyword→objeto,HIGH,0,0,0.0,1
"""lanyard personalizados precios""",Concordancia de frase,Lanyard Portacredencial,Habilitado,Limitado,https://regalospremium.cl/lanyards-e-identificacion-empresa/,https://regalospremium.cl/lanyards-e-identificacion-empresa/,CURRENT_FORMAT,NO,PRODUCTO,Promocionales,Lanyards,,keyword→objeto,HIGH,0,0,0.0,1
"""lanyard por mayor""",Concordancia de frase,Lanyard Portacredencial,Habilitado,Limitado,https://regalospremium.cl/lanyards-e-identificacion-empresa/,https://regalospremium.cl/lanyards-e-identificacion-empresa/,CURRENT_FORMAT,NO,PRODUCTO,Promocionales,Lanyards,,keyword→objeto,HIGH,0,0,0.0,1
"""lanyard por mayor chile""",Concordancia de frase,Lanyard Portacredencial,Habilitado,Limitado,https://regalospremium.cl/lanyards-e-identificacion-empresa/,https://regalospremium.cl/lanyards-e-identificacion-empresa/,CURRENT_FORMAT,NO,PRODUCTO,Promocionales,Lanyards,,keyword→objeto,HIGH,0,0,0.0,1
"""lanyard porta""",Concordancia de frase,Lanyard Portacredencial,Habilitado,Limitado,https://regalospremium.cl/lanyards-e-identificacion-empresa/,https://regalospremium.cl/lanyards-e-identificacion-empresa/,CURRENT_FORMAT,NO,PRODUCTO,Promocionales,Lanyards,,keyword→objeto,HIGH,0,0,0.0,1
"""lanyard porta credencial""",Concordancia de frase,Lanyard Portacredencial,Habilitado,Limitado,https://regalospremium.cl/lanyards-e-identificacion-empresa/,https://regalospremium.cl/lanyards-e-identificacion-empresa/,CURRENT_FORMAT,NO,PRODUCTO,Promocionales,Lanyards,,keyword→objeto,HIGH,0,0,0.0,1
"""lanyard porta credencial personalizado""",Concordancia de frase,Lanyard Portacredencial,Habilitado,Limitado,,,EMPTY,NO,PRODUCTO,Promocionales,Lanyards,,keyword→objeto,HIGH,0,0,0.0,1
"""lanyard porta lapicero""",Concordancia de frase,Lanyard Portacredencial,Habilitado,No apto,,,EMPTY,NO,PRODUCTO,Promocionales,Lanyards,,keyword→objeto,HIGH,0,0,0.0,1
"""lanyard porta tarjeta""",Concordancia de frase,Lanyard Portacredencial,Habilitado,Limitado,,,EMPTY,NO,PRODUCTO,Promocionales,Lanyards,,keyword→objeto,HIGH,0,0,0.0,1
"""lanyard portacredencial""",Concordancia de frase,Lanyard Portacredencial,Habilitado,Limitado,https://regalospremium.cl/lanyards-e-identificacion-empresa/,https://regalospremium.cl/lanyards-e-identificacion-empresa/,CURRENT_FORMAT,NO,PRODUCTO,Promocionales,Lanyards,,keyword→objeto,HIGH,0,0,0.0,1
"""lanyard promocional""",Concordancia de frase,Lanyard Portacredencial,Habilitado,Limitado,https://regalospremium.cl/lanyards-e-identificacion-empresa/,https://regalospremium.cl/lanyards-e-identificacion-empresa/,CURRENT_FORMAT,NO,PRODUCTO,Promocionales,Lanyards,,keyword→objeto,HIGH,0,0,0.0,1
"""lanyard publicitario""",Concordancia de frase,Lanyard Portacredencial,Habilitado,Limitado,,,EMPTY,NO,PRODUCTO,Promocionales,Lanyards,,keyword→objeto,HIGH,0,0,0.0,1
"""lanyard retractil""",Concordancia de frase,Lanyard Portacredencial,Habilitado,Limitado,,,EMPTY,NO,PRODUCTO,Promocionales,Lanyards,,keyword→objeto,HIGH,0,0,0.0,1
"""lanyard rojo""",Concordancia de frase,Lanyard Portacredencial,Habilitado,Limitado,https://regalospremium.cl/lanyards-e-identificacion-empresa/,https://regalospremium.cl/lanyards-e-identificacion-empresa/,CURRENT_FORMAT,NO,PRODUCTO,Promocionales,Lanyards,,keyword→objeto,HIGH,0,0,0.0,1
"""lanyard sublimable""",Concordancia de frase,Lanyard Portacredencial,Habilitado,Limitado,,,EMPTY,NO,PRODUCTO,Promocionales,Lanyards,,keyword→objeto,HIGH,0,0,0.0,1
"""lanyard sublimacion""",Concordancia de frase,Lanyard Portacredencial,Habilitado,Limitado,https://regalospremium.cl/lanyards-e-identificacion-empresa/,https://regalospremium.cl/lanyards-e-identificacion-empresa/,CURRENT_FORMAT,NO,PRODUCTO,Promocionales,Lanyards,,keyword→objeto,HIGH,0,0,0.0,1
"""lanyard sublimado""",Concordancia de frase,Lanyard Portacredencial,Habilitado,Limitado,https://regalospremium.cl/lanyards-e-identificacion-empresa/,https://regalospremium.cl/lanyards-e-identificacion-empresa/,CURRENT_FORMAT,NO,PRODUCTO,Promocionales,Lanyards,,keyword→objeto,HIGH,0,0,0.0,1
"""lanyard sublimados""",Concordancia de frase,Lanyard Portacredencial,Habilitado,Limitado,https://regalospremium.cl/lanyards-e-identificacion-empresa/,https://regalospremium.cl/lanyards-e-identificacion-empresa/,CURRENT_FORMAT,NO,PRODUCTO,Promocionales,Lanyards,,keyword→objeto,HIGH,0,0,0.0,1
"""lanyard texturado""",Concordancia de frase,Lanyard Portacredencial,Habilitado,Limitado,,,EMPTY,NO,PRODUCTO,Promocionales,Lanyards,,keyword→objeto,HIGH,0,0,0.0,1
"""lanyard verde""",Concordancia de frase,Lanyard Portacredencial,Habilitado,Limitado,https://regalospremium.cl/lanyards-e-identificacion-empresa/,https://regalospremium.cl/lanyards-e-identificacion-empresa/,CURRENT_FORMAT,NO,PRODUCTO,Promocionales,Lanyards,,keyword→objeto,HIGH,0,0,0.0,1
"""lanyard y porta credencial""",Concordancia de frase,Lanyard Portacredencial,Habilitado,Limitado,https://regalospremium.cl/lanyards-e-identificacion-empresa/,https://regalospremium.cl/lanyards-e-identificacion-empresa/,CURRENT_FORMAT,NO,PRODUCTO,Promocionales,Lanyards,,keyword→objeto,HIGH,0,0,0.0,1
"""Lanyard yoyo""",Concordancia de frase,Lanyard Portacredencial,Habilitado,Limitado,https://regalospremium.cl/lanyards-e-identificacion-empresa/,https://regalospremium.cl/lanyards-e-identificacion-empresa/,CURRENT_FORMAT,NO,PRODUCTO,Promocionales,Lanyards,,keyword→objeto,HIGH,0,0,0.0,1
"""lanyards""",Concordancia de frase,Lanyard Portacredencial,Habilitado,Limitado,https://regalospremium.cl/lanyards-e-identificacion-empresa/,https://regalospremium.cl/lanyards-e-identificacion-empresa/,CURRENT_FORMAT,NO,PRODUCTO,Promocionales,Lanyards,,keyword→objeto,HIGH,0,0,0.0,1
"""lanyards baratos""",Concordancia de frase,Lanyard Portacredencial,Habilitado,Limitado,,,EMPTY,NO,PRODUCTO,Promocionales,Lanyards,,keyword→objeto,HIGH,0,0,0.0,1
"""Lanyards bordados para empresas""",Concordancia de frase,Lanyard Portacredencial,Habilitado,No apto,,,EMPTY,NO,PRODUCTO,Promocionales,Lanyards,,keyword→objeto,HIGH,0,0,0.0,1
"""Lanyards con hebilla desmontable""",Concordancia de frase,Lanyard Portacredencial,Habilitado,No apto,,,EMPTY,NO,PRODUCTO,Promocionales,Lanyards,,keyword→objeto,HIGH,0,0,0.0,1
"""Lanyards de poliéster personalizados""",Concordancia de frase,Lanyard Portacredencial,Habilitado,No apto,,,EMPTY,NO,PRODUCTO,Promocionales,Lanyards,,keyword→objeto,HIGH,0,0,0.0,1
"""Lanyards de tela reciclada""",Concordancia de frase,Lanyard Portacredencial,Habilitado,No apto,,,EMPTY,NO,PRODUCTO,Promocionales,Lanyards,,keyword→objeto,HIGH,0,0,0.0,1
"""lanyards e identificación""",Concordancia de frase,Lanyard Portacredencial,Habilitado,No apto,https://regalospremium.cl/lanyards-e-identificacion-empresa/,https://regalospremium.cl/lanyards-e-identificacion-empresa/,CURRENT_FORMAT,NO,PRODUCTO,Promocionales,Lanyards,,keyword→objeto,HIGH,0,0,0.0,1
"""Lanyards ecológicos personalizados""",Concordancia de frase,Lanyard Portacredencial,Habilitado,No apto,,,EMPTY,NO,PRODUCTO,Promocionales,Lanyards,,keyword→objeto,HIGH,0,0,0.0,1
"""lanyards impresos""",Concordancia de frase,Lanyard Portacredencial,Habilitado,Limitado,,,EMPTY,NO,PRODUCTO,Promocionales,Lanyards,,keyword→objeto,HIGH,0,0,0.0,1
"""Lanyards para pequeñas empresas""",Concordancia de frase,Lanyard Portacredencial,Habilitado,No apto,,,EMPTY,NO,PRODUCTO,Promocionales,Lanyards,,keyword→objeto,HIGH,0,0,0.0,1
"""Lanyards personalizados con entrega rápida""",Concordancia de frase,Lanyard Portacredencial,Habilitado,No apto,,,EMPTY,NO,PRODUCTO,Promocionales,Lanyards,,keyword→objeto,HIGH,0,0,0.0,1
"""Lanyards personalizados para startups""",Concordancia de frase,Lanyard Portacredencial,Habilitado,No apto,,,EMPTY,NO,PRODUCTO,Promocionales,Lanyards,,keyword→objeto,HIGH,0,0,0.0,1
"""Lanyards personalizados sin pedido mínimo""",Concordancia de frase,Lanyard Portacredencial,Habilitado,No apto,,,EMPTY,NO,PRODUCTO,Promocionales,Lanyards,,keyword→objeto,HIGH,0,0,0.0,1
"""lanyards publicitarios""",Concordancia de frase,Lanyard Portacredencial,Habilitado,Limitado,,,EMPTY,NO,PRODUCTO,Promocionales,Lanyards,,keyword→objeto,HIGH,0,0,0.0,1
"""Lanyards y porta credenciales descuentos por volumen""",Concordancia de frase,Lanyard Portacredencial,Habilitado,No apto,,,EMPTY,NO,PRODUCTO,Promocionales,Lanyards,,keyword→objeto,HIGH,0,0,0.0,1
"""Lanyards y porta credenciales en promoción""",Concordancia de frase,Lanyard Portacredencial,Habilitado,No apto,,,EMPTY,NO,PRODUCTO,Promocionales,Lanyards,,keyword→objeto,HIGH,0,0,0.0,1
"""llavero lanyard""",Concordancia de frase,Lanyard Portacredencial,Habilitado,Limitado,,,EMPTY,NO,PRODUCTO,Promocionales,Llaveros,,keyword→objeto,HIGH,0,0,0.0,1
"""llavero porta identificacion""",Concordancia de frase,Lanyard Portacredencial,Habilitado,No apto,https://regalospremium.cl/lanyards-e-identificacion-empresa/,https://regalospremium.cl/lanyards-e-identificacion-empresa/,CURRENT_FORMAT,NO,PRODUCTO,Promocionales,Llaveros,,keyword→objeto,HIGH,0,0,0.0,1
"""llaveros metalicos""",Concordancia de frase,Lanyard Portacredencial,Habilitado,Limitado,,,EMPTY,NO,PRODUCTO,Promocionales,Llaveros,,keyword→objeto,HIGH,0,0,0.0,1
"""Materiales y características específicas""",Concordancia de frase,Lanyard Portacredencial,Habilitado,No apto,,,EMPTY,NO,PRODUCTO,Promocionales,Lanyards,,fallback grupo histórico,MEDIUM,0,0,0.0,1
"""merchandising para empresas""",Concordancia de frase,Lanyard Portacredencial,Habilitado,Limitado,,,EMPTY,NO,PRODUCTO,Promocionales,Lanyards,,fallback grupo histórico,MEDIUM,0,0,0.0,1
"""Ofertas en porta credenciales para empresas""",Concordancia de frase,Lanyard Portacredencial,Habilitado,No apto,,,EMPTY,NO,PRODUCTO,Promocionales,Lanyards,,keyword→objeto,HIGH,0,0,0.0,1
"""personalizar lanyard""",Concordancia de frase,Lanyard Portacredencial,Habilitado,Limitado,https://regalospremium.cl/lanyards-e-identificacion-empresa/,https://regalospremium.cl/lanyards-e-identificacion-empresa/,CURRENT_FORMAT,NO,PRODUCTO,Promocionales,Lanyards,,keyword→objeto,HIGH,0,0,0.0,1
"""plastico porta credencial""",Concordancia de frase,Lanyard Portacredencial,Habilitado,Limitado,https://regalospremium.cl/lanyards-e-identificacion-empresa/,https://regalospremium.cl/lanyards-e-identificacion-empresa/,CURRENT_FORMAT,NO,PRODUCTO,Promocionales,Lanyards,,keyword→objeto,HIGH,0,0,0.0,1
"""porta acreditaciones""",Concordancia de frase,Lanyard Portacredencial,Habilitado,Limitado,https://regalospremium.cl/lanyards-e-identificacion-empresa/,https://regalospremium.cl/lanyards-e-identificacion-empresa/,CURRENT_FORMAT,NO,PRODUCTO,Promocionales,Lanyards,,fallback grupo histórico,MEDIUM,0,0,0.0,1
"""porta botella""",Concordancia de frase,Lanyard Portacredencial,Habilitado,Limitado,https://regalospremium.cl/lanyards-e-identificacion-empresa/,https://regalospremium.cl/lanyards-e-identificacion-empresa/,CURRENT_FORMAT,NO,PRODUCTO,Hogar y Bebidas,Botellas,,keyword→objeto,HIGH,0,0,0.0,1
"""porta credencial""",Concordancia de frase,Lanyard Portacredencial,Habilitado,Limitado,https://regalospremium.cl/lanyards-e-identificacion-empresa/,https://regalospremium.cl/lanyards-e-identificacion-empresa/,CURRENT_FORMAT,NO,PRODUCTO,Promocionales,Lanyards,,keyword→objeto,HIGH,0,0,0.0,1
"""porta credencial acrilico""",Concordancia de frase,Lanyard Portacredencial,Habilitado,Limitado,https://regalospremium.cl/lanyards-e-identificacion-empresa/,https://regalospremium.cl/lanyards-e-identificacion-empresa/,CURRENT_FORMAT,NO,PRODUCTO,Promocionales,Lanyards,,keyword→objeto,HIGH,0,0,0.0,1
"""porta credencial colgante""",Concordancia de frase,Lanyard Portacredencial,Habilitado,Limitado,https://regalospremium.cl/lanyards-e-identificacion-empresa/,https://regalospremium.cl/lanyards-e-identificacion-empresa/,CURRENT_FORMAT,NO,PRODUCTO,Promocionales,Lanyards,,keyword→objeto,HIGH,0,0,0.0,1
"""porta credencial con""",Concordancia de frase,Lanyard Portacredencial,Habilitado,Limitado,https://regalospremium.cl/lanyards-e-identificacion-empresa/,https://regalospremium.cl/lanyards-e-identificacion-empresa/,CURRENT_FORMAT,NO,PRODUCTO,Promocionales,Lanyards,,keyword→objeto,HIGH,0,0,0.0,1
"""porta credencial extensible""",Concordancia de frase,Lanyard Portacredencial,Habilitado,Limitado,,,EMPTY,NO,PRODUCTO,Promocionales,Lanyards,,keyword→objeto,HIGH,0,0,0.0,1
"""porta credencial horizontal""",Concordancia de frase,Lanyard Portacredencial,Habilitado,Limitado,https://regalospremium.cl/lanyards-e-identificacion-empresa/,https://regalospremium.cl/lanyards-e-identificacion-empresa/,CURRENT_FORMAT,NO,PRODUCTO,Promocionales,Lanyards,,keyword→objeto,HIGH,0,0,0.0,1
"""porta credencial plastico""",Concordancia de frase,Lanyard Portacredencial,Habilitado,Limitado,https://regalospremium.cl/lanyards-e-identificacion-empresa/,https://regalospremium.cl/lanyards-e-identificacion-empresa/,CURRENT_FORMAT,NO,PRODUCTO,Promocionales,Lanyards,,keyword→objeto,HIGH,0,0,0.0,1
"""porta credencial por mayor""",Concordancia de frase,Lanyard Portacredencial,Habilitado,Limitado,https://regalospremium.cl/lanyards-e-identificacion-empresa/,https://regalospremium.cl/lanyards-e-identificacion-empresa/,CURRENT_FORMAT,NO,PRODUCTO,Promocionales,Lanyards,,keyword→objeto,HIGH,0,0,0.0,1
"""porta credencial retractil""",Concordancia de frase,Lanyard Portacredencial,Habilitado,Limitado,https://regalospremium.cl/lanyards-e-identificacion-empresa/,https://regalospremium.cl/lanyards-e-identificacion-empresa/,CURRENT_FORMAT,NO,PRODUCTO,Promocionales,Lanyards,,keyword→objeto,HIGH,0,0,0.0,1
"""porta credencial tipo yoyo""",Concordancia de frase,Lanyard Portacredencial,Habilitado,Limitado,https://regalospremium.cl/lanyards-e-identificacion-empresa/,https://regalospremium.cl/lanyards-e-identificacion-empresa/,CURRENT_FORMAT,NO,PRODUCTO,Promocionales,Lanyards,,keyword→objeto,HIGH,0,0,0.0,1
"""porta credencial transparente""",Concordancia de frase,Lanyard Portacredencial,Habilitado,Limitado,https://regalospremium.cl/lanyards-e-identificacion-empresa/,https://regalospremium.cl/lanyards-e-identificacion-empresa/,CURRENT_FORMAT,NO,PRODUCTO,Promocionales,Lanyards,,keyword→objeto,HIGH,0,0,0.0,1
"""porta credenciales""",Concordancia de frase,Lanyard Portacredencial,Habilitado,Limitado,,,EMPTY,NO,PRODUCTO,Promocionales,Lanyards,,keyword→objeto,HIGH,0,0,0.0,1
"""porta credenciales colgantes""",Concordancia de frase,Lanyard Portacredencial,Habilitado,Limitado,https://regalospremium.cl/lanyards-e-identificacion-empresa/,https://regalospremium.cl/lanyards-e-identificacion-empresa/,CURRENT_FORMAT,NO,PRODUCTO,Promocionales,Lanyards,,keyword→objeto,HIGH,0,0,0.0,1
"""Porta credenciales con clip y cordón incluido""",Concordancia de frase,Lanyard Portacredencial,Habilitado,No apto,,,EMPTY,NO,PRODUCTO,Promocionales,Lanyards,,keyword→objeto,HIGH,0,0,0.0,1
"""porta credenciales de plastico""",Concordancia de frase,Lanyard Portacredencial,Habilitado,Limitado,,,EMPTY,NO,PRODUCTO,Promocionales,Lanyards,,keyword→objeto,HIGH,0,0,0.0,1
"""Porta credenciales de plástico rígido""",Concordancia de frase,Lanyard Portacredencial,Habilitado,No apto,,,EMPTY,NO,PRODUCTO,Promocionales,Lanyards,,keyword→objeto,HIGH,0,0,0.0,1
"""Porta credenciales duraderos para uso diario""",Concordancia de frase,Lanyard Portacredencial,Habilitado,No apto,,,EMPTY,NO,PRODUCTO,Promocionales,Lanyards,,keyword→objeto,HIGH,0,0,0.0,1
"""Porta credenciales económicos y de calidad""",Concordancia de frase,Lanyard Portacredencial,Habilitado,No apto,,,EMPTY,NO,PRODUCTO,Promocionales,Lanyards,,keyword→objeto,HIGH,0,0,0.0,1
"""Porta credenciales para agencias de marketing""",Concordancia de frase,Lanyard Portacredencial,Habilitado,No apto,,,EMPTY,NO,PRODUCTO,Promocionales,Lanyards,,keyword→objeto,HIGH,0,0,0.0,1
"""Porta credenciales para universidades y escuelas""",Concordancia de frase,Lanyard Portacredencial,Habilitado,No apto,,,EMPTY,NO,PRODUCTO,Promocionales,Lanyards,,keyword→objeto,HIGH,0,0,0.0,1
"""porta credenciales personalizados""",Concordancia de frase,Lanyard Portacredencial,Habilitado,Limitado,https://regalospremium.cl/lanyards-e-identificacion-empresa/,https://regalospremium.cl/lanyards-e-identificacion-empresa/,CURRENT_FORMAT,NO,PRODUCTO,Promocionales,Lanyards,,keyword→objeto,HIGH,0,0,0.0,1
"""porta credenciales por mayor""",Concordancia de frase,Lanyard Portacredencial,Habilitado,Limitado,https://regalospremium.cl/lanyards-e-identificacion-empresa/,https://regalospremium.cl/lanyards-e-identificacion-empresa/,CURRENT_FORMAT,NO,PRODUCTO,Promocionales,Lanyards,,keyword→objeto,HIGH,0,0,0.0,1
"""porta credenciales pvc""",Concordancia de frase,Lanyard Portacredencial,Habilitado,Limitado,https://regalospremium.cl/lanyards-e-identificacion-empresa/,https://regalospremium.cl/lanyards-e-identificacion-empresa/,CURRENT_FORMAT,NO,PRODUCTO,Promocionales,Lanyards,,keyword→objeto,HIGH,0,0,0.0,1
"""Porta credenciales transparentes con diseño robusto""",Concordancia de frase,Lanyard Portacredencial,Habilitado,No apto,,,EMPTY,NO,PRODUCTO,Promocionales,Lanyards,,keyword→objeto,HIGH,0,0,0.0,1
"""porta credenciales verticales""",Concordancia de frase,Lanyard Portacredencial,Habilitado,Limitado,https://regalospremium.cl/lanyards-e-identificacion-empresa/,https://regalospremium.cl/lanyards-e-identificacion-empresa/,CURRENT_FORMAT,NO,PRODUCTO,Promocionales,Lanyards,,keyword→objeto,HIGH,0,0,0.0,1
"""porta tarjeta retractil""",Concordancia de frase,Lanyard Portacredencial,Habilitado,Limitado,,,EMPTY,NO,PRODUCTO,Promocionales,Lanyards,,fallback grupo histórico,MEDIUM,0,0,0.0,1
"""portacredencial""",Concordancia de frase,Lanyard Portacredencial,Habilitado,Limitado,,,EMPTY,NO,PRODUCTO,Promocionales,Lanyards,,keyword→objeto,HIGH,0,0,0.0,1
"""Portacredencial de plastico""",Concordancia de frase,Lanyard Portacredencial,Habilitado,Limitado,https://regalospremium.cl/lanyards-e-identificacion-empresa/,https://regalospremium.cl/lanyards-e-identificacion-empresa/,CURRENT_FORMAT,NO,PRODUCTO,Promocionales,Lanyards,,keyword→objeto,HIGH,0,0,0.0,1
"""portacredencial horizontal""",Concordancia de frase,Lanyard Portacredencial,Habilitado,Limitado,https://regalospremium.cl/lanyards-e-identificacion-empresa/,https://regalospremium.cl/lanyards-e-identificacion-empresa/,CURRENT_FORMAT,NO,PRODUCTO,Promocionales,Lanyards,,keyword→objeto,HIGH,0,0,0.0,1
"""portacredenciales""",Concordancia de frase,Lanyard Portacredencial,Habilitado,Limitado,https://regalospremium.cl/lanyards-e-identificacion-empresa/,https://regalospremium.cl/lanyards-e-identificacion-empresa/,CURRENT_FORMAT,NO,PRODUCTO,Promocionales,Lanyards,,keyword→objeto,HIGH,0,0,0.0,1
"""portacredenciales de acrilico""",Concordancia de frase,Lanyard Portacredencial,Habilitado,Limitado,https://regalospremium.cl/lanyards-e-identificacion-empresa/,https://regalospremium.cl/lanyards-e-identificacion-empresa/,CURRENT_FORMAT,NO,PRODUCTO,Promocionales,Lanyards,,keyword→objeto,HIGH,0,0,0.0,1
"""pulseras publicitarias""",Concordancia de frase,Lanyard Portacredencial,Habilitado,Limitado,,,EMPTY,NO,PRODUCTO,Promocionales,Lanyards,,fallback grupo histórico,MEDIUM,0,0,0.0,1
"""venta de porta credenciales en santiago""",Concordancia de frase,Lanyard Portacredencial,Habilitado,No apto,,,EMPTY,NO,PRODUCTO,Promocionales,Lanyards,,keyword→objeto,HIGH,0,0,0.0,1
"""venta porta credencia con cintas en concepcion chile""",Concordancia de frase,Lanyard Portacredencial,Habilitado,No apto,https://regalospremium.cl/lanyards-e-identificacion-empresa/,https://regalospremium.cl/lanyards-e-identificacion-empresa/,CURRENT_FORMAT,NO,PRODUCTO,Promocionales,Lanyards,,fallback grupo histórico,MEDIUM,0,0,0.0,1
"""yoyo credencial""",Concordancia de frase,Lanyard Portacredencial,Habilitado,Limitado,https://regalospremium.cl/lanyards-e-identificacion-empresa/,https://regalospremium.cl/lanyards-e-identificacion-empresa/,CURRENT_FORMAT,NO,PRODUCTO,Promocionales,Lanyards,,fallback grupo histórico,MEDIUM,0,0,0.0,1
"""yoyo lanyard logotipo""",Concordancia de frase,Lanyard Portacredencial,Habilitado,No apto,https://regalospremium.cl/lanyards-e-identificacion-empresa/,https://regalospremium.cl/lanyards-e-identificacion-empresa/,CURRENT_FORMAT,NO,PRODUCTO,Promocionales,Lanyards,,keyword→objeto,HIGH,0,0,0.0,1
"""yoyo para credencial""",Concordancia de frase,Lanyard Portacredencial,Habilitado,Limitado,https://regalospremium.cl/lanyards-e-identificacion-empresa/,https://regalospremium.cl/lanyards-e-identificacion-empresa/,CURRENT_FORMAT,NO,PRODUCTO,Promocionales,Lanyards,,fallback grupo histórico,MEDIUM,0,0,0.0,1
"""yoyo porta credencial""",Concordancia de frase,Lanyard Portacredencial,Habilitado,Limitado,https://regalospremium.cl/lanyards-e-identificacion-empresa/,https://regalospremium.cl/lanyards-e-identificacion-empresa/,CURRENT_FORMAT,NO,PRODUCTO,Promocionales,Lanyards,,keyword→objeto,HIGH,0,0,0.0,1
"""yoyo portacredencial""",Concordancia de frase,Lanyard Portacredencial,Habilitado,Limitado,https://regalospremium.cl/lanyards-e-identificacion-empresa/,https://regalospremium.cl/lanyards-e-identificacion-empresa/,CURRENT_FORMAT,NO,PRODUCTO,Promocionales,Lanyards,,keyword→objeto,HIGH,0,0,0.0,1
"""boli grabado""",Concordancia de frase,Lapices,Habilitado,Limitado,https://regalospremium.cl/boligrafos-y-lapices-publicitarios/,https://regalospremium.cl/boligrafos-y-lapices-publicitarios/,CURRENT_FORMAT,NO,PRODUCTO,Oficina y Escritura,Lápices y Bolígrafos,,fallback grupo histórico,MEDIUM,0,0,0.0,1
"""bolígrafo""",Concordancia de frase,Lapices,Habilitado,Limitado,https://regalospremium.cl/boligrafos-y-lapices-publicitarios/,https://regalospremium.cl/boligrafos-y-lapices-publicitarios/,CURRENT_FORMAT,NO,PRODUCTO,Oficina y Escritura,Lápices y Bolígrafos,,keyword→objeto,HIGH,0,0,0.0,1
"""boligrafo bamboo""",Concordancia de frase,Lapices,Habilitado,Apto,https://regalospremium.cl/boligrafos-y-lapices-publicitarios/,https://regalospremium.cl/boligrafos-y-lapices-publicitarios/,CURRENT_FORMAT,NO,PRODUCTO,Oficina y Escritura,Lápices y Bolígrafos,,keyword→objeto,HIGH,0,0,0.0,1
"""bolígrafo con nombre grabado""",Concordancia de frase,Lapices,Habilitado,Limitado,https://regalospremium.cl/boligrafos-y-lapices-publicitarios/,https://regalospremium.cl/boligrafos-y-lapices-publicitarios/,CURRENT_FORMAT,NO,PRODUCTO,Oficina y Escritura,Lápices y Bolígrafos,,keyword→objeto,HIGH,0,0,0.0,1
"""boligrafo con usb""",Concordancia de frase,Lapices,Habilitado,Apto,https://regalospremium.cl/boligrafos-y-lapices-publicitarios/,https://regalospremium.cl/boligrafos-y-lapices-publicitarios/,CURRENT_FORMAT,NO,PRODUCTO,Oficina y Escritura,Lápices y Bolígrafos,,keyword→objeto,HIGH,0,0,0.0,1
"""boligrafo ecologico""",Concordancia de frase,Lapices,Habilitado,Limitado,https://regalospremium.cl/boligrafos-y-lapices-publicitarios/,https://regalospremium.cl/boligrafos-y-lapices-publicitarios/,CURRENT_FORMAT,NO,PRODUCTO,Oficina y Escritura,Lápices y Bolígrafos,,keyword→objeto,HIGH,0,0,0.0,1
"""boligrafo grabado""",Concordancia de frase,Lapices,Habilitado,Limitado,https://regalospremium.cl/boligrafos-y-lapices-publicitarios/,https://regalospremium.cl/boligrafos-y-lapices-publicitarios/,CURRENT_FORMAT,NO,PRODUCTO,Oficina y Escritura,Lápices y Bolígrafos,,keyword→objeto,HIGH,0,0,0.0,1
"""boligrafo grabado con nombre""",Concordancia de frase,Lapices,Habilitado,Limitado,https://regalospremium.cl/boligrafos-y-lapices-publicitarios/,https://regalospremium.cl/boligrafos-y-lapices-publicitarios/,CURRENT_FORMAT,NO,PRODUCTO,Oficina y Escritura,Lápices y Bolígrafos,,keyword→objeto,HIGH,0,0,0.0,1
"""boligrafo madera""",Concordancia de frase,Lapices,Habilitado,Limitado,https://regalospremium.cl/boligrafos-y-lapices-publicitarios/,https://regalospremium.cl/boligrafos-y-lapices-publicitarios/,CURRENT_FORMAT,NO,PRODUCTO,Oficina y Escritura,Lápices y Bolígrafos,,keyword→objeto,HIGH,0,0,0.0,1
"""bolígrafo metálico""",Concordancia de frase,Lapices,Habilitado,Limitado,https://regalospremium.cl/boligrafos-y-lapices-publicitarios/,https://regalospremium.cl/boligrafos-y-lapices-publicitarios/,CURRENT_FORMAT,NO,PRODUCTO,Oficina y Escritura,Lápices y Bolígrafos,,keyword→objeto,HIGH,0,0,0.0,1
"""boligrafo regalo""",Concordancia de frase,Lapices,Habilitado,Limitado,https://regalospremium.cl/boligrafos-y-lapices-publicitarios/,https://regalospremium.cl/boligrafos-y-lapices-publicitarios/,CURRENT_FORMAT,NO,PRODUCTO,Oficina y Escritura,Lápices y Bolígrafos,,keyword→objeto,HIGH,0,0,0.0,1
"""boligrafo usb""",Concordancia de frase,Lapices,Habilitado,Limitado,https://regalospremium.cl/boligrafos-y-lapices-publicitarios/,https://regalospremium.cl/boligrafos-y-lapices-publicitarios/,CURRENT_FORMAT,NO,PRODUCTO,Oficina y Escritura,Lápices y Bolígrafos,,keyword→objeto,HIGH,0,0,0.0,1
"""boligrafos al por mayor""",Concordancia de frase,Lapices,Habilitado,Limitado,https://regalospremium.cl/boligrafos-y-lapices-publicitarios/,https://regalospremium.cl/boligrafos-y-lapices-publicitarios/,CURRENT_FORMAT,NO,PRODUCTO,Oficina y Escritura,Lápices y Bolígrafos,,keyword→objeto,HIGH,0,0,0.0,1
"""boligrafos al por mayor personalizados""",Concordancia de frase,Lapices,Habilitado,Apto,https://regalospremium.cl/boligrafos-y-lapices-publicitarios/,https://regalospremium.cl/boligrafos-y-lapices-publicitarios/,CURRENT_FORMAT,NO,PRODUCTO,Oficina y Escritura,Lápices y Bolígrafos,,keyword→objeto,HIGH,0,0,0.0,1
"""Bolígrafos baratos""",Concordancia de frase,Lapices,Habilitado,Limitado,,,EMPTY,NO,PRODUCTO,Oficina y Escritura,Lápices y Bolígrafos,,keyword→objeto,HIGH,0,0,0.0,1
"""Bolígrafos con logo""",Concordancia de frase,Lapices,Habilitado,Limitado,,,EMPTY,NO,PRODUCTO,Oficina y Escritura,Lápices y Bolígrafos,,keyword→objeto,HIGH,0,0,0.0,1
"""boligrafos corporativos""",Concordancia de frase,Lapices,Habilitado,Apto,https://regalospremium.cl/boligrafos-y-lapices-publicitarios/,https://regalospremium.cl/boligrafos-y-lapices-publicitarios/,CURRENT_FORMAT,NO,PRODUCTO,Oficina y Escritura,Lápices y Bolígrafos,,keyword→objeto,HIGH,0,0,0.0,1
"""boligrafos de madera""",Concordancia de frase,Lapices,Habilitado,Limitado,https://regalospremium.cl/boligrafos-y-lapices-publicitarios/,https://regalospremium.cl/boligrafos-y-lapices-publicitarios/,CURRENT_FORMAT,NO,PRODUCTO,Oficina y Escritura,Lápices y Bolígrafos,,keyword→objeto,HIGH,0,0,0.0,1
"""Bolígrafos económicos""",Concordancia de frase,Lapices,Habilitado,Limitado,,,EMPTY,NO,PRODUCTO,Oficina y Escritura,Lápices y Bolígrafos,,keyword→objeto,HIGH,0,0,0.0,1
"""boligrafos metalicos""",Concordancia de frase,Lapices,Habilitado,Limitado,https://regalospremium.cl/boligrafos-y-lapices-publicitarios/,https://regalospremium.cl/boligrafos-y-lapices-publicitarios/,CURRENT_FORMAT,NO,PRODUCTO,Oficina y Escritura,Lápices y Bolígrafos,,keyword→objeto,HIGH,0,0,0.0,1
"""boligrafos para grabar""",Concordancia de frase,Lapices,Habilitado,Limitado,https://regalospremium.cl/boligrafos-y-lapices-publicitarios/,https://regalospremium.cl/boligrafos-y-lapices-publicitarios/,CURRENT_FORMAT,NO,PRODUCTO,Oficina y Escritura,Lápices y Bolígrafos,,keyword→objeto,HIGH,0,0,0.0,1
"""boligrafos para publicidad""",Concordancia de frase,Lapices,Habilitado,Limitado,https://regalospremium.cl/boligrafos-y-lapices-publicitarios/,https://regalospremium.cl/boligrafos-y-lapices-publicitarios/,CURRENT_FORMAT,NO,PRODUCTO,Oficina y Escritura,Lápices y Bolígrafos,,keyword→objeto,HIGH,0,0,0.0,1
"""boligrafos personalizables""",Concordancia de frase,Lapices,Habilitado,Limitado,https://regalospremium.cl/boligrafos-y-lapices-publicitarios/,https://regalospremium.cl/boligrafos-y-lapices-publicitarios/,CURRENT_FORMAT,NO,PRODUCTO,Oficina y Escritura,Lápices y Bolígrafos,,keyword→objeto,HIGH,0,0,0.0,1
"""Bolígrafos personalizados baratos""",Concordancia de frase,Lapices,Habilitado,Limitado,,,EMPTY,NO,PRODUCTO,Oficina y Escritura,Lápices y Bolígrafos,,keyword→objeto,HIGH,0,0,0.0,1
"""bolígrafos personalizados con logo""",Concordancia de frase,Lapices,Habilitado,Limitado,https://regalospremium.cl/boligrafos-y-lapices-publicitarios/,https://regalospremium.cl/boligrafos-y-lapices-publicitarios/,CURRENT_FORMAT,NO,PRODUCTO,Oficina y Escritura,Lápices y Bolígrafos,,keyword→objeto,HIGH,0,0,0.0,1
"""boligrafos personalizados empresa""",Concordancia de frase,Lapices,Habilitado,Limitado,https://regalospremium.cl/boligrafos-y-lapices-publicitarios/,https://regalospremium.cl/boligrafos-y-lapices-publicitarios/,CURRENT_FORMAT,NO,PRODUCTO,Oficina y Escritura,Lápices y Bolígrafos,,keyword→objeto,HIGH,0,0,0.0,1
"""boligrafos personalizados para regalo""",Concordancia de frase,Lapices,Habilitado,Limitado,https://regalospremium.cl/boligrafos-y-lapices-publicitarios/,https://regalospremium.cl/boligrafos-y-lapices-publicitarios/,CURRENT_FORMAT,NO,PRODUCTO,Oficina y Escritura,Lápices y Bolígrafos,,keyword→objeto,HIGH,0,0,0.0,1
"""bolígrafos personalizados regalo""",Concordancia de frase,Lapices,Habilitado,Limitado,https://regalospremium.cl/boligrafos-y-lapices-publicitarios/,https://regalospremium.cl/boligrafos-y-lapices-publicitarios/,CURRENT_FORMAT,NO,PRODUCTO,Oficina y Escritura,Lápices y Bolígrafos,,keyword→objeto,HIGH,0,0,0.0,1
"""Bolígrafos plásticos oublicitarios""",Concordancia de frase,Lapices,Habilitado,No apto,,,EMPTY,NO,PRODUCTO,Oficina y Escritura,Lápices y Bolígrafos,,keyword→objeto,HIGH,0,0,0.0,1
"""Bolígrafos promocionales""",Concordancia de frase,Lapices,Habilitado,Limitado,,,EMPTY,NO,PRODUCTO,Oficina y Escritura,Lápices y Bolígrafos,,keyword→objeto,HIGH,0,0,0.0,1
"""boligrafos promocionales baratos""",Concordancia de frase,Lapices,Habilitado,Apto,https://regalospremium.cl/boligrafos-y-lapices-publicitarios/,https://regalospremium.cl/boligrafos-y-lapices-publicitarios/,CURRENT_FORMAT,NO,PRODUCTO,Oficina y Escritura,Lápices y Bolígrafos,,keyword→objeto,HIGH,0,0,0.0,1
"""boligrafos publicidad baratos""",Concordancia de frase,Lapices,Habilitado,Apto,https://regalospremium.cl/boligrafos-y-lapices-publicitarios/,https://regalospremium.cl/boligrafos-y-lapices-publicitarios/,CURRENT_FORMAT,NO,PRODUCTO,Oficina y Escritura,Lápices y Bolígrafos,,keyword→objeto,HIGH,0,0,0.0,1
"""Bolígrafos publicitarios""",Concordancia de frase,Lapices,Habilitado,Limitado,,,EMPTY,NO,PRODUCTO,Oficina y Escritura,Lápices y Bolígrafos,,keyword→objeto,HIGH,0,0,0.0,1
"""Bolígrafos publicitarios económicos""",Concordancia de frase,Lapices,Habilitado,No apto,,,EMPTY,NO,PRODUCTO,Oficina y Escritura,Lápices y Bolígrafos,,keyword→objeto,HIGH,0,0,0.0,1
"""boligrafos regalo empresa""",Concordancia de frase,Lapices,Habilitado,Apto,https://regalospremium.cl/boligrafos-y-lapices-publicitarios/,https://regalospremium.cl/boligrafos-y-lapices-publicitarios/,CURRENT_FORMAT,NO,PRODUCTO,Oficina y Escritura,Lápices y Bolígrafos,,keyword→objeto,HIGH,0,0,0.0,1
"""boligrafos regalos de empresa""",Concordancia de frase,Lapices,Habilitado,Limitado,https://regalospremium.cl/boligrafos-y-lapices-publicitarios/,https://regalospremium.cl/boligrafos-y-lapices-publicitarios/,CURRENT_FORMAT,NO,PRODUCTO,Oficina y Escritura,Lápices y Bolígrafos,,keyword→objeto,HIGH,0,0,0.0,1
"""bolis de publicidad""",Concordancia de frase,Lapices,Habilitado,Limitado,https://regalospremium.cl/boligrafos-y-lapices-publicitarios/,https://regalospremium.cl/boligrafos-y-lapices-publicitarios/,CURRENT_FORMAT,NO,PRODUCTO,Oficina y Escritura,Lápices y Bolígrafos,,fallback grupo histórico,MEDIUM,0,0,0.0,1
"""grabado de boligrafos""",Concordancia de frase,Lapices,Habilitado,Limitado,https://regalospremium.cl/boligrafos-y-lapices-publicitarios/,https://regalospremium.cl/boligrafos-y-lapices-publicitarios/,CURRENT_FORMAT,NO,PRODUCTO,Oficina y Escritura,Lápices y Bolígrafos,,keyword→objeto,HIGH,0,0,0.0,1
"""grabado de lapices""",Concordancia de frase,Lapices,Habilitado,Limitado,https://regalospremium.cl/boligrafos-y-lapices-publicitarios/,https://regalospremium.cl/boligrafos-y-lapices-publicitarios/,CURRENT_FORMAT,NO,PRODUCTO,Oficina y Escritura,Lápices y Bolígrafos,,keyword→objeto,HIGH,0,0,0.0,1
"""lapicera grabada con nombre""",Concordancia de frase,Lapices,Habilitado,Limitado,https://regalospremium.cl/boligrafos-y-lapices-publicitarios/,https://regalospremium.cl/boligrafos-y-lapices-publicitarios/,CURRENT_FORMAT,NO,PRODUCTO,Oficina y Escritura,Lápices y Bolígrafos,,fallback grupo histórico,MEDIUM,0,0,0.0,1
"""lapiceras con logo""",Concordancia de frase,Lapices,Habilitado,Limitado,https://regalospremium.cl/boligrafos-y-lapices-publicitarios/,https://regalospremium.cl/boligrafos-y-lapices-publicitarios/,CURRENT_FORMAT,NO,PRODUCTO,Oficina y Escritura,Lápices y Bolígrafos,,fallback grupo histórico,MEDIUM,0,0,0.0,1
"""lapiceras con logo precios""",Concordancia de frase,Lapices,Habilitado,No apto,https://regalospremium.cl/boligrafos-y-lapices-publicitarios/,https://regalospremium.cl/boligrafos-y-lapices-publicitarios/,CURRENT_FORMAT,NO,PRODUCTO,Oficina y Escritura,Lápices y Bolígrafos,,fallback grupo histórico,MEDIUM,0,0,0.0,1
"""lapiceras empresariales""",Concordancia de frase,Lapices,Habilitado,Limitado,https://regalospremium.cl/boligrafos-y-lapices-publicitarios/,https://regalospremium.cl/boligrafos-y-lapices-publicitarios/,CURRENT_FORMAT,NO,PRODUCTO,Oficina y Escritura,Lápices y Bolígrafos,,fallback grupo histórico,MEDIUM,0,0,0.0,1
"""lapiceras grabadas""",Concordancia de frase,Lapices,Habilitado,Limitado,https://regalospremium.cl/boligrafos-metalicos-y-ejecutivos/,https://regalospremium.cl/boligrafos-metalicos-y-ejecutivos/,CURRENT_FORMAT,NO,PRODUCTO,Oficina y Escritura,Lápices y Bolígrafos,,fallback grupo histórico,MEDIUM,0,0,0.0,1
"""lapiceras grabadas con el nombre""",Concordancia de frase,Lapices,Habilitado,Apto,https://regalospremium.cl/boligrafos-y-lapices-publicitarios/,https://regalospremium.cl/boligrafos-y-lapices-publicitarios/,CURRENT_FORMAT,NO,PRODUCTO,Oficina y Escritura,Lápices y Bolígrafos,,fallback grupo histórico,MEDIUM,0,0,0.0,1
"""lapiceras grabadas para regalar""",Concordancia de frase,Lapices,Habilitado,Limitado,https://regalospremium.cl/boligrafos-y-lapices-publicitarios/,https://regalospremium.cl/boligrafos-y-lapices-publicitarios/,CURRENT_FORMAT,NO,PRODUCTO,Oficina y Escritura,Lápices y Bolígrafos,,fallback grupo histórico,MEDIUM,0,0,0.0,1
"""lapiceras personalizadas grabadas""",Concordancia de frase,Lapices,Habilitado,Limitado,https://regalospremium.cl/boligrafos-y-lapices-publicitarios/,https://regalospremium.cl/boligrafos-y-lapices-publicitarios/,CURRENT_FORMAT,NO,PRODUCTO,Oficina y Escritura,Lápices y Bolígrafos,,fallback grupo histórico,MEDIUM,0,0,0.0,1
"""lapicero con base para escritorio""",Concordancia de frase,Lapices,Habilitado,Limitado,https://regalospremium.cl/boligrafos-y-lapices-publicitarios/,https://regalospremium.cl/boligrafos-y-lapices-publicitarios/,CURRENT_FORMAT,NO,PRODUCTO,Oficina y Escritura,Lápices y Bolígrafos,,fallback grupo histórico,MEDIUM,0,0,0.0,1
"""lapicero con nombre""",Concordancia de frase,Lapices,Habilitado,Limitado,https://regalospremium.cl/boligrafos-y-lapices-publicitarios/,https://regalospremium.cl/boligrafos-y-lapices-publicitarios/,CURRENT_FORMAT,NO,PRODUCTO,Oficina y Escritura,Lápices y Bolígrafos,,fallback grupo histórico,MEDIUM,0,0,0.0,1
"""lapicero digital""",Concordancia de frase,Lapices,Habilitado,Limitado,https://regalospremium.cl/boligrafos-y-lapices-publicitarios/,https://regalospremium.cl/boligrafos-y-lapices-publicitarios/,CURRENT_FORMAT,NO,PRODUCTO,Oficina y Escritura,Lápices y Bolígrafos,,fallback grupo histórico,MEDIUM,0,0,0.0,1
"""lapiceros con logo de la empresa""",Concordancia de frase,Lapices,Habilitado,Limitado,https://regalospremium.cl/boligrafos-y-lapices-publicitarios/,https://regalospremium.cl/boligrafos-y-lapices-publicitarios/,CURRENT_FORMAT,NO,PRODUCTO,Oficina y Escritura,Lápices y Bolígrafos,,fallback grupo histórico,MEDIUM,0,0,0.0,1
"""lapiceros con logotipo""",Concordancia de frase,Lapices,Habilitado,Limitado,https://regalospremium.cl/boligrafos-y-lapices-publicitarios/,https://regalospremium.cl/boligrafos-y-lapices-publicitarios/,CURRENT_FORMAT,NO,PRODUCTO,Oficina y Escritura,Lápices y Bolígrafos,,fallback grupo histórico,MEDIUM,0,0,0.0,1
"""lapiceros corporativos""",Concordancia de frase,Lapices,Habilitado,Limitado,https://regalospremium.cl/boligrafos-y-lapices-publicitarios/,https://regalospremium.cl/boligrafos-y-lapices-publicitarios/,CURRENT_FORMAT,NO,PRODUCTO,Oficina y Escritura,Lápices y Bolígrafos,,fallback grupo histórico,MEDIUM,0,0,0.0,1
"""lapiceros de metal""",Concordancia de frase,Lapices,Habilitado,Limitado,https://regalospremium.cl/boligrafos-y-lapices-publicitarios/,https://regalospremium.cl/boligrafos-y-lapices-publicitarios/,CURRENT_FORMAT,NO,PRODUCTO,Oficina y Escritura,Lápices y Bolígrafos,,fallback grupo histórico,MEDIUM,0,0,0.0,1
"""lapiceros economicos para publicidad""",Concordancia de frase,Lapices,Habilitado,Apto,https://regalospremium.cl/boligrafos-y-lapices-publicitarios/,https://regalospremium.cl/boligrafos-y-lapices-publicitarios/,CURRENT_FORMAT,NO,PRODUCTO,Oficina y Escritura,Lápices y Bolígrafos,,fallback grupo histórico,MEDIUM,0,0,0.0,1
"""lapiceros ejecutivos personalizados""",Concordancia de frase,Lapices,Habilitado,Limitado,https://regalospremium.cl/boligrafos-y-lapices-publicitarios/,https://regalospremium.cl/boligrafos-y-lapices-publicitarios/,CURRENT_FORMAT,NO,PRODUCTO,Oficina y Escritura,Lápices y Bolígrafos,,fallback grupo histórico,MEDIUM,0,0,0.0,1
"""lapiceros grabados""",Concordancia de frase,Lapices,Habilitado,Limitado,https://regalospremium.cl/boligrafos-y-lapices-publicitarios/,https://regalospremium.cl/boligrafos-y-lapices-publicitarios/,CURRENT_FORMAT,NO,PRODUCTO,Oficina y Escritura,Lápices y Bolígrafos,,fallback grupo histórico,MEDIUM,0,0,0.0,1
"""lapiceros grabados con nombre""",Concordancia de frase,Lapices,Habilitado,Limitado,https://regalospremium.cl/boligrafos-y-lapices-publicitarios/,https://regalospremium.cl/boligrafos-y-lapices-publicitarios/,CURRENT_FORMAT,NO,PRODUCTO,Oficina y Escritura,Lápices y Bolígrafos,,fallback grupo histórico,MEDIUM,0,0,0.0,1
"""lapiceros impresos""",Concordancia de frase,Lapices,Habilitado,Apto,https://regalospremium.cl/boligrafos-y-lapices-publicitarios/,https://regalospremium.cl/boligrafos-y-lapices-publicitarios/,CURRENT_FORMAT,NO,PRODUCTO,Oficina y Escritura,Lápices y Bolígrafos,,fallback grupo histórico,MEDIUM,0,0,0.0,1
"""lapiceros impresos publicidad""",Concordancia de frase,Lapices,Habilitado,Apto,https://regalospremium.cl/boligrafos-y-lapices-publicitarios/,https://regalospremium.cl/boligrafos-y-lapices-publicitarios/,CURRENT_FORMAT,NO,PRODUCTO,Oficina y Escritura,Lápices y Bolígrafos,,fallback grupo histórico,MEDIUM,0,0,0.0,1
"""lapiceros metalicos publicitarios""",Concordancia de frase,Lapices,Habilitado,Limitado,https://regalospremium.cl/boligrafos-y-lapices-publicitarios/,https://regalospremium.cl/boligrafos-y-lapices-publicitarios/,CURRENT_FORMAT,NO,PRODUCTO,Oficina y Escritura,Lápices y Bolígrafos,,fallback grupo histórico,MEDIUM,0,0,0.0,1
"""lapiceros para grabar""",Concordancia de frase,Lapices,Habilitado,Limitado,https://regalospremium.cl/boligrafos-y-lapices-publicitarios/,https://regalospremium.cl/boligrafos-y-lapices-publicitarios/,CURRENT_FORMAT,NO,PRODUCTO,Oficina y Escritura,Lápices y Bolígrafos,,fallback grupo histórico,MEDIUM,0,0,0.0,1
"""lapiceros para publicidad""",Concordancia de frase,Lapices,Habilitado,Limitado,https://regalospremium.cl/boligrafos-y-lapices-publicitarios/,https://regalospremium.cl/boligrafos-y-lapices-publicitarios/,CURRENT_FORMAT,NO,PRODUCTO,Oficina y Escritura,Lápices y Bolígrafos,,fallback grupo histórico,MEDIUM,0,0,0.0,1
"""lapiceros personalizado""",Concordancia de frase,Lapices,Habilitado,Limitado,,,EMPTY,NO,PRODUCTO,Oficina y Escritura,Lápices y Bolígrafos,,fallback grupo histórico,MEDIUM,0,0,0.0,1
"""lapiceros personalizados""",Concordancia de frase,Lapices,Habilitado,Limitado,https://regalospremium.cl/boligrafos-y-lapices-publicitarios/,https://regalospremium.cl/boligrafos-y-lapices-publicitarios/,CURRENT_FORMAT,NO,PRODUCTO,Oficina y Escritura,Lápices y Bolígrafos,,fallback grupo histórico,MEDIUM,0,0,0.0,1
"""lapiceros personalizados con nombre""",Concordancia de frase,Lapices,Habilitado,Apto,,,EMPTY,NO,PRODUCTO,Oficina y Escritura,Lápices y Bolígrafos,,fallback grupo histórico,MEDIUM,0,0,0.0,1
"""lapiceros promocionales""",Concordancia de frase,Lapices,Habilitado,Limitado,https://regalospremium.cl/boligrafos-y-lapices-publicitarios/,https://regalospremium.cl/boligrafos-y-lapices-publicitarios/,CURRENT_FORMAT,NO,PRODUCTO,Oficina y Escritura,Lápices y Bolígrafos,,fallback grupo histórico,MEDIUM,0,0,0.0,1
"""lapiceros publicidad""",Concordancia de frase,Lapices,Habilitado,Limitado,https://regalospremium.cl/boligrafos-metalicos-y-ejecutivos/,https://regalospremium.cl/boligrafos-metalicos-y-ejecutivos/,CURRENT_FORMAT,NO,PRODUCTO,Oficina y Escritura,Lápices y Bolígrafos,,fallback grupo histórico,MEDIUM,0,0,0.0,1
"""lapiceros publicitario""",Concordancia de frase,Lapices,Habilitado,Limitado,https://regalospremium.cl/boligrafos-y-lapices-publicitarios/,https://regalospremium.cl/boligrafos-y-lapices-publicitarios/,CURRENT_FORMAT,NO,PRODUCTO,Oficina y Escritura,Lápices y Bolígrafos,,fallback grupo histórico,MEDIUM,0,0,0.0,1
"""lapiceros publicitarios""",Concordancia de frase,Lapices,Habilitado,Limitado,https://regalospremium.cl/boligrafos-y-lapices-publicitarios/,https://regalospremium.cl/boligrafos-y-lapices-publicitarios/,CURRENT_FORMAT,NO,PRODUCTO,Oficina y Escritura,Lápices y Bolígrafos,,fallback grupo histórico,MEDIUM,0,0,0.0,1
"""lapiceros publicitarios ecologicos""",Concordancia de frase,Lapices,Habilitado,Limitado,,,EMPTY,NO,PRODUCTO,Oficina y Escritura,Lápices y Bolígrafos,,fallback grupo histórico,MEDIUM,0,0,0.0,1
"""lapiceros publicitarios por mayor""",Concordancia de frase,Lapices,Habilitado,Limitado,https://regalospremium.cl/boligrafos-y-lapices-publicitarios/,https://regalospremium.cl/boligrafos-y-lapices-publicitarios/,CURRENT_FORMAT,NO,PRODUCTO,Oficina y Escritura,Lápices y Bolígrafos,,fallback grupo histórico,MEDIUM,0,0,0.0,1
"""lapiceros publicitarios precio""",Concordancia de frase,Lapices,Habilitado,Limitado,,,EMPTY,NO,PRODUCTO,Oficina y Escritura,Lápices y Bolígrafos,,fallback grupo histórico,MEDIUM,0,0,0.0,1
"""lapiceros souvenirs personalizados""",Concordancia de frase,Lapices,Habilitado,Limitado,,,EMPTY,NO,PRODUCTO,Oficina y Escritura,Lápices y Bolígrafos,,fallback grupo histórico,MEDIUM,0,0,0.0,1
"""lápices""",Concordancia de frase,Lapices,Habilitado,Limitado,https://regalospremium.cl/boligrafos-y-lapices-publicitarios/,https://regalospremium.cl/boligrafos-y-lapices-publicitarios/,CURRENT_FORMAT,NO,PRODUCTO,Oficina y Escritura,Lápices y Bolígrafos,,keyword→objeto,HIGH,0,0,0.0,1
"""lapices avellano santiago""",Concordancia de frase,Lapices,Habilitado,No apto,https://regalospremium.cl/boligrafos-y-lapices-publicitarios/,https://regalospremium.cl/boligrafos-y-lapices-publicitarios/,CURRENT_FORMAT,NO,PRODUCTO,Oficina y Escritura,Lápices y Bolígrafos,,keyword→objeto,HIGH,0,0,0.0,1
"""lápices baratos""",Concordancia de frase,Lapices,Habilitado,Limitado,https://regalospremium.cl/boligrafos-y-lapices-publicitarios/,https://regalospremium.cl/boligrafos-y-lapices-publicitarios/,CURRENT_FORMAT,NO,PRODUCTO,Oficina y Escritura,Lápices y Bolígrafos,,keyword→objeto,HIGH,0,0,0.0,1
"""lapices baratos""",Concordancia de frase,Lapices,Habilitado,Limitado,https://regalospremium.cl/boligrafos-y-lapices-publicitarios/,https://regalospremium.cl/boligrafos-y-lapices-publicitarios/,CURRENT_FORMAT,NO,PRODUCTO,Oficina y Escritura,Lápices y Bolígrafos,,keyword→objeto,HIGH,0,0,0.0,1
"""lapices carpintero personalizados""",Concordancia de frase,Lapices,Habilitado,Apto,,,EMPTY,NO,PRODUCTO,Oficina y Escritura,Lápices y Bolígrafos,,keyword→objeto,HIGH,0,0,0.0,1
"""lapices colores personalizados""",Concordancia de frase,Lapices,Habilitado,Limitado,https://regalospremium.cl/boligrafos-y-lapices-publicitarios/,https://regalospremium.cl/boligrafos-y-lapices-publicitarios/,CURRENT_FORMAT,NO,PRODUCTO,Oficina y Escritura,Lápices y Bolígrafos,,keyword→objeto,HIGH,0,0,0.0,1
"""lapices con logo empresa""",Concordancia de frase,Lapices,Habilitado,Limitado,https://regalospremium.cl/boligrafos-y-lapices-publicitarios/,https://regalospremium.cl/boligrafos-y-lapices-publicitarios/,CURRENT_FORMAT,NO,PRODUCTO,Oficina y Escritura,Lápices y Bolígrafos,,keyword→objeto,HIGH,0,0,0.0,1
"""lapices con logo precio""",Concordancia de frase,Lapices,Habilitado,Apto,https://regalospremium.cl/boligrafos-y-lapices-publicitarios/,https://regalospremium.cl/boligrafos-y-lapices-publicitarios/,CURRENT_FORMAT,NO,PRODUCTO,Oficina y Escritura,Lápices y Bolígrafos,,keyword→objeto,HIGH,0,0,0.0,1
"""lapices con logotipo""",Concordancia de frase,Lapices,Habilitado,Apto,https://regalospremium.cl/boligrafos-y-lapices-publicitarios/,https://regalospremium.cl/boligrafos-y-lapices-publicitarios/,CURRENT_FORMAT,NO,PRODUCTO,Oficina y Escritura,Lápices y Bolígrafos,,keyword→objeto,HIGH,0,0,0.0,1
"""lapices con marca de empresa""",Concordancia de frase,Lapices,Habilitado,No apto,https://regalospremium.cl/boligrafos-y-lapices-publicitarios/,https://regalospremium.cl/boligrafos-y-lapices-publicitarios/,CURRENT_FORMAT,NO,PRODUCTO,Oficina y Escritura,Lápices y Bolígrafos,,keyword→objeto,HIGH,0,0,0.0,1
"""lapices con nombre""",Concordancia de frase,Lapices,Habilitado,Limitado,https://regalospremium.cl/boligrafos-y-lapices-publicitarios/,https://regalospremium.cl/boligrafos-y-lapices-publicitarios/,CURRENT_FORMAT,NO,PRODUCTO,Oficina y Escritura,Lápices y Bolígrafos,,keyword→objeto,HIGH,0,0,0.0,1
"""lapices con nombre de madera""",Concordancia de frase,Lapices,Habilitado,Limitado,https://regalospremium.cl/boligrafos-y-lapices-publicitarios/,https://regalospremium.cl/boligrafos-y-lapices-publicitarios/,CURRENT_FORMAT,NO,PRODUCTO,Oficina y Escritura,Lápices y Bolígrafos,,keyword→objeto,HIGH,0,0,0.0,1
"""lápices con nombre en madera""",Concordancia de frase,Lapices,Habilitado,No apto,https://regalospremium.cl/boligrafos-y-lapices-publicitarios/,https://regalospremium.cl/boligrafos-y-lapices-publicitarios/,CURRENT_FORMAT,NO,PRODUCTO,Oficina y Escritura,Lápices y Bolígrafos,,keyword→objeto,HIGH,0,0,0.0,1
"""lapices corporativos""",Concordancia de frase,Lapices,Habilitado,Limitado,https://regalospremium.cl/boligrafos-y-lapices-publicitarios/,https://regalospremium.cl/boligrafos-y-lapices-publicitarios/,CURRENT_FORMAT,NO,PRODUCTO,Oficina y Escritura,Lápices y Bolígrafos,,keyword→objeto,HIGH,0,0,0.0,1
"""lapices corporativos precios""",Concordancia de frase,Lapices,Habilitado,Apto,https://regalospremium.cl/boligrafos-y-lapices-publicitarios/,https://regalospremium.cl/boligrafos-y-lapices-publicitarios/,CURRENT_FORMAT,NO,PRODUCTO,Oficina y Escritura,Lápices y Bolígrafos,,keyword→objeto,HIGH,0,0,0.0,1
"""lapices de colores ecologicos""",Concordancia de frase,Lapices,Habilitado,Limitado,https://regalospremium.cl/boligrafos-y-lapices-publicitarios/,https://regalospremium.cl/boligrafos-y-lapices-publicitarios/,CURRENT_FORMAT,NO,PRODUCTO,Oficina y Escritura,Lápices y Bolígrafos,,keyword→objeto,HIGH,0,0,0.0,1
"""lapices de colores personalizados""",Concordancia de frase,Lapices,Habilitado,Apto,https://regalospremium.cl/boligrafos-y-lapices-publicitarios/,https://regalospremium.cl/boligrafos-y-lapices-publicitarios/,CURRENT_FORMAT,NO,PRODUCTO,Oficina y Escritura,Lápices y Bolígrafos,,keyword→objeto,HIGH,0,0,0.0,1
"""lapices de madera con nombre""",Concordancia de frase,Lapices,Habilitado,Limitado,https://regalospremium.cl/boligrafos-y-lapices-publicitarios/,https://regalospremium.cl/boligrafos-y-lapices-publicitarios/,CURRENT_FORMAT,NO,PRODUCTO,Oficina y Escritura,Lápices y Bolígrafos,,keyword→objeto,HIGH,0,0,0.0,1
"""lápices de madera personalizados""",Concordancia de frase,Lapices,Habilitado,Limitado,https://regalospremium.cl/boligrafos-y-lapices-publicitarios/,https://regalospremium.cl/boligrafos-y-lapices-publicitarios/,CURRENT_FORMAT,NO,PRODUCTO,Oficina y Escritura,Lápices y Bolígrafos,,keyword→objeto,HIGH,0,0,0.0,1
"""lapices de memoria personalizados""",Concordancia de frase,Lapices,Habilitado,No apto,https://regalospremium.cl/boligrafos-y-lapices-publicitarios/,https://regalospremium.cl/boligrafos-y-lapices-publicitarios/,CURRENT_FORMAT,NO,PRODUCTO,Oficina y Escritura,Lápices y Bolígrafos,,keyword→objeto,HIGH,0,0,0.0,1
"""lapices ecologicos""",Concordancia de frase,Lapices,Habilitado,Limitado,https://regalospremium.cl/boligrafos-y-lapices-publicitarios/,https://regalospremium.cl/boligrafos-y-lapices-publicitarios/,CURRENT_FORMAT,NO,PRODUCTO,Oficina y Escritura,Lápices y Bolígrafos,,keyword→objeto,HIGH,0,0,0.0,1
"""lápices ecológicos""",Concordancia de frase,Lapices,Habilitado,Limitado,https://regalospremium.cl/boligrafos-y-lapices-publicitarios/,https://regalospremium.cl/boligrafos-y-lapices-publicitarios/,CURRENT_FORMAT,NO,PRODUCTO,Oficina y Escritura,Lápices y Bolígrafos,,keyword→objeto,HIGH,0,0,0.0,1
"""lapices ecologicos con logo""",Concordancia de frase,Lapices,Habilitado,Apto,https://regalospremium.cl/boligrafos-y-lapices-publicitarios/,https://regalospremium.cl/boligrafos-y-lapices-publicitarios/,CURRENT_FORMAT,NO,PRODUCTO,Oficina y Escritura,Lápices y Bolígrafos,,keyword→objeto,HIGH,0,0,0.0,1
"""lapices ecologicos por mayor""",Concordancia de frase,Lapices,Habilitado,Limitado,https://regalospremium.cl/boligrafos-y-lapices-publicitarios/,https://regalospremium.cl/boligrafos-y-lapices-publicitarios/,CURRENT_FORMAT,NO,PRODUCTO,Oficina y Escritura,Lápices y Bolígrafos,,keyword→objeto,HIGH,0,0,0.0,1
"""lapices gel""",Concordancia de frase,Lapices,Habilitado,Limitado,https://regalospremium.cl/boligrafos-y-lapices-publicitarios/,https://regalospremium.cl/boligrafos-y-lapices-publicitarios/,CURRENT_FORMAT,NO,PRODUCTO,Oficina y Escritura,Lápices y Bolígrafos,,keyword→objeto,HIGH,0,0,0.0,1
"""lapices grabados""",Concordancia de frase,Lapices,Habilitado,Limitado,https://regalospremium.cl/boligrafos-y-lapices-publicitarios/,https://regalospremium.cl/boligrafos-y-lapices-publicitarios/,CURRENT_FORMAT,NO,PRODUCTO,Oficina y Escritura,Lápices y Bolígrafos,,keyword→objeto,HIGH,0,0,0.0,1
"""lapices grabados por mayor""",Concordancia de frase,Lapices,Habilitado,Limitado,https://regalospremium.cl/boligrafos-y-lapices-publicitarios/,https://regalospremium.cl/boligrafos-y-lapices-publicitarios/,CURRENT_FORMAT,NO,PRODUCTO,Oficina y Escritura,Lápices y Bolígrafos,,keyword→objeto,HIGH,0,0,0.0,1
"""lapices impresos""",Concordancia de frase,Lapices,Habilitado,Limitado,https://regalospremium.cl/boligrafos-y-lapices-publicitarios/,https://regalospremium.cl/boligrafos-y-lapices-publicitarios/,CURRENT_FORMAT,NO,PRODUCTO,Oficina y Escritura,Lápices y Bolígrafos,,keyword→objeto,HIGH,0,0,0.0,1
"""lapices impresos personalizados""",Concordancia de frase,Lapices,Habilitado,Limitado,,,EMPTY,NO,PRODUCTO,Oficina y Escritura,Lápices y Bolígrafos,,keyword→objeto,HIGH,0,0,0.0,1
"""lapices institucionales""",Concordancia de frase,Lapices,Habilitado,Limitado,https://regalospremium.cl/boligrafos-y-lapices-publicitarios/,https://regalospremium.cl/boligrafos-y-lapices-publicitarios/,CURRENT_FORMAT,NO,PRODUCTO,Oficina y Escritura,Lápices y Bolígrafos,,keyword→objeto,HIGH,0,0,0.0,1
"""lapices madera""",Concordancia de frase,Lapices,Habilitado,Limitado,https://regalospremium.cl/boligrafos-y-lapices-publicitarios/,https://regalospremium.cl/boligrafos-y-lapices-publicitarios/,CURRENT_FORMAT,NO,PRODUCTO,Oficina y Escritura,Lápices y Bolígrafos,,keyword→objeto,HIGH,0,0,0.0,1
"""lapices madera con nombre""",Concordancia de frase,Lapices,Habilitado,Apto,https://regalospremium.cl/boligrafos-y-lapices-publicitarios/,https://regalospremium.cl/boligrafos-y-lapices-publicitarios/,CURRENT_FORMAT,NO,PRODUCTO,Oficina y Escritura,Lápices y Bolígrafos,,keyword→objeto,HIGH,0,0,0.0,1
"""lapices madera personalizados""",Concordancia de frase,Lapices,Habilitado,Limitado,,,EMPTY,NO,PRODUCTO,Oficina y Escritura,Lápices y Bolígrafos,,keyword→objeto,HIGH,0,0,0.0,1
"""lapices metalicos""",Concordancia de frase,Lapices,Habilitado,Limitado,https://regalospremium.cl/boligrafos-y-lapices-publicitarios/,https://regalospremium.cl/boligrafos-y-lapices-publicitarios/,CURRENT_FORMAT,NO,PRODUCTO,Oficina y Escritura,Lápices y Bolígrafos,,keyword→objeto,HIGH,0,0,0.0,1
"""lápices metálicos""",Concordancia de frase,Lapices,Habilitado,Limitado,https://regalospremium.cl/boligrafos-y-lapices-publicitarios/,https://regalospremium.cl/boligrafos-y-lapices-publicitarios/,CURRENT_FORMAT,NO,PRODUCTO,Oficina y Escritura,Lápices y Bolígrafos,,keyword→objeto,HIGH,0,0,0.0,1
"""lapices metalizados""",Concordancia de frase,Lapices,Habilitado,Limitado,https://regalospremium.cl/boligrafos-y-lapices-publicitarios/,https://regalospremium.cl/boligrafos-y-lapices-publicitarios/,CURRENT_FORMAT,NO,PRODUCTO,Oficina y Escritura,Lápices y Bolígrafos,,keyword→objeto,HIGH,0,0,0.0,1
"""lapices nombre madera""",Concordancia de frase,Lapices,Habilitado,No apto,https://regalospremium.cl/boligrafos-y-lapices-publicitarios/,https://regalospremium.cl/boligrafos-y-lapices-publicitarios/,CURRENT_FORMAT,NO,PRODUCTO,Oficina y Escritura,Lápices y Bolígrafos,,keyword→objeto,HIGH,0,0,0.0,1
"""lapices para empresas""",Concordancia de frase,Lapices,Habilitado,Limitado,https://regalospremium.cl/boligrafos-y-lapices-publicitarios/,https://regalospremium.cl/boligrafos-y-lapices-publicitarios/,CURRENT_FORMAT,NO,PRODUCTO,Oficina y Escritura,Lápices y Bolígrafos,,keyword→objeto,HIGH,0,0,0.0,1
"""lapices para escribir nombres""",Concordancia de frase,Lapices,Habilitado,Limitado,,,EMPTY,NO,PRODUCTO,Oficina y Escritura,Lápices y Bolígrafos,,keyword→objeto,HIGH,0,0,0.0,1
"""lapices para personalizar""",Concordancia de frase,Lapices,Habilitado,Limitado,https://regalospremium.cl/boligrafos-y-lapices-publicitarios/,https://regalospremium.cl/boligrafos-y-lapices-publicitarios/,CURRENT_FORMAT,NO,PRODUCTO,Oficina y Escritura,Lápices y Bolígrafos,,keyword→objeto,HIGH,0,0,0.0,1
"""lapices para publicidad""",Concordancia de frase,Lapices,Habilitado,Limitado,https://regalospremium.cl/boligrafos-y-lapices-publicitarios/,https://regalospremium.cl/boligrafos-y-lapices-publicitarios/,CURRENT_FORMAT,NO,PRODUCTO,Oficina y Escritura,Lápices y Bolígrafos,,keyword→objeto,HIGH,0,0,0.0,1
"""lapices para regalo""",Concordancia de frase,Lapices,Habilitado,Limitado,https://regalospremium.cl/boligrafos-y-lapices-publicitarios/,https://regalospremium.cl/boligrafos-y-lapices-publicitarios/,CURRENT_FORMAT,NO,PRODUCTO,Oficina y Escritura,Lápices y Bolígrafos,,keyword→objeto,HIGH,0,0,0.0,1
"""lapices personalizables""",Concordancia de frase,Lapices,Habilitado,Limitado,https://regalospremium.cl/boligrafos-y-lapices-publicitarios/,https://regalospremium.cl/boligrafos-y-lapices-publicitarios/,CURRENT_FORMAT,NO,PRODUCTO,Oficina y Escritura,Lápices y Bolígrafos,,keyword→objeto,HIGH,0,0,0.0,1
"""lápices personalizados baratos""",Concordancia de frase,Lapices,Habilitado,Limitado,,,EMPTY,NO,PRODUCTO,Oficina y Escritura,Lápices y Bolígrafos,,keyword→objeto,HIGH,0,0,0.0,1
"""lapices personalizados con el nombre""",Concordancia de frase,Lapices,Habilitado,Apto,,,EMPTY,NO,PRODUCTO,Oficina y Escritura,Lápices y Bolígrafos,,keyword→objeto,HIGH,0,0,0.0,1
"""lapices personalizados con nombre""",Concordancia de frase,Lapices,Habilitado,Limitado,https://regalospremium.cl/boligrafos-y-lapices-publicitarios/,https://regalospremium.cl/boligrafos-y-lapices-publicitarios/,CURRENT_FORMAT,NO,PRODUCTO,Oficina y Escritura,Lápices y Bolígrafos,,keyword→objeto,HIGH,0,0,0.0,1
"""lápices personalizados con nombre""",Concordancia de frase,Lapices,Habilitado,Limitado,,,EMPTY,NO,PRODUCTO,Oficina y Escritura,Lápices y Bolígrafos,,keyword→objeto,HIGH,0,0,0.0,1
"""lápices personalizados nombre""",Concordancia de frase,Lapices,Habilitado,Limitado,https://regalospremium.cl/boligrafos-y-lapices-publicitarios/,https://regalospremium.cl/boligrafos-y-lapices-publicitarios/,CURRENT_FORMAT,NO,PRODUCTO,Oficina y Escritura,Lápices y Bolígrafos,,keyword→objeto,HIGH,0,0,0.0,1
"""lápices personalizados para empresas""",Concordancia de frase,Lapices,Habilitado,Apto,,,EMPTY,NO,PRODUCTO,Oficina y Escritura,Lápices y Bolígrafos,,keyword→objeto,HIGH,0,0,0.0,1
"""lapices personalizados para empresas""",Concordancia de frase,Lapices,Habilitado,Limitado,,,EMPTY,NO,PRODUCTO,Oficina y Escritura,Lápices y Bolígrafos,,keyword→objeto,HIGH,0,0,0.0,1
"""lápices personalizados para regalo""",Concordancia de frase,Lapices,Habilitado,Limitado,https://regalospremium.cl/boligrafos-y-lapices-publicitarios/,https://regalospremium.cl/boligrafos-y-lapices-publicitarios/,CURRENT_FORMAT,NO,PRODUCTO,Oficina y Escritura,Lápices y Bolígrafos,,keyword→objeto,HIGH,0,0,0.0,1
"""lapices personalizados para souvenir""",Concordancia de frase,Lapices,Habilitado,Limitado,https://regalospremium.cl/boligrafos-y-lapices-publicitarios/,https://regalospremium.cl/boligrafos-y-lapices-publicitarios/,CURRENT_FORMAT,NO,PRODUCTO,Oficina y Escritura,Lápices y Bolígrafos,,keyword→objeto,HIGH,0,0,0.0,1
"""lápices plantables personalizados""",Concordancia de frase,Lapices,Habilitado,Limitado,,,EMPTY,NO,PRODUCTO,Oficina y Escritura,Lápices y Bolígrafos,,keyword→objeto,HIGH,0,0,0.0,1
"""lápices plásticos""",Concordancia de frase,Lapices,Habilitado,No apto,,,EMPTY,NO,PRODUCTO,Oficina y Escritura,Lápices y Bolígrafos,,keyword→objeto,HIGH,0,0,0.0,1
"""lápices promocionales""",Concordancia de frase,Lapices,Habilitado,Apto,https://regalospremium.cl/boligrafos-y-lapices-publicitarios/,https://regalospremium.cl/boligrafos-y-lapices-publicitarios/,CURRENT_FORMAT,NO,PRODUCTO,Oficina y Escritura,Lápices y Bolígrafos,,keyword→objeto,HIGH,0,0,0.0,1
"""lapices promocionales""",Concordancia de frase,Lapices,Habilitado,Limitado,https://regalospremium.cl/boligrafos-y-lapices-publicitarios/,https://regalospremium.cl/boligrafos-y-lapices-publicitarios/,CURRENT_FORMAT,NO,PRODUCTO,Oficina y Escritura,Lápices y Bolígrafos,,keyword→objeto,HIGH,0,0,0.0,1
"""lapices promocionales baratos""",Concordancia de frase,Lapices,Habilitado,No apto,https://regalospremium.cl/boligrafos-y-lapices-publicitarios/,https://regalospremium.cl/boligrafos-y-lapices-publicitarios/,CURRENT_FORMAT,NO,PRODUCTO,Oficina y Escritura,Lápices y Bolígrafos,,keyword→objeto,HIGH,0,0,0.0,1
"""lapices publicitarios baratos""",Concordancia de frase,Lapices,Habilitado,Apto,https://regalospremium.cl/boligrafos-y-lapices-publicitarios/,https://regalospremium.cl/boligrafos-y-lapices-publicitarios/,CURRENT_FORMAT,NO,PRODUCTO,Oficina y Escritura,Lápices y Bolígrafos,,keyword→objeto,HIGH,0,0,0.0,1
"""lapices publicitarios ecologicos""",Concordancia de frase,Lapices,Habilitado,Apto,https://regalospremium.cl/lapices-ecologicos/,https://regalospremium.cl/lapices-ecologicos/,CURRENT_FORMAT,NO,PRODUCTO,Oficina y Escritura,Lápices y Bolígrafos,,keyword→objeto,HIGH,0,0,0.0,1
"""lapices publicitarios economicos""",Concordancia de frase,Lapices,Habilitado,Apto,https://regalospremium.cl/boligrafos-y-lapices-publicitarios/,https://regalospremium.cl/boligrafos-y-lapices-publicitarios/,CURRENT_FORMAT,NO,PRODUCTO,Oficina y Escritura,Lápices y Bolígrafos,,keyword→objeto,HIGH,0,0,0.0,1
"""lapices serigrafiados""",Concordancia de frase,Lapices,Habilitado,Limitado,https://regalospremium.cl/boligrafos-y-lapices-publicitarios/,https://regalospremium.cl/boligrafos-y-lapices-publicitarios/,CURRENT_FORMAT,NO,PRODUCTO,Oficina y Escritura,Lápices y Bolígrafos,,keyword→objeto,HIGH,0,0,0.0,1
"""lapices sustentables""",Concordancia de frase,Lapices,Habilitado,Limitado,https://regalospremium.cl/boligrafos-y-lapices-publicitarios/,https://regalospremium.cl/boligrafos-y-lapices-publicitarios/,CURRENT_FORMAT,NO,PRODUCTO,Oficina y Escritura,Lápices y Bolígrafos,,keyword→objeto,HIGH,0,0,0.0,1
"""lápices touch screen""",Concordancia de frase,Lapices,Habilitado,Apto,https://regalospremium.cl/boligrafos-y-lapices-publicitarios/,https://regalospremium.cl/boligrafos-y-lapices-publicitarios/,CURRENT_FORMAT,NO,PRODUCTO,Oficina y Escritura,Lápices y Bolígrafos,,keyword→objeto,HIGH,0,0,0.0,1
"""lápices y bolígrafos""",Concordancia de frase,Lapices,Habilitado,Limitado,https://regalospremium.cl/boligrafos-y-lapices-publicitarios/,https://regalospremium.cl/boligrafos-y-lapices-publicitarios/,CURRENT_FORMAT,NO,PRODUCTO,Oficina y Escritura,Lápices y Bolígrafos,,keyword→objeto,HIGH,0,0,0.0,1
"""lapiz bamboo""",Concordancia de frase,Lapices,Habilitado,Limitado,https://regalospremium.cl/boligrafos-y-lapices-publicitarios/,https://regalospremium.cl/boligrafos-y-lapices-publicitarios/,CURRENT_FORMAT,NO,PRODUCTO,Oficina y Escritura,Lápices y Bolígrafos,,keyword→objeto,HIGH,0,0,0.0,1
"""lapiz bamboo ipad""",Concordancia de frase,Lapices,Habilitado,Limitado,https://regalospremium.cl/boligrafos-y-lapices-publicitarios/,https://regalospremium.cl/boligrafos-y-lapices-publicitarios/,CURRENT_FORMAT,NO,PRODUCTO,Oficina y Escritura,Lápices y Bolígrafos,,keyword→objeto,HIGH,0,0,0.0,1
"""lapiz con grabado""",Concordancia de frase,Lapices,Habilitado,Limitado,,,EMPTY,NO,PRODUCTO,Oficina y Escritura,Lápices y Bolígrafos,,keyword→objeto,HIGH,0,0,0.0,1
"""lapiz con logo""",Concordancia de frase,Lapices,Habilitado,Limitado,https://regalospremium.cl/boligrafos-y-lapices-publicitarios/,https://regalospremium.cl/boligrafos-y-lapices-publicitarios/,CURRENT_FORMAT,NO,PRODUCTO,Oficina y Escritura,Lápices y Bolígrafos,,keyword→objeto,HIGH,0,0,0.0,1
"""lapiz con nombre de madera""",Concordancia de frase,Lapices,Habilitado,Apto,https://regalospremium.cl/boligrafos-y-lapices-publicitarios/,https://regalospremium.cl/boligrafos-y-lapices-publicitarios/,CURRENT_FORMAT,NO,PRODUCTO,Oficina y Escritura,Lápices y Bolígrafos,,keyword→objeto,HIGH,0,0,0.0,1
"""lapiz con nombre madera""",Concordancia de frase,Lapices,Habilitado,Limitado,https://regalospremium.cl/boligrafos-y-lapices-publicitarios/,https://regalospremium.cl/boligrafos-y-lapices-publicitarios/,CURRENT_FORMAT,NO,PRODUCTO,Oficina y Escritura,Lápices y Bolígrafos,,keyword→objeto,HIGH,0,0,0.0,1
"""lapiz con nombre personalizado""",Concordancia de frase,Lapices,Habilitado,Limitado,https://regalospremium.cl/boligrafos-y-lapices-publicitarios/,https://regalospremium.cl/boligrafos-y-lapices-publicitarios/,CURRENT_FORMAT,NO,PRODUCTO,Oficina y Escritura,Lápices y Bolígrafos,,keyword→objeto,HIGH,0,0,0.0,1
"""lápiz corporativo""",Concordancia de frase,Lapices,Habilitado,Apto,,,EMPTY,NO,PRODUCTO,Oficina y Escritura,Lápices y Bolígrafos,,keyword→objeto,HIGH,0,0,0.0,1
"""lapiz corporativo""",Concordancia de frase,Lapices,Habilitado,Limitado,https://regalospremium.cl/boligrafos-y-lapices-publicitarios/,https://regalospremium.cl/boligrafos-y-lapices-publicitarios/,CURRENT_FORMAT,NO,PRODUCTO,Oficina y Escritura,Lápices y Bolígrafos,,keyword→objeto,HIGH,0,0,0.0,1
"""lapiz de bambu""",Concordancia de frase,Lapices,Habilitado,Limitado,https://regalospremium.cl/boligrafos-y-lapices-publicitarios/,https://regalospremium.cl/boligrafos-y-lapices-publicitarios/,CURRENT_FORMAT,NO,PRODUCTO,Oficina y Escritura,Lápices y Bolígrafos,,keyword→objeto,HIGH,0,0,0.0,1
"""lapiz de grabado""",Concordancia de frase,Lapices,Habilitado,Limitado,,,EMPTY,NO,PRODUCTO,Oficina y Escritura,Lápices y Bolígrafos,,keyword→objeto,HIGH,0,0,0.0,1
"""lapiz de madera con nombre""",Concordancia de frase,Lapices,Habilitado,Limitado,https://regalospremium.cl/boligrafos-y-lapices-publicitarios/,https://regalospremium.cl/boligrafos-y-lapices-publicitarios/,CURRENT_FORMAT,NO,PRODUCTO,Oficina y Escritura,Lápices y Bolígrafos,,keyword→objeto,HIGH,0,0,0.0,1
"""lapiz de madera personalizado""",Concordancia de frase,Lapices,Habilitado,Limitado,https://regalospremium.cl/boligrafos-y-lapices-publicitarios/,https://regalospremium.cl/boligrafos-y-lapices-publicitarios/,CURRENT_FORMAT,NO,PRODUCTO,Oficina y Escritura,Lápices y Bolígrafos,,keyword→objeto,HIGH,0,0,0.0,1
"""lapiz ecologico personalizado""",Concordancia de frase,Lapices,Habilitado,Limitado,,,EMPTY,NO,PRODUCTO,Oficina y Escritura,Lápices y Bolígrafos,,keyword→objeto,HIGH,0,0,0.0,1
"""lapiz ejecutivo""",Concordancia de frase,Lapices,Habilitado,Limitado,,,EMPTY,NO,PRODUCTO,Oficina y Escritura,Lápices y Bolígrafos,,keyword→objeto,HIGH,0,0,0.0,1
"""lapiz grabado con nombre""",Concordancia de frase,Lapices,Habilitado,Limitado,,,EMPTY,NO,PRODUCTO,Oficina y Escritura,Lápices y Bolígrafos,,keyword→objeto,HIGH,0,0,0.0,1
"""lapiz grabado laser""",Concordancia de frase,Lapices,Habilitado,Limitado,,,EMPTY,NO,PRODUCTO,Oficina y Escritura,Lápices y Bolígrafos,,keyword→objeto,HIGH,0,0,0.0,1
"""lapiz grabado por mayor""",Concordancia de frase,Lapices,Habilitado,No apto,https://regalospremium.cl/boligrafos-y-lapices-publicitarios/,https://regalospremium.cl/boligrafos-y-lapices-publicitarios/,CURRENT_FORMAT,NO,PRODUCTO,Oficina y Escritura,Lápices y Bolígrafos,,keyword→objeto,HIGH,0,0,0.0,1
"""lapiz impreso""",Concordancia de frase,Lapices,Habilitado,Limitado,https://regalospremium.cl/boligrafos-y-lapices-publicitarios/,https://regalospremium.cl/boligrafos-y-lapices-publicitarios/,CURRENT_FORMAT,NO,PRODUCTO,Oficina y Escritura,Lápices y Bolígrafos,,keyword→objeto,HIGH,0,0,0.0,1
"""lapiz logo""",Concordancia de frase,Lapices,Habilitado,Limitado,https://regalospremium.cl/boligrafos-y-lapices-publicitarios/,https://regalospremium.cl/boligrafos-y-lapices-publicitarios/,CURRENT_FORMAT,NO,PRODUCTO,Oficina y Escritura,Lápices y Bolígrafos,,keyword→objeto,HIGH,0,0,0.0,1
"""lapiz madera con nombre""",Concordancia de frase,Lapices,Habilitado,Limitado,https://regalospremium.cl/boligrafos-y-lapices-publicitarios/,https://regalospremium.cl/boligrafos-y-lapices-publicitarios/,CURRENT_FORMAT,NO,PRODUCTO,Oficina y Escritura,Lápices y Bolígrafos,,keyword→objeto,HIGH,0,0,0.0,1
"""lapiz madera nombre""",Concordancia de frase,Lapices,Habilitado,Apto,https://regalospremium.cl/boligrafos-y-lapices-publicitarios/,https://regalospremium.cl/boligrafos-y-lapices-publicitarios/,CURRENT_FORMAT,NO,PRODUCTO,Oficina y Escritura,Lápices y Bolígrafos,,keyword→objeto,HIGH,0,0,0.0,1
"""lapiz madera personalizado""",Concordancia de frase,Lapices,Habilitado,Limitado,https://regalospremium.cl/boligrafos-y-lapices-publicitarios/,https://regalospremium.cl/boligrafos-y-lapices-publicitarios/,CURRENT_FORMAT,NO,PRODUCTO,Oficina y Escritura,Lápices y Bolígrafos,,keyword→objeto,HIGH,0,0,0.0,1
"""lápiz metálico""",Concordancia de frase,Lapices,Habilitado,Limitado,,,EMPTY,NO,PRODUCTO,Oficina y Escritura,Lápices y Bolígrafos,,keyword→objeto,HIGH,0,0,0.0,1
"""lapiz nombre""",Concordancia de frase,Lapices,Habilitado,Limitado,,,EMPTY,NO,PRODUCTO,Oficina y Escritura,Lápices y Bolígrafos,,keyword→objeto,HIGH,0,0,0.0,1
"""lapiz nombre madera""",Concordancia de frase,Lapices,Habilitado,Limitado,https://regalospremium.cl/boligrafos-y-lapices-publicitarios/,https://regalospremium.cl/boligrafos-y-lapices-publicitarios/,CURRENT_FORMAT,NO,PRODUCTO,Oficina y Escritura,Lápices y Bolígrafos,,keyword→objeto,HIGH,0,0,0.0,1
"""lapiz para grabar madera""",Concordancia de frase,Lapices,Habilitado,Limitado,https://regalospremium.cl/boligrafos-y-lapices-publicitarios/,https://regalospremium.cl/boligrafos-y-lapices-publicitarios/,CURRENT_FORMAT,NO,PRODUCTO,Oficina y Escritura,Lápices y Bolígrafos,,keyword→objeto,HIGH,0,0,0.0,1
"""lapiz para personalizar""",Concordancia de frase,Lapices,Habilitado,Limitado,,,EMPTY,NO,PRODUCTO,Oficina y Escritura,Lápices y Bolígrafos,,keyword→objeto,HIGH,0,0,0.0,1
"""lapiz parker personalizado""",Concordancia de frase,Lapices,Habilitado,Limitado,,,EMPTY,NO,PRODUCTO,Oficina y Escritura,Lápices y Bolígrafos,,keyword→objeto,HIGH,0,0,0.0,1
"""lapiz pendrive""",Concordancia de frase,Lapices,Habilitado,Limitado,https://regalospremium.cl/boligrafos-y-lapices-publicitarios/,https://regalospremium.cl/boligrafos-y-lapices-publicitarios/,CURRENT_FORMAT,NO,PRODUCTO,Tecnología,Pendrives,,keyword→objeto,HIGH,0,0,0.0,1
"""lápiz personalizado con tu nombre""",Concordancia de frase,Lapices,Habilitado,Limitado,https://regalospremium.cl/boligrafos-y-lapices-publicitarios/,https://regalospremium.cl/boligrafos-y-lapices-publicitarios/,CURRENT_FORMAT,NO,PRODUCTO,Oficina y Escritura,Lápices y Bolígrafos,,keyword→objeto,HIGH,0,0,0.0,1
"""lapiz personalizado madera""",Concordancia de frase,Lapices,Habilitado,Apto,https://regalospremium.cl/boligrafos-y-lapices-publicitarios/,https://regalospremium.cl/boligrafos-y-lapices-publicitarios/,CURRENT_FORMAT,NO,PRODUCTO,Oficina y Escritura,Lápices y Bolígrafos,,keyword→objeto,HIGH,0,0,0.0,1
"""lápiz personalizado nombre""",Concordancia de frase,Lapices,Habilitado,Limitado,,,EMPTY,NO,PRODUCTO,Oficina y Escritura,Lápices y Bolígrafos,,keyword→objeto,HIGH,0,0,0.0,1
"""lápiz personalizado regalo""",Concordancia de frase,Lapices,Habilitado,Limitado,,,EMPTY,NO,PRODUCTO,Oficina y Escritura,Lápices y Bolígrafos,,keyword→objeto,HIGH,0,0,0.0,1
"""lapiz plantable por mayor""",Concordancia de frase,Lapices,Habilitado,Limitado,https://regalospremium.cl/boligrafos-y-lapices-publicitarios/,https://regalospremium.cl/boligrafos-y-lapices-publicitarios/,CURRENT_FORMAT,NO,PRODUCTO,Oficina y Escritura,Lápices y Bolígrafos,,keyword→objeto,HIGH,0,0,0.0,1
"""lapiz publicitario""",Concordancia de frase,Lapices,Habilitado,Limitado,https://regalospremium.cl/boligrafos-y-lapices-publicitarios/,https://regalospremium.cl/boligrafos-y-lapices-publicitarios/,CURRENT_FORMAT,NO,PRODUCTO,Oficina y Escritura,Lápices y Bolígrafos,,keyword→objeto,HIGH,0,0,0.0,1
"""publicidad de lapiceros""",Concordancia de frase,Lapices,Habilitado,Limitado,https://regalospremium.cl/boligrafos-y-lapices-publicitarios/,https://regalospremium.cl/boligrafos-y-lapices-publicitarios/,CURRENT_FORMAT,NO,PRODUCTO,Oficina y Escritura,Lápices y Bolígrafos,,fallback grupo histórico,MEDIUM,0,0,0.0,1
"""publicidad en lapiceros""",Concordancia de frase,Lapices,Habilitado,Limitado,https://regalospremium.cl/boligrafos-y-lapices-publicitarios/,https://regalospremium.cl/boligrafos-y-lapices-publicitarios/,CURRENT_FORMAT,NO,PRODUCTO,Oficina y Escritura,Lápices y Bolígrafos,,fallback grupo histórico,MEDIUM,0,0,0.0,1
"""venta de lapices""",Concordancia de frase,Lapices,Habilitado,Limitado,https://regalospremium.cl/boligrafos-y-lapices-publicitarios/,https://regalospremium.cl/boligrafos-y-lapices-publicitarios/,CURRENT_FORMAT,NO,PRODUCTO,Oficina y Escritura,Lápices y Bolígrafos,,keyword→objeto,HIGH,0,0,0.0,1
"""venta de lapices publicitarios""",Concordancia de frase,Lapices,Habilitado,Apto,https://regalospremium.cl/boligrafos-y-lapices-publicitarios/,https://regalospremium.cl/boligrafos-y-lapices-publicitarios/,CURRENT_FORMAT,NO,PRODUCTO,Oficina y Escritura,Lápices y Bolígrafos,,keyword→objeto,HIGH,0,0,0.0,1
"""venta lapices""",Concordancia de frase,Lapices,Habilitado,Limitado,https://regalospremium.cl/boligrafos-y-lapices-publicitarios/,https://regalospremium.cl/boligrafos-y-lapices-publicitarios/,CURRENT_FORMAT,NO,PRODUCTO,Oficina y Escritura,Lápices y Bolígrafos,,keyword→objeto,HIGH,0,0,0.0,1
"""abridores personalizados""",Concordancia de frase,Llaveros,Habilitado,Apto,https://regalospremium.cl/cotizar-llaveros-promocionales/,https://regalospremium.cl/cotizar-llaveros-promocionales/,CURRENT_FORMAT,NO,PRODUCTO,Promocionales,Llaveros,,fallback grupo histórico,MEDIUM,0,0,0.0,1
"""boligrafos grabados""",Concordancia de frase,Llaveros,Habilitado,Apto,https://regalospremium.cl/cotizar-llaveros-promocionales/,https://regalospremium.cl/cotizar-llaveros-promocionales/,CURRENT_FORMAT,NO,PRODUCTO,Oficina y Escritura,Lápices y Bolígrafos,,keyword→objeto,HIGH,0,0,0.0,1
"""boligrafos regalos de empresa""",Concordancia de frase,Llaveros,Habilitado,Apto,https://regalospremium.cl/cotizar-llaveros-promocionales/,https://regalospremium.cl/cotizar-llaveros-promocionales/,CURRENT_FORMAT,NO,PRODUCTO,Oficina y Escritura,Lápices y Bolígrafos,,keyword→objeto,HIGH,0,0,0.0,1
"""colgantes llaveros""",Concordancia de frase,Llaveros,Habilitado,Apto,,,EMPTY,NO,PRODUCTO,Promocionales,Llaveros,,keyword→objeto,HIGH,0,0,0.0,1
"""comprar llaveros al por mayor""",Concordancia de frase,Llaveros,Habilitado,Apto,https://regalospremium.cl/cotizar-llaveros-promocionales/,https://regalospremium.cl/cotizar-llaveros-promocionales/,CURRENT_FORMAT,NO,PRODUCTO,Promocionales,Llaveros,,keyword→objeto,HIGH,0,0,0.0,1
"""destapador llavero""",Concordancia de frase,Llaveros,Habilitado,Apto,https://regalospremium.cl/cotizar-llaveros-promocionales/,https://regalospremium.cl/cotizar-llaveros-promocionales/,CURRENT_FORMAT,NO,PRODUCTO,Promocionales,Llaveros,,keyword→objeto,HIGH,0,0,0.0,1
"""destapadores de cerveza personalizados""",Concordancia de frase,Llaveros,Habilitado,Apto,https://regalospremium.cl/cotizar-llaveros-promocionales/,https://regalospremium.cl/cotizar-llaveros-promocionales/,CURRENT_FORMAT,NO,PRODUCTO,Promocionales,Llaveros,,fallback grupo histórico,MEDIUM,0,0,0.0,1
"""destapadores personalizados""",Concordancia de frase,Llaveros,Habilitado,Apto,https://regalospremium.cl/cotizar-llaveros-promocionales/,https://regalospremium.cl/cotizar-llaveros-promocionales/,CURRENT_FORMAT,NO,PRODUCTO,Promocionales,Llaveros,,fallback grupo histórico,MEDIUM,0,0,0.0,1
"""donde hacen llaveros""",Concordancia de frase,Llaveros,Habilitado,Apto,https://regalospremium.cl/cotizar-llaveros-promocionales/,https://regalospremium.cl/cotizar-llaveros-promocionales/,CURRENT_FORMAT,NO,PRODUCTO,Promocionales,Llaveros,,keyword→objeto,HIGH,0,0,0.0,1
"""fabricantes+de+llaveros""",Concordancia de frase,Llaveros,Habilitado,Apto,https://regalospremium.cl/cotizar-llaveros-promocionales/,https://regalospremium.cl/cotizar-llaveros-promocionales/,CURRENT_FORMAT,NO,PRODUCTO,Promocionales,Llaveros,,keyword→objeto,HIGH,0,0,0.0,1
"""Llavero abridor""",Concordancia de frase,Llaveros,Habilitado,Apto,https://regalospremium.cl/cotizar-llaveros-promocionales/,https://regalospremium.cl/cotizar-llaveros-promocionales/,CURRENT_FORMAT,NO,PRODUCTO,Promocionales,Llaveros,,keyword→objeto,HIGH,0,0,0.0,1
"""llavero con foto""",Concordancia de frase,Llaveros,Habilitado,Apto,https://regalospremium.cl/cotizar-llaveros-promocionales/,https://regalospremium.cl/cotizar-llaveros-promocionales/,CURRENT_FORMAT,NO,PRODUCTO,Promocionales,Llaveros,,keyword→objeto,HIGH,0,0,0.0,1
"""llavero con luz""",Concordancia de frase,Llaveros,Habilitado,Apto,https://regalospremium.cl/cotizar-llaveros-promocionales/,https://regalospremium.cl/cotizar-llaveros-promocionales/,CURRENT_FORMAT,NO,PRODUCTO,Promocionales,Llaveros,,keyword→objeto,HIGH,0,0,0.0,1
"""llavero corporativo""",Concordancia de frase,Llaveros,Habilitado,Apto,https://regalospremium.cl/cotizar-llaveros-promocionales/,https://regalospremium.cl/cotizar-llaveros-promocionales/,CURRENT_FORMAT,NO,PRODUCTO,Promocionales,Llaveros,,keyword→objeto,HIGH,0,0,0.0,1
"""llavero cuero""",Concordancia de frase,Llaveros,Habilitado,Apto,https://regalospremium.cl/cotizar-llaveros-promocionales/,https://regalospremium.cl/cotizar-llaveros-promocionales/,CURRENT_FORMAT,NO,PRODUCTO,Promocionales,Llaveros,,keyword→objeto,HIGH,0,0,0.0,1
"""llavero de cuero""",Concordancia de frase,Llaveros,Habilitado,Apto,https://regalospremium.cl/cotizar-llaveros-promocionales/,https://regalospremium.cl/cotizar-llaveros-promocionales/,CURRENT_FORMAT,NO,PRODUCTO,Promocionales,Llaveros,,keyword→objeto,HIGH,0,0,0.0,1
"""llavero de destapador""",Concordancia de frase,Llaveros,Habilitado,Apto,https://regalospremium.cl/cotizar-llaveros-promocionales/,https://regalospremium.cl/cotizar-llaveros-promocionales/,CURRENT_FORMAT,NO,PRODUCTO,Promocionales,Llaveros,,keyword→objeto,HIGH,0,0,0.0,1
"""llavero de madera grabado""",Concordancia de frase,Llaveros,Habilitado,Apto,https://regalospremium.cl/cotizar-llaveros-promocionales/,https://regalospremium.cl/cotizar-llaveros-promocionales/,CURRENT_FORMAT,NO,PRODUCTO,Promocionales,Llaveros,,keyword→objeto,HIGH,0,0,0.0,1
"""llavero de metal""",Concordancia de frase,Llaveros,Habilitado,Apto,https://regalospremium.cl/cotizar-llaveros-promocionales/,https://regalospremium.cl/cotizar-llaveros-promocionales/,CURRENT_FORMAT,NO,PRODUCTO,Promocionales,Llaveros,,keyword→objeto,HIGH,0,0,0.0,1
"""llavero destapador de botellas""",Concordancia de frase,Llaveros,Habilitado,Apto,https://regalospremium.cl/cotizar-llaveros-promocionales/,https://regalospremium.cl/cotizar-llaveros-promocionales/,CURRENT_FORMAT,NO,PRODUCTO,Hogar y Bebidas,Botellas,,keyword→objeto,HIGH,0,0,0.0,1
"""llavero destapador metalico""",Concordancia de frase,Llaveros,Habilitado,Apto,https://regalospremium.cl/cotizar-llaveros-promocionales/,https://regalospremium.cl/cotizar-llaveros-promocionales/,CURRENT_FORMAT,NO,PRODUCTO,Promocionales,Llaveros,,keyword→objeto,HIGH,0,0,0.0,1
"""llavero destapador personalizado""",Concordancia de frase,Llaveros,Habilitado,Apto,https://regalospremium.cl/cotizar-llaveros-promocionales/,https://regalospremium.cl/cotizar-llaveros-promocionales/,CURRENT_FORMAT,NO,PRODUCTO,Promocionales,Llaveros,,keyword→objeto,HIGH,0,0,0.0,1
"""llavero destapador publicitario""",Concordancia de frase,Llaveros,Habilitado,Apto,https://regalospremium.cl/cotizar-llaveros-promocionales/,https://regalospremium.cl/cotizar-llaveros-promocionales/,CURRENT_FORMAT,NO,PRODUCTO,Promocionales,Llaveros,,keyword→objeto,HIGH,0,0,0.0,1
"""llavero goma""",Concordancia de frase,Llaveros,Habilitado,Apto,https://regalospremium.cl/cotizar-llaveros-promocionales/,https://regalospremium.cl/cotizar-llaveros-promocionales/,CURRENT_FORMAT,NO,PRODUCTO,Promocionales,Llaveros,,keyword→objeto,HIGH,0,0,0.0,1
"""llavero grabado""",Concordancia de frase,Llaveros,Habilitado,Apto,https://regalospremium.cl/cotizar-llaveros-promocionales/,https://regalospremium.cl/cotizar-llaveros-promocionales/,CURRENT_FORMAT,NO,PRODUCTO,Promocionales,Llaveros,,keyword→objeto,HIGH,0,0,0.0,1
"""llavero lanyard""",Concordancia de frase,Llaveros,Habilitado,Apto,https://regalospremium.cl/cotizar-llaveros-promocionales/,https://regalospremium.cl/cotizar-llaveros-promocionales/,CURRENT_FORMAT,NO,PRODUCTO,Promocionales,Llaveros,,keyword→objeto,HIGH,0,0,0.0,1
"""llavero led""",Concordancia de frase,Llaveros,Habilitado,Apto,https://regalospremium.cl/cotizar-llaveros-promocionales/,https://regalospremium.cl/cotizar-llaveros-promocionales/,CURRENT_FORMAT,NO,PRODUCTO,Promocionales,Llaveros,,keyword→objeto,HIGH,0,0,0.0,1
"""llavero linterna""",Concordancia de frase,Llaveros,Habilitado,Apto,https://regalospremium.cl/cotizar-llaveros-promocionales/,https://regalospremium.cl/cotizar-llaveros-promocionales/,CURRENT_FORMAT,NO,PRODUCTO,Tecnología,Linternas,,keyword→objeto,HIGH,0,0,0.0,1
"""llavero linterna led""",Concordancia de frase,Llaveros,Habilitado,Apto,https://regalospremium.cl/cotizar-llaveros-promocionales/,https://regalospremium.cl/cotizar-llaveros-promocionales/,CURRENT_FORMAT,NO,PRODUCTO,Tecnología,Linternas,,keyword→objeto,HIGH,0,0,0.0,1
"""llavero luz led""",Concordancia de frase,Llaveros,Habilitado,Apto,https://regalospremium.cl/cotizar-llaveros-promocionales/,https://regalospremium.cl/cotizar-llaveros-promocionales/,CURRENT_FORMAT,NO,PRODUCTO,Promocionales,Llaveros,,keyword→objeto,HIGH,0,0,0.0,1
"""llavero madera""",Concordancia de frase,Llaveros,Habilitado,Apto,https://regalospremium.cl/cotizar-llaveros-promocionales/,https://regalospremium.cl/cotizar-llaveros-promocionales/,CURRENT_FORMAT,NO,PRODUCTO,Promocionales,Llaveros,,keyword→objeto,HIGH,0,0,0.0,1
"""llavero metal""",Concordancia de frase,Llaveros,Habilitado,Apto,https://regalospremium.cl/cotizar-llaveros-promocionales/,https://regalospremium.cl/cotizar-llaveros-promocionales/,CURRENT_FORMAT,NO,PRODUCTO,Promocionales,Llaveros,,keyword→objeto,HIGH,0,0,0.0,1
"""llavero metalico""",Concordancia de frase,Llaveros,Habilitado,Apto,https://regalospremium.cl/cotizar-llaveros-promocionales/,https://regalospremium.cl/cotizar-llaveros-promocionales/,CURRENT_FORMAT,NO,PRODUCTO,Promocionales,Llaveros,,keyword→objeto,HIGH,0,0,0.0,1
"""llavero metálico publicitario Santiago""",Concordancia de frase,Llaveros,Habilitado,No apto,https://regalospremium.cl/cotizar-llaveros-promocionales/,https://regalospremium.cl/cotizar-llaveros-promocionales/,CURRENT_FORMAT,NO,PRODUCTO,Promocionales,Llaveros,,keyword→objeto,HIGH,0,0,0.0,1
"""llavero metálico redondo""",Concordancia de frase,Llaveros,Habilitado,Apto,https://regalospremium.cl/cotizar-llaveros-promocionales/,https://regalospremium.cl/cotizar-llaveros-promocionales/,CURRENT_FORMAT,NO,PRODUCTO,Promocionales,Llaveros,,keyword→objeto,HIGH,0,0,0.0,1
"""llavero para imprimir logo""",Concordancia de frase,Llaveros,Habilitado,No apto,https://regalospremium.cl/cotizar-llaveros-promocionales/,https://regalospremium.cl/cotizar-llaveros-promocionales/,CURRENT_FORMAT,NO,PRODUCTO,Promocionales,Llaveros,,keyword→objeto,HIGH,0,0,0.0,1
"""llavero personalizado""",Concordancia de frase,Llaveros,Habilitado,Apto,https://regalospremium.cl/cotizar-llaveros-promocionales/,https://regalospremium.cl/cotizar-llaveros-promocionales/,CURRENT_FORMAT,NO,PRODUCTO,Promocionales,Llaveros,,keyword→objeto,HIGH,0,0,0.0,1
"""llavero porta identificación""",Concordancia de frase,Llaveros,Habilitado,No apto,https://regalospremium.cl/cotizar-llaveros-promocionales/,https://regalospremium.cl/cotizar-llaveros-promocionales/,CURRENT_FORMAT,NO,PRODUCTO,Promocionales,Llaveros,,keyword→objeto,HIGH,0,0,0.0,1
"""llavero publicitario""",Concordancia de frase,Llaveros,Habilitado,Apto,https://regalospremium.cl/cotizar-llaveros-promocionales/,https://regalospremium.cl/cotizar-llaveros-promocionales/,CURRENT_FORMAT,NO,PRODUCTO,Promocionales,Llaveros,,keyword→objeto,HIGH,0,0,0.0,1
"""Llavero redondo""",Concordancia de frase,Llaveros,Habilitado,Apto,https://regalospremium.cl/cotizar-llaveros-promocionales/,https://regalospremium.cl/cotizar-llaveros-promocionales/,CURRENT_FORMAT,NO,PRODUCTO,Promocionales,Llaveros,,keyword→objeto,HIGH,0,0,0.0,2
"""llavero redondo madera""",Concordancia de frase,Llaveros,Habilitado,Apto,https://regalospremium.cl/cotizar-llaveros-promocionales/,https://regalospremium.cl/cotizar-llaveros-promocionales/,CURRENT_FORMAT,NO,PRODUCTO,Promocionales,Llaveros,,keyword→objeto,HIGH,0,0,0.0,1
"""llavero retractil""",Concordancia de frase,Llaveros,Habilitado,Apto,https://regalospremium.cl/cotizar-llaveros-promocionales/,https://regalospremium.cl/cotizar-llaveros-promocionales/,CURRENT_FORMAT,NO,PRODUCTO,Promocionales,Llaveros,,keyword→objeto,HIGH,0,0,0.0,1
"""Llaveros acero""",Concordancia de frase,Llaveros,Habilitado,Apto,https://regalospremium.cl/cotizar-llaveros-promocionales/,https://regalospremium.cl/cotizar-llaveros-promocionales/,CURRENT_FORMAT,NO,PRODUCTO,Promocionales,Llaveros,,keyword→objeto,HIGH,0,0,0.0,1
"""llaveros al por mayor chile""",Concordancia de frase,Llaveros,Habilitado,Apto,https://regalospremium.cl/cotizar-llaveros-promocionales/,https://regalospremium.cl/cotizar-llaveros-promocionales/,CURRENT_FORMAT,NO,PRODUCTO,Promocionales,Llaveros,,keyword→objeto,HIGH,0,0,0.0,1
"""llaveros aluminio""",Concordancia de frase,Llaveros,Habilitado,Apto,https://regalospremium.cl/cotizar-llaveros-promocionales/,https://regalospremium.cl/cotizar-llaveros-promocionales/,CURRENT_FORMAT,NO,PRODUCTO,Promocionales,Llaveros,,keyword→objeto,HIGH,0,0,0.0,1
"""llaveros baratos""",Concordancia de frase,Llaveros,Habilitado,Apto,https://regalospremium.cl/cotizar-llaveros-promocionales/,https://regalospremium.cl/cotizar-llaveros-promocionales/,CURRENT_FORMAT,NO,PRODUCTO,Promocionales,Llaveros,,keyword→objeto,HIGH,0,0,0.0,1
"""llaveros colgantes""",Concordancia de frase,Llaveros,Habilitado,Apto,https://regalospremium.cl/cotizar-llaveros-promocionales/,https://regalospremium.cl/cotizar-llaveros-promocionales/,CURRENT_FORMAT,NO,PRODUCTO,Promocionales,Llaveros,,keyword→objeto,HIGH,0,0,0.0,1
"""llaveros con cuero""",Concordancia de frase,Llaveros,Habilitado,Apto,https://regalospremium.cl/cotizar-llaveros-promocionales/,https://regalospremium.cl/cotizar-llaveros-promocionales/,CURRENT_FORMAT,NO,PRODUCTO,Promocionales,Llaveros,,keyword→objeto,HIGH,0,0,0.0,1
"""llaveros con foto""",Concordancia de frase,Llaveros,Habilitado,Apto,https://regalospremium.cl/cotizar-llaveros-promocionales/,https://regalospremium.cl/cotizar-llaveros-promocionales/,CURRENT_FORMAT,NO,PRODUCTO,Promocionales,Llaveros,,keyword→objeto,HIGH,0,0,0.0,1
"""llaveros con linterna""",Concordancia de frase,Llaveros,Habilitado,Apto,https://regalospremium.cl/cotizar-llaveros-promocionales/,https://regalospremium.cl/cotizar-llaveros-promocionales/,CURRENT_FORMAT,NO,PRODUCTO,Tecnología,Linternas,,keyword→objeto,HIGH,0,0,0.0,1
"""Llaveros con logo""",Concordancia de frase,Llaveros,Habilitado,Apto,https://regalospremium.cl/cotizar-llaveros-promocionales/,https://regalospremium.cl/cotizar-llaveros-promocionales/,CURRENT_FORMAT,NO,PRODUCTO,Promocionales,Llaveros,,keyword→objeto,HIGH,0,0,0.0,1
"""llaveros con logotipo""",Concordancia de frase,Llaveros,Habilitado,Apto,https://regalospremium.cl/cotizar-llaveros-promocionales/,https://regalospremium.cl/cotizar-llaveros-promocionales/,CURRENT_FORMAT,NO,PRODUCTO,Promocionales,Llaveros,,keyword→objeto,HIGH,0,0,0.0,1
"""llaveros con publicidad""",Concordancia de frase,Llaveros,Habilitado,Apto,https://regalospremium.cl/cotizar-llaveros-promocionales/,https://regalospremium.cl/cotizar-llaveros-promocionales/,CURRENT_FORMAT,NO,PRODUCTO,Promocionales,Llaveros,,keyword→objeto,HIGH,0,0,0.0,1
"""llaveros corporativos""",Concordancia de frase,Llaveros,Habilitado,Apto,https://regalospremium.cl/cotizar-llaveros-promocionales/,https://regalospremium.cl/cotizar-llaveros-promocionales/,CURRENT_FORMAT,NO,PRODUCTO,Promocionales,Llaveros,,keyword→objeto,HIGH,0,0,0.0,1
"""llaveros cromados""",Concordancia de frase,Llaveros,Habilitado,Apto,https://regalospremium.cl/cotizar-llaveros-promocionales/,https://regalospremium.cl/cotizar-llaveros-promocionales/,CURRENT_FORMAT,NO,PRODUCTO,Promocionales,Llaveros,,keyword→objeto,HIGH,0,0,0.0,1
"""llaveros cuero""",Concordancia de frase,Llaveros,Habilitado,Apto,https://regalospremium.cl/cotizar-llaveros-promocionales/,https://regalospremium.cl/cotizar-llaveros-promocionales/,CURRENT_FORMAT,NO,PRODUCTO,Promocionales,Llaveros,,keyword→objeto,HIGH,0,0,0.0,1
"""llaveros de""",Concordancia de frase,Llaveros,Habilitado,Apto,https://regalospremium.cl/cotizar-llaveros-promocionales/,https://regalospremium.cl/cotizar-llaveros-promocionales/,CURRENT_FORMAT,NO,PRODUCTO,Promocionales,Llaveros,,keyword→objeto,HIGH,0,0,0.0,1
"""Llaveros de Colores""",Concordancia de frase,Llaveros,Habilitado,Apto,https://regalospremium.cl/cotizar-llaveros-promocionales/,https://regalospremium.cl/cotizar-llaveros-promocionales/,CURRENT_FORMAT,NO,PRODUCTO,Promocionales,Llaveros,,keyword→objeto,HIGH,0,0,0.0,1
"""llaveros de cuero""",Concordancia de frase,Llaveros,Habilitado,Apto,https://regalospremium.cl/cotizar-llaveros-promocionales/,https://regalospremium.cl/cotizar-llaveros-promocionales/,CURRENT_FORMAT,NO,PRODUCTO,Promocionales,Llaveros,,keyword→objeto,HIGH,0,0,0.0,1
"""llaveros de madera""",Concordancia de frase,Llaveros,Habilitado,Apto,https://regalospremium.cl/cotizar-llaveros-promocionales/,https://regalospremium.cl/cotizar-llaveros-promocionales/,CURRENT_FORMAT,NO,PRODUCTO,Promocionales,Llaveros,,keyword→objeto,HIGH,0,0,0.0,1
"""llaveros de madera personalizados""",Concordancia de frase,Llaveros,Habilitado,Apto,https://regalospremium.cl/cotizar-llaveros-promocionales/,https://regalospremium.cl/cotizar-llaveros-promocionales/,CURRENT_FORMAT,NO,PRODUCTO,Promocionales,Llaveros,,keyword→objeto,HIGH,0,0,0.0,1
"""llaveros de marca""",Concordancia de frase,Llaveros,Habilitado,Apto,https://regalospremium.cl/cotizar-llaveros-promocionales/,https://regalospremium.cl/cotizar-llaveros-promocionales/,CURRENT_FORMAT,NO,PRODUCTO,Promocionales,Llaveros,,keyword→objeto,HIGH,0,0,0.0,1
"""llaveros de metal""",Concordancia de frase,Llaveros,Habilitado,Apto,https://regalospremium.cl/cotizar-llaveros-promocionales/,https://regalospremium.cl/cotizar-llaveros-promocionales/,CURRENT_FORMAT,NO,PRODUCTO,Promocionales,Llaveros,,keyword→objeto,HIGH,0,0,0.0,1
"""llaveros de metal grabados""",Concordancia de frase,Llaveros,Habilitado,Apto,https://regalospremium.cl/cotizar-llaveros-promocionales/,https://regalospremium.cl/cotizar-llaveros-promocionales/,CURRENT_FORMAT,NO,PRODUCTO,Promocionales,Llaveros,,keyword→objeto,HIGH,0,0,0.0,1
"""llaveros de metal por mayor""",Concordancia de frase,Llaveros,Habilitado,Apto,https://regalospremium.cl/cotizar-llaveros-promocionales/,https://regalospremium.cl/cotizar-llaveros-promocionales/,CURRENT_FORMAT,NO,PRODUCTO,Promocionales,Llaveros,,keyword→objeto,HIGH,0,0,0.0,1
"""llaveros+de+publicidad""",Concordancia de frase,Llaveros,Habilitado,Apto,https://regalospremium.cl/cotizar-llaveros-promocionales/,https://regalospremium.cl/cotizar-llaveros-promocionales/,CURRENT_FORMAT,NO,PRODUCTO,Promocionales,Llaveros,,keyword→objeto,HIGH,0,0,0.0,1
"""llaveros destapadores""",Concordancia de frase,Llaveros,Habilitado,Apto,https://regalospremium.cl/cotizar-llaveros-promocionales/,https://regalospremium.cl/cotizar-llaveros-promocionales/,CURRENT_FORMAT,NO,PRODUCTO,Promocionales,Llaveros,,keyword→objeto,HIGH,0,0,0.0,1
"""llaveros dia del padre""",Concordancia de frase,Llaveros,Habilitado,Apto,https://regalospremium.cl/cotizar-llaveros-promocionales/,https://regalospremium.cl/cotizar-llaveros-promocionales/,CURRENT_FORMAT,NO,PRODUCTO,Promocionales,Llaveros,,keyword→objeto,HIGH,0,0,0.0,1
"""Llaveros diseño""",Concordancia de frase,Llaveros,Habilitado,Apto,https://regalospremium.cl/cotizar-llaveros-promocionales/,https://regalospremium.cl/cotizar-llaveros-promocionales/,CURRENT_FORMAT,NO,PRODUCTO,Promocionales,Llaveros,,keyword→objeto,HIGH,0,0,0.0,1
"""llaveros+diseño""",Concordancia de frase,Llaveros,Habilitado,Apto,https://regalospremium.cl/cotizar-llaveros-promocionales/,https://regalospremium.cl/cotizar-llaveros-promocionales/,CURRENT_FORMAT,NO,PRODUCTO,Promocionales,Llaveros,,keyword→objeto,HIGH,0,0,0.0,1
"""llaveros economicos""",Concordancia de frase,Llaveros,Habilitado,Apto,https://regalospremium.cl/cotizar-llaveros-promocionales/,https://regalospremium.cl/cotizar-llaveros-promocionales/,CURRENT_FORMAT,NO,PRODUCTO,Promocionales,Llaveros,,keyword→objeto,HIGH,0,0,0.0,1
"""Llaveros elegantes""",Concordancia de frase,Llaveros,Habilitado,Apto,https://regalospremium.cl/cotizar-llaveros-promocionales/,https://regalospremium.cl/cotizar-llaveros-promocionales/,CURRENT_FORMAT,NO,PRODUCTO,Promocionales,Llaveros,,keyword→objeto,HIGH,0,0,0.0,1
"""llaveros empresa""",Concordancia de frase,Llaveros,Habilitado,Apto,https://regalospremium.cl/cotizar-llaveros-promocionales/,https://regalospremium.cl/cotizar-llaveros-promocionales/,CURRENT_FORMAT,NO,PRODUCTO,Promocionales,Llaveros,,keyword→objeto,HIGH,0,0,0.0,1
"""llaveros empresas""",Concordancia de frase,Llaveros,Habilitado,Apto,https://regalospremium.cl/cotizar-llaveros-promocionales/,https://regalospremium.cl/cotizar-llaveros-promocionales/,CURRENT_FORMAT,NO,PRODUCTO,Promocionales,Llaveros,,keyword→objeto,HIGH,0,0,0.0,1
"""llaveros en acero""",Concordancia de frase,Llaveros,Habilitado,Apto,https://regalospremium.cl/cotizar-llaveros-promocionales/,https://regalospremium.cl/cotizar-llaveros-promocionales/,CURRENT_FORMAT,NO,PRODUCTO,Promocionales,Llaveros,,keyword→objeto,HIGH,0,0,0.0,1
"""llaveros en aluminio""",Concordancia de frase,Llaveros,Habilitado,Apto,https://regalospremium.cl/cotizar-llaveros-promocionales/,https://regalospremium.cl/cotizar-llaveros-promocionales/,CURRENT_FORMAT,NO,PRODUCTO,Promocionales,Llaveros,,keyword→objeto,HIGH,0,0,0.0,1
"""llaveros especiales""",Concordancia de frase,Llaveros,Habilitado,Apto,https://regalospremium.cl/cotizar-llaveros-promocionales/,https://regalospremium.cl/cotizar-llaveros-promocionales/,CURRENT_FORMAT,NO,PRODUCTO,Promocionales,Llaveros,,keyword→objeto,HIGH,0,0,0.0,1
"""llaveros grabados""",Concordancia de frase,Llaveros,Habilitado,Apto,https://regalospremium.cl/cotizar-llaveros-promocionales/,https://regalospremium.cl/cotizar-llaveros-promocionales/,CURRENT_FORMAT,NO,PRODUCTO,Promocionales,Llaveros,,keyword→objeto,HIGH,0,0,0.0,2
"""Llaveros grabados baratos por mayor""",Concordancia de frase,Llaveros,Habilitado,No apto,https://regalospremium.cl/cotizar-llaveros-promocionales/,https://regalospremium.cl/cotizar-llaveros-promocionales/,CURRENT_FORMAT,NO,PRODUCTO,Promocionales,Llaveros,,keyword→objeto,HIGH,0,0,0.0,1
"""Llaveros grabados para campañas de marketing""",Concordancia de frase,Llaveros,Habilitado,No apto,https://regalospremium.cl/cotizar-llaveros-promocionales/,https://regalospremium.cl/cotizar-llaveros-promocionales/,CURRENT_FORMAT,NO,PRODUCTO,Promocionales,Llaveros,,keyword→objeto,HIGH,0,0,0.0,1
"""llaveros+grabados+personalizados""",Concordancia de frase,Llaveros,Habilitado,Apto,https://regalospremium.cl/cotizar-llaveros-promocionales/,https://regalospremium.cl/cotizar-llaveros-promocionales/,CURRENT_FORMAT,NO,PRODUCTO,Promocionales,Llaveros,,keyword→objeto,HIGH,0,0,0.0,1
"""llaveros impresos""",Concordancia de frase,Llaveros,Habilitado,Apto,https://regalospremium.cl/cotizar-llaveros-promocionales/,https://regalospremium.cl/cotizar-llaveros-promocionales/,CURRENT_FORMAT,NO,PRODUCTO,Promocionales,Llaveros,,keyword→objeto,HIGH,0,0,0.0,1
"""llaveros institucionales""",Concordancia de frase,Llaveros,Habilitado,Apto,https://regalospremium.cl/cotizar-llaveros-promocionales/,https://regalospremium.cl/cotizar-llaveros-promocionales/,CURRENT_FORMAT,NO,PRODUCTO,Promocionales,Llaveros,,keyword→objeto,HIGH,0,0,0.0,1
"""Llaveros láser""",Concordancia de frase,Llaveros,Habilitado,Apto,https://regalospremium.cl/cotizar-llaveros-promocionales/,https://regalospremium.cl/cotizar-llaveros-promocionales/,CURRENT_FORMAT,NO,PRODUCTO,Promocionales,Llaveros,,keyword→objeto,HIGH,0,0,0.0,1
"""llaveros led""",Concordancia de frase,Llaveros,Habilitado,Apto,https://regalospremium.cl/cotizar-llaveros-promocionales/,https://regalospremium.cl/cotizar-llaveros-promocionales/,CURRENT_FORMAT,NO,PRODUCTO,Promocionales,Llaveros,,keyword→objeto,HIGH,0,0,0.0,1
"""Llaveros lujo""",Concordancia de frase,Llaveros,Habilitado,Apto,https://regalospremium.cl/cotizar-llaveros-promocionales/,https://regalospremium.cl/cotizar-llaveros-promocionales/,CURRENT_FORMAT,NO,PRODUCTO,Promocionales,Llaveros,,keyword→objeto,HIGH,0,0,0.0,1
"""llaveros madera""",Concordancia de frase,Llaveros,Habilitado,Apto,https://regalospremium.cl/cotizar-llaveros-promocionales/,https://regalospremium.cl/cotizar-llaveros-promocionales/,CURRENT_FORMAT,NO,PRODUCTO,Promocionales,Llaveros,,keyword→objeto,HIGH,0,0,0.0,1
"""llaveros madera grabado laser chile""",Concordancia de frase,Llaveros,Habilitado,No apto,https://regalospremium.cl/cotizar-llaveros-promocionales/,https://regalospremium.cl/cotizar-llaveros-promocionales/,CURRENT_FORMAT,NO,PRODUCTO,Promocionales,Llaveros,,keyword→objeto,HIGH,0,0,0.0,1
"""llaveros madera para grabar""",Concordancia de frase,Llaveros,Habilitado,Apto,https://regalospremium.cl/cotizar-llaveros-promocionales/,https://regalospremium.cl/cotizar-llaveros-promocionales/,CURRENT_FORMAT,NO,PRODUCTO,Promocionales,Llaveros,,keyword→objeto,HIGH,0,0,0.0,1
"""llaveros merchandising""",Concordancia de frase,Llaveros,Habilitado,Apto,https://regalospremium.cl/cotizar-llaveros-promocionales/,https://regalospremium.cl/cotizar-llaveros-promocionales/,CURRENT_FORMAT,NO,PRODUCTO,Promocionales,Llaveros,,keyword→objeto,HIGH,0,0,0.0,1
"""llaveros metal personalizados""",Concordancia de frase,Llaveros,Habilitado,Apto,https://regalospremium.cl/cotizar-llaveros-promocionales/,https://regalospremium.cl/cotizar-llaveros-promocionales/,CURRENT_FORMAT,NO,PRODUCTO,Promocionales,Llaveros,,keyword→objeto,HIGH,0,0,0.0,1
"""llaveros metálicos""",Concordancia de frase,Llaveros,Habilitado,Apto,https://regalospremium.cl/cotizar-llaveros-promocionales/,https://regalospremium.cl/cotizar-llaveros-promocionales/,CURRENT_FORMAT,NO,PRODUCTO,Promocionales,Llaveros,,keyword→objeto,HIGH,0,0,0.0,2
"""llaveros metalicos""",Concordancia de frase,Llaveros,Habilitado,Apto,https://regalospremium.cl/cotizar-llaveros-promocionales/,https://regalospremium.cl/cotizar-llaveros-promocionales/,CURRENT_FORMAT,NO,PRODUCTO,Promocionales,Llaveros,,keyword→objeto,HIGH,0,0,0.0,1
"""llaveros metalicos grabados""",Concordancia de frase,Llaveros,Habilitado,Apto,https://regalospremium.cl/cotizar-llaveros-promocionales/,https://regalospremium.cl/cotizar-llaveros-promocionales/,CURRENT_FORMAT,NO,PRODUCTO,Promocionales,Llaveros,,keyword→objeto,HIGH,0,0,0.0,1
"""llaveros metalicos para grabar""",Concordancia de frase,Llaveros,Habilitado,Apto,https://regalospremium.cl/cotizar-llaveros-promocionales/,https://regalospremium.cl/cotizar-llaveros-promocionales/,CURRENT_FORMAT,NO,PRODUCTO,Promocionales,Llaveros,,keyword→objeto,HIGH,0,0,0.0,1
"""llaveros metálicos personalizados""",Concordancia de frase,Llaveros,Habilitado,Apto,https://regalospremium.cl/cotizar-llaveros-promocionales/,https://regalospremium.cl/cotizar-llaveros-promocionales/,CURRENT_FORMAT,NO,PRODUCTO,Promocionales,Llaveros,,keyword→objeto,HIGH,0,0,0.0,1
"""llaveros metalicos personalizados""",Concordancia de frase,Llaveros,Habilitado,Apto,https://regalospremium.cl/cotizar-llaveros-promocionales/,https://regalospremium.cl/cotizar-llaveros-promocionales/,CURRENT_FORMAT,NO,PRODUCTO,Promocionales,Llaveros,,keyword→objeto,HIGH,0,0,0.0,1
"""llaveros metalicos por mayor""",Concordancia de frase,Llaveros,Habilitado,Apto,https://regalospremium.cl/cotizar-llaveros-promocionales/,https://regalospremium.cl/cotizar-llaveros-promocionales/,CURRENT_FORMAT,NO,PRODUCTO,Promocionales,Llaveros,,keyword→objeto,HIGH,0,0,0.0,1
"""llaveros metálicos por mayor""",Concordancia de frase,Llaveros,Habilitado,Apto,https://regalospremium.cl/cotizar-llaveros-promocionales/,https://regalospremium.cl/cotizar-llaveros-promocionales/,CURRENT_FORMAT,NO,PRODUCTO,Promocionales,Llaveros,,keyword→objeto,HIGH,0,0,0.0,1
"""llaveros metálicos publicitarios""",Concordancia de frase,Llaveros,Habilitado,Apto,https://regalospremium.cl/cotizar-llaveros-promocionales/,https://regalospremium.cl/cotizar-llaveros-promocionales/,CURRENT_FORMAT,NO,PRODUCTO,Promocionales,Llaveros,,keyword→objeto,HIGH,0,0,0.0,1
"""llaveros para empresas""",Concordancia de frase,Llaveros,Habilitado,Apto,https://regalospremium.cl/cotizar-llaveros-promocionales/,https://regalospremium.cl/cotizar-llaveros-promocionales/,CURRENT_FORMAT,NO,PRODUCTO,Promocionales,Llaveros,,keyword→objeto,HIGH,0,0,0.0,1
"""llaveros+para+foto""",Concordancia de frase,Llaveros,Habilitado,Apto,https://regalospremium.cl/cotizar-llaveros-promocionales/,https://regalospremium.cl/cotizar-llaveros-promocionales/,CURRENT_FORMAT,NO,PRODUCTO,Promocionales,Llaveros,,keyword→objeto,HIGH,0,0,0.0,1
"""llaveros para fotos""",Concordancia de frase,Llaveros,Habilitado,Apto,https://regalospremium.cl/cotizar-llaveros-promocionales/,https://regalospremium.cl/cotizar-llaveros-promocionales/,CURRENT_FORMAT,NO,PRODUCTO,Promocionales,Llaveros,,keyword→objeto,HIGH,0,0,0.0,1
"""llaveros para grabar""",Concordancia de frase,Llaveros,Habilitado,Apto,https://regalospremium.cl/cotizar-llaveros-promocionales/,https://regalospremium.cl/cotizar-llaveros-promocionales/,CURRENT_FORMAT,NO,PRODUCTO,Promocionales,Llaveros,,keyword→objeto,HIGH,0,0,0.0,1
"""llaveros para personalizar""",Concordancia de frase,Llaveros,Habilitado,Apto,https://regalospremium.cl/cotizar-llaveros-promocionales/,https://regalospremium.cl/cotizar-llaveros-promocionales/,CURRENT_FORMAT,NO,PRODUCTO,Promocionales,Llaveros,,keyword→objeto,HIGH,0,0,0.0,1
"""llaveros para publicidad""",Concordancia de frase,Llaveros,Habilitado,Apto,https://regalospremium.cl/cotizar-llaveros-promocionales/,https://regalospremium.cl/cotizar-llaveros-promocionales/,CURRENT_FORMAT,NO,PRODUCTO,Promocionales,Llaveros,,keyword→objeto,HIGH,0,0,0.0,1
"""llaveros para publicidad baratos""",Concordancia de frase,Llaveros,Habilitado,Apto,https://regalospremium.cl/cotizar-llaveros-promocionales/,https://regalospremium.cl/cotizar-llaveros-promocionales/,CURRENT_FORMAT,NO,PRODUCTO,Promocionales,Llaveros,,keyword→objeto,HIGH,0,0,0.0,1
"""llaveros personalizables""",Concordancia de frase,Llaveros,Habilitado,Apto,https://regalospremium.cl/cotizar-llaveros-promocionales/,https://regalospremium.cl/cotizar-llaveros-promocionales/,CURRENT_FORMAT,NO,PRODUCTO,Promocionales,Llaveros,,keyword→objeto,HIGH,0,0,0.0,1
"""llaveros personalizados""",Concordancia de frase,Llaveros,Habilitado,Apto,https://regalospremium.cl/cotizar-llaveros-promocionales/,https://regalospremium.cl/cotizar-llaveros-promocionales/,CURRENT_FORMAT,NO,PRODUCTO,Promocionales,Llaveros,,keyword→objeto,HIGH,0,0,0.0,2
"""llaveros personalizados baratos""",Concordancia de frase,Llaveros,Habilitado,Apto,https://regalospremium.cl/cotizar-llaveros-promocionales/,https://regalospremium.cl/cotizar-llaveros-promocionales/,CURRENT_FORMAT,NO,PRODUCTO,Promocionales,Llaveros,,keyword→objeto,HIGH,0,0,0.0,1
"""llaveros personalizados chile""",Concordancia de frase,Llaveros,Habilitado,Apto,https://regalospremium.cl/cotizar-llaveros-promocionales/,https://regalospremium.cl/cotizar-llaveros-promocionales/,CURRENT_FORMAT,NO,PRODUCTO,Promocionales,Llaveros,,keyword→objeto,HIGH,0,0,0.0,1
"""llaveros personalizados con foto""",Concordancia de frase,Llaveros,Habilitado,Apto,https://regalospremium.cl/cotizar-llaveros-promocionales/,https://regalospremium.cl/cotizar-llaveros-promocionales/,CURRENT_FORMAT,NO,PRODUCTO,Promocionales,Llaveros,,keyword→objeto,HIGH,0,0,0.0,1
"""llaveros personalizados con nombre""",Concordancia de frase,Llaveros,Habilitado,Apto,https://regalospremium.cl/cotizar-llaveros-promocionales/,https://regalospremium.cl/cotizar-llaveros-promocionales/,CURRENT_FORMAT,NO,PRODUCTO,Promocionales,Llaveros,,keyword→objeto,HIGH,0,0,0.0,1
"""llaveros personalizados dia del padre""",Concordancia de frase,Llaveros,Habilitado,Apto,https://regalospremium.cl/cotizar-llaveros-promocionales/,https://regalospremium.cl/cotizar-llaveros-promocionales/,CURRENT_FORMAT,NO,PRODUCTO,Promocionales,Llaveros,,keyword→objeto,HIGH,0,0,0.0,1
"""llaveros personalizados madera""",Concordancia de frase,Llaveros,Habilitado,Apto,https://regalospremium.cl/cotizar-llaveros-promocionales/,https://regalospremium.cl/cotizar-llaveros-promocionales/,CURRENT_FORMAT,NO,PRODUCTO,Promocionales,Llaveros,,keyword→objeto,HIGH,0,0,0.0,1
"""llaveros+personalizados+metalicos""",Concordancia de frase,Llaveros,Habilitado,Apto,https://regalospremium.cl/cotizar-llaveros-promocionales/,https://regalospremium.cl/cotizar-llaveros-promocionales/,CURRENT_FORMAT,NO,PRODUCTO,Promocionales,Llaveros,,keyword→objeto,HIGH,0,0,0.0,1
"""llaveros personalizados puerto montt""",Concordancia de frase,Llaveros,Habilitado,Apto,https://regalospremium.cl/cotizar-llaveros-promocionales/,https://regalospremium.cl/cotizar-llaveros-promocionales/,CURRENT_FORMAT,NO,PRODUCTO,Promocionales,Llaveros,,keyword→objeto,HIGH,0,0,0.0,1
"""Llaveros personalizadosmayor""",Concordancia de frase,Llaveros,Habilitado,No apto,https://regalospremium.cl/cotizar-llaveros-promocionales/,https://regalospremium.cl/cotizar-llaveros-promocionales/,CURRENT_FORMAT,NO,PRODUCTO,Promocionales,Llaveros,,keyword→objeto,HIGH,0,0,0.0,1
"""llaveros por mayor""",Concordancia de frase,Llaveros,Habilitado,Apto,https://regalospremium.cl/cotizar-llaveros-promocionales/,https://regalospremium.cl/cotizar-llaveros-promocionales/,CURRENT_FORMAT,NO,PRODUCTO,Promocionales,Llaveros,,keyword→objeto,HIGH,0,0,0.0,1
"""Llaveros premium""",Concordancia de frase,Llaveros,Habilitado,Apto,https://regalospremium.cl/cotizar-llaveros-promocionales/,https://regalospremium.cl/cotizar-llaveros-promocionales/,CURRENT_FORMAT,NO,PRODUCTO,Promocionales,Llaveros,,keyword→objeto,HIGH,0,0,0.0,1
"""llaveros promocionales""",Concordancia de frase,Llaveros,Habilitado,Apto,https://regalospremium.cl/cotizar-llaveros-promocionales/,https://regalospremium.cl/cotizar-llaveros-promocionales/,CURRENT_FORMAT,NO,PRODUCTO,Promocionales,Llaveros,,keyword→objeto,HIGH,0,0,0.0,2
"""llaveros promocionales economicos""",Concordancia de frase,Llaveros,Habilitado,Apto,https://regalospremium.cl/cotizar-llaveros-promocionales/,https://regalospremium.cl/cotizar-llaveros-promocionales/,CURRENT_FORMAT,NO,PRODUCTO,Promocionales,Llaveros,,keyword→objeto,HIGH,0,0,0.0,1
"""Llaveros promocionales para fidelización""",Concordancia de frase,Llaveros,Habilitado,No apto,https://regalospremium.cl/cotizar-llaveros-promocionales/,https://regalospremium.cl/cotizar-llaveros-promocionales/,CURRENT_FORMAT,NO,PRODUCTO,Promocionales,Llaveros,,keyword→objeto,HIGH,0,0,0.0,1
"""Llaveros promocionalespor volumen""",Concordancia de frase,Llaveros,Habilitado,No apto,https://regalospremium.cl/cotizar-llaveros-promocionales/,https://regalospremium.cl/cotizar-llaveros-promocionales/,CURRENT_FORMAT,NO,PRODUCTO,Promocionales,Llaveros,,keyword→objeto,HIGH,0,0,0.0,1
"""llaveros publicidad""",Concordancia de frase,Llaveros,Habilitado,Apto,https://regalospremium.cl/cotizar-llaveros-promocionales/,https://regalospremium.cl/cotizar-llaveros-promocionales/,CURRENT_FORMAT,NO,PRODUCTO,Promocionales,Llaveros,,keyword→objeto,HIGH,0,0,0.0,1
"""llaveros publicitarios""",Concordancia de frase,Llaveros,Habilitado,Apto,https://regalospremium.cl/cotizar-llaveros-promocionales/,https://regalospremium.cl/cotizar-llaveros-promocionales/,CURRENT_FORMAT,NO,PRODUCTO,Promocionales,Llaveros,,keyword→objeto,HIGH,0,0,0.0,2
"""llaveros publicitarios baratos""",Concordancia de frase,Llaveros,Habilitado,Apto,https://regalospremium.cl/cotizar-llaveros-promocionales/,https://regalospremium.cl/cotizar-llaveros-promocionales/,CURRENT_FORMAT,NO,PRODUCTO,Promocionales,Llaveros,,keyword→objeto,HIGH,0,0,0.0,1
"""llaveros publicitarios de metal""",Concordancia de frase,Llaveros,Habilitado,Apto,https://regalospremium.cl/cotizar-llaveros-promocionales/,https://regalospremium.cl/cotizar-llaveros-promocionales/,CURRENT_FORMAT,NO,PRODUCTO,Promocionales,Llaveros,,keyword→objeto,HIGH,0,0,0.0,1
"""llaveros publicitarios personalizados""",Concordancia de frase,Llaveros,Habilitado,Apto,https://regalospremium.cl/cotizar-llaveros-promocionales/,https://regalospremium.cl/cotizar-llaveros-promocionales/,CURRENT_FORMAT,NO,PRODUCTO,Promocionales,Llaveros,,keyword→objeto,HIGH,0,0,0.0,1
"""llaveros publicitarios por mayor""",Concordancia de frase,Llaveros,Habilitado,Apto,https://regalospremium.cl/cotizar-llaveros-promocionales/,https://regalospremium.cl/cotizar-llaveros-promocionales/,CURRENT_FORMAT,NO,PRODUCTO,Promocionales,Llaveros,,keyword→objeto,HIGH,0,0,0.0,1
"""llaveros publicitarios precios""",Concordancia de frase,Llaveros,Habilitado,Apto,https://regalospremium.cl/cotizar-llaveros-promocionales/,https://regalospremium.cl/cotizar-llaveros-promocionales/,CURRENT_FORMAT,NO,PRODUCTO,Promocionales,Llaveros,,keyword→objeto,HIGH,0,0,0.0,1
"""llaveros serigrafiados""",Concordancia de frase,Llaveros,Habilitado,Apto,https://regalospremium.cl/cotizar-llaveros-promocionales/,https://regalospremium.cl/cotizar-llaveros-promocionales/,CURRENT_FORMAT,NO,PRODUCTO,Promocionales,Llaveros,,keyword→objeto,HIGH,0,0,0.0,1
"""mayorista llaveros""",Concordancia de frase,Llaveros,Habilitado,Apto,https://regalospremium.cl/cotizar-llaveros-promocionales/,https://regalospremium.cl/cotizar-llaveros-promocionales/,CURRENT_FORMAT,NO,PRODUCTO,Promocionales,Llaveros,,keyword→objeto,HIGH,0,0,0.0,1
"""precios de llaveros""",Concordancia de frase,Llaveros,Habilitado,Apto,https://regalospremium.cl/cotizar-llaveros-promocionales/,https://regalospremium.cl/cotizar-llaveros-promocionales/,CURRENT_FORMAT,NO,PRODUCTO,Promocionales,Llaveros,,keyword→objeto,HIGH,0,0,0.0,1
"""publicidad en llaveros""",Concordancia de frase,Llaveros,Habilitado,Apto,https://regalospremium.cl/cotizar-llaveros-promocionales/,https://regalospremium.cl/cotizar-llaveros-promocionales/,CURRENT_FORMAT,NO,PRODUCTO,Promocionales,Llaveros,,keyword→objeto,HIGH,0,0,0.0,1
"""publicidad llaveros""",Concordancia de frase,Llaveros,Habilitado,Apto,https://regalospremium.cl/cotizar-llaveros-promocionales/,https://regalospremium.cl/cotizar-llaveros-promocionales/,CURRENT_FORMAT,NO,PRODUCTO,Promocionales,Llaveros,,keyword→objeto,HIGH,0,0,0.0,1
"""regalos llaveros personalizados""",Concordancia de frase,Llaveros,Habilitado,Apto,https://regalospremium.cl/cotizar-llaveros-promocionales/,https://regalospremium.cl/cotizar-llaveros-promocionales/,CURRENT_FORMAT,NO,PRODUCTO,Promocionales,Llaveros,,keyword→objeto,HIGH,0,0,0.0,1
"""venta de llaveros""",Concordancia de frase,Llaveros,Habilitado,Apto,https://regalospremium.cl/cotizar-llaveros-promocionales/,https://regalospremium.cl/cotizar-llaveros-promocionales/,CURRENT_FORMAT,NO,PRODUCTO,Promocionales,Llaveros,,keyword→objeto,HIGH,0,0,0.0,1
"""venta de llaveros al por mayor""",Concordancia de frase,Llaveros,Habilitado,Apto,https://regalospremium.cl/cotizar-llaveros-promocionales/,https://regalospremium.cl/cotizar-llaveros-promocionales/,CURRENT_FORMAT,NO,PRODUCTO,Promocionales,Llaveros,,keyword→objeto,HIGH,0,0,0.0,1
"""venta de llaveros metalicos al por mayor""",Concordancia de frase,Llaveros,Habilitado,Apto,https://regalospremium.cl/cotizar-llaveros-promocionales/,https://regalospremium.cl/cotizar-llaveros-promocionales/,CURRENT_FORMAT,NO,PRODUCTO,Promocionales,Llaveros,,keyword→objeto,HIGH,0,0,0.0,1
"""venta llaveros""",Concordancia de frase,Llaveros,Habilitado,Apto,https://regalospremium.cl/cotizar-llaveros-promocionales/,https://regalospremium.cl/cotizar-llaveros-promocionales/,CURRENT_FORMAT,NO,PRODUCTO,Promocionales,Llaveros,,keyword→objeto,HIGH,0,0,0.0,1
"""venta llaveros por mayor""",Concordancia de frase,Llaveros,Habilitado,Apto,https://regalospremium.cl/cotizar-llaveros-promocionales/,https://regalospremium.cl/cotizar-llaveros-promocionales/,CURRENT_FORMAT,NO,PRODUCTO,Promocionales,Llaveros,,keyword→objeto,HIGH,0,0,0.0,1
linterna llavero,Concordancia amplia,Llaveros Metalicos #2,Habilitado,No apto,http://regalospremium.cl/index.php?option=com_virtuemart&view=category&virtuemart_category_id=18,https://regalospremium.cl/index.php?option=com_virtuemart&view=category&virtuemart_category_id=18,LEGACY_VIRTUEMART,NO,PRODUCTO,Tecnología,Linternas,,keyword→objeto,HIGH,0,0,0.0,1
llavero destapador,Concordancia amplia,Llaveros Metalicos #2,Habilitado,No apto,http://regalospremium.cl/index.php?option=com_virtuemart&view=category&virtuemart_category_id=18,https://regalospremium.cl/index.php?option=com_virtuemart&view=category&virtuemart_category_id=18,LEGACY_VIRTUEMART,NO,PRODUCTO,Promocionales,Llaveros,,keyword→objeto,HIGH,0,0,0.0,1
llavero linterna,Concordancia amplia,Llaveros Metalicos #2,Habilitado,No apto,http://regalospremium.cl/index.php?option=com_virtuemart&view=category&virtuemart_category_id=18,https://regalospremium.cl/index.php?option=com_virtuemart&view=category&virtuemart_category_id=18,LEGACY_VIRTUEMART,NO,PRODUCTO,Tecnología,Linternas,,keyword→objeto,HIGH,0,0,0.0,1
llavero promocional,Concordancia amplia,Llaveros Metalicos #2,Habilitado,No apto,http://regalospremium.cl/index.php?option=com_virtuemart&view=category&virtuemart_category_id=18,https://regalospremium.cl/index.php?option=com_virtuemart&view=category&virtuemart_category_id=18,LEGACY_VIRTUEMART,NO,PRODUCTO,Promocionales,Llaveros,,keyword→objeto,HIGH,0,0,0.0,1
llaveros al por mayor,Concordancia amplia,Llaveros Metalicos #2,Habilitado,No apto,http://regalospremium.cl/index.php?option=com_virtuemart&view=category&virtuemart_category_id=18,https://regalospremium.cl/index.php?option=com_virtuemart&view=category&virtuemart_category_id=18,LEGACY_VIRTUEMART,NO,PRODUCTO,Promocionales,Llaveros,,keyword→objeto,HIGH,0,0,0.0,1
llaveros chile,Concordancia amplia,Llaveros Metalicos #2,Habilitado,No apto,,,EMPTY,NO,PRODUCTO,Promocionales,Llaveros,,keyword→objeto,HIGH,0,0,0.0,1
llaveros con foto,Concordancia amplia,Llaveros Metalicos #2,Habilitado,No apto,http://regalospremium.cl/index.php?keyword=llaveros&limitstart=0&option=com_virtuemart&view=category,https://regalospremium.cl/index.php?keyword=llaveros&limitstart=0&option=com_virtuemart&view=category,LEGACY_VIRTUEMART,NO,PRODUCTO,Promocionales,Llaveros,,keyword→objeto,HIGH,0,0,0.0,1
llaveros corporativos,Concordancia amplia,Llaveros Metalicos #2,Habilitado,No apto,http://regalospremium.cl/index.php?option=com_virtuemart&view=category&virtuemart_category_id=18,https://regalospremium.cl/index.php?option=com_virtuemart&view=category&virtuemart_category_id=18,LEGACY_VIRTUEMART,NO,PRODUCTO,Promocionales,Llaveros,,keyword→objeto,HIGH,0,0,0.0,1
llaveros economicos,Concordancia amplia,Llaveros Metalicos #2,Habilitado,No apto,http://regalospremium.cl/index.php?option=com_virtuemart&view=category&virtuemart_category_id=18,https://regalospremium.cl/index.php?option=com_virtuemart&view=category&virtuemart_category_id=18,LEGACY_VIRTUEMART,NO,PRODUCTO,Promocionales,Llaveros,,keyword→objeto,HIGH,0,0,0.0,1
llaveros empresa,Concordancia amplia,Llaveros Metalicos #2,Habilitado,No apto,http://regalospremium.cl/index.php?option=com_virtuemart&view=category&virtuemart_category_id=18,https://regalospremium.cl/index.php?option=com_virtuemart&view=category&virtuemart_category_id=18,LEGACY_VIRTUEMART,NO,PRODUCTO,Promocionales,Llaveros,,keyword→objeto,HIGH,0,0,0.0,1
llaveros empresariales,Concordancia amplia,Llaveros Metalicos #2,Habilitado,No apto,http://regalospremium.cl/index.php?option=com_virtuemart&view=category&virtuemart_category_id=18,https://regalospremium.cl/index.php?option=com_virtuemart&view=category&virtuemart_category_id=18,LEGACY_VIRTUEMART,NO,PRODUCTO,Promocionales,Llaveros,,keyword→objeto,HIGH,0,0,0.0,1
llaveros impresos,Concordancia amplia,Llaveros Metalicos #2,Habilitado,No apto,http://regalospremium.cl/index.php?option=com_virtuemart&view=category&virtuemart_category_id=18,https://regalospremium.cl/index.php?option=com_virtuemart&view=category&virtuemart_category_id=18,LEGACY_VIRTUEMART,NO,PRODUCTO,Promocionales,Llaveros,,keyword→objeto,HIGH,0,0,0.0,1
llaveros metálicos,Concordancia amplia,Llaveros Metalicos #2,Habilitado,No apto,http://regalospremium.cl/index.php?option=com_virtuemart&view=category&virtuemart_category_id=18,https://regalospremium.cl/index.php?option=com_virtuemart&view=category&virtuemart_category_id=18,LEGACY_VIRTUEMART,NO,PRODUCTO,Promocionales,Llaveros,,keyword→objeto,HIGH,0,0,0.0,1
llaveros para empresas,Concordancia amplia,Llaveros Metalicos #2,Habilitado,No apto,http://regalospremium.cl/index.php?option=com_virtuemart&view=category&virtuemart_category_id=18,https://regalospremium.cl/index.php?option=com_virtuemart&view=category&virtuemart_category_id=18,LEGACY_VIRTUEMART,NO,PRODUCTO,Promocionales,Llaveros,,keyword→objeto,HIGH,0,0,0.0,1
llaveros para sublimar,Concordancia amplia,Llaveros Metalicos #2,Habilitado,No apto,,,EMPTY,NO,PRODUCTO,Promocionales,Llaveros,,keyword→objeto,HIGH,0,0,0.0,1
llaveros plasticos,Concordancia amplia,Llaveros Metalicos #2,Habilitado,No apto,http://regalospremium.cl/index.php?option=com_virtuemart&view=category&virtuemart_category_id=18,https://regalospremium.cl/index.php?option=com_virtuemart&view=category&virtuemart_category_id=18,LEGACY_VIRTUEMART,NO,PRODUCTO,Promocionales,Llaveros,,keyword→objeto,HIGH,0,0,0.0,1
llaveros plasticos por mayor,Concordancia amplia,Llaveros Metalicos #2,Habilitado,No apto,http://regalospremium.cl/index.php?option=com_virtuemart&view=category&virtuemart_category_id=18,https://regalospremium.cl/index.php?option=com_virtuemart&view=category&virtuemart_category_id=18,LEGACY_VIRTUEMART,NO,PRODUCTO,Promocionales,Llaveros,,keyword→objeto,HIGH,0,0,0.0,1
llaveros por mayor,Concordancia amplia,Llaveros Metalicos #2,Habilitado,No apto,http://regalospremium.cl/index.php?keyword=llaveros&limitstart=0&option=com_virtuemart&view=category,https://regalospremium.cl/index.php?keyword=llaveros&limitstart=0&option=com_virtuemart&view=category,LEGACY_VIRTUEMART,NO,PRODUCTO,Promocionales,Llaveros,,keyword→objeto,HIGH,0,0,0.0,1
llaveros promocionales,Concordancia amplia,Llaveros Metalicos #2,Habilitado,No apto,http://regalospremium.cl/index.php?option=com_virtuemart&view=category&virtuemart_category_id=18,https://regalospremium.cl/index.php?option=com_virtuemart&view=category&virtuemart_category_id=18,LEGACY_VIRTUEMART,NO,PRODUCTO,Promocionales,Llaveros,,keyword→objeto,HIGH,0,0,0.0,1
llaveros publicidad,Concordancia amplia,Llaveros Metalicos #2,Habilitado,No apto,http://regalospremium.cl/index.php?option=com_virtuemart&view=category&virtuemart_category_id=18,https://regalospremium.cl/index.php?option=com_virtuemart&view=category&virtuemart_category_id=18,LEGACY_VIRTUEMART,NO,PRODUCTO,Promocionales,Llaveros,,keyword→objeto,HIGH,0,0,0.0,1
llaveros punta arenas,Concordancia amplia,Llaveros Metalicos #2,Habilitado,No apto,http://regalospremium.cl/index.php?option=com_virtuemart&view=category&virtuemart_category_id=18,https://regalospremium.cl/index.php?option=com_virtuemart&view=category&virtuemart_category_id=18,LEGACY_VIRTUEMART,NO,PRODUCTO,Promocionales,Llaveros,,keyword→objeto,HIGH,0,0,0.0,1
publicidad llaveros,Concordancia amplia,Llaveros Metalicos #2,Habilitado,No apto,http://regalospremium.cl/index.php?option=com_virtuemart&view=category&virtuemart_category_id=18,https://regalospremium.cl/index.php?option=com_virtuemart&view=category&virtuemart_category_id=18,LEGACY_VIRTUEMART,NO,PRODUCTO,Promocionales,Llaveros,,keyword→objeto,HIGH,0,0,0.0,1
venta de llaveros,Concordancia amplia,Llaveros Metalicos #2,Habilitado,No apto,,,EMPTY,NO,PRODUCTO,Promocionales,Llaveros,,keyword→objeto,HIGH,0,0,0.0,1
donde comprar llaveros de metal en chile,Concordancia amplia,Llaveros Metalicos #3,Habilitado,No apto,,,EMPTY,NO,PRODUCTO,Promocionales,Llaveros,,keyword→objeto,HIGH,0,0,0.0,1
importadora de llaveros metalicos santiago centro,Concordancia amplia,Llaveros Metalicos #3,Habilitado,No apto,http://regalospremium.cl/index.php?keyword=llaveros&limitstart=0&option=com_virtuemart&view=category,https://regalospremium.cl/index.php?keyword=llaveros&limitstart=0&option=com_virtuemart&view=category,LEGACY_VIRTUEMART,NO,PRODUCTO,Promocionales,Llaveros,,keyword→objeto,HIGH,0,0,0.0,1
llavero destapador metalico,Concordancia amplia,Llaveros Metalicos #3,Habilitado,No apto,http://regalospremium.cl/index.php?option=com_virtuemart&view=category&virtuemart_category_id=18,https://regalospremium.cl/index.php?option=com_virtuemart&view=category&virtuemart_category_id=18,LEGACY_VIRTUEMART,NO,PRODUCTO,Promocionales,Llaveros,,keyword→objeto,HIGH,0,0,0.0,1
llavero metal,Concordancia amplia,Llaveros Metalicos #3,Habilitado,No apto,http://regalospremium.cl/index.php?option=com_virtuemart&view=category&virtuemart_category_id=18,https://regalospremium.cl/index.php?option=com_virtuemart&view=category&virtuemart_category_id=18,LEGACY_VIRTUEMART,NO,PRODUCTO,Promocionales,Llaveros,,keyword→objeto,HIGH,0,0,0.0,1
llaveros grabados en metal,Concordancia amplia,Llaveros Metalicos #3,Habilitado,No apto,http://regalospremium.cl/index.php?option=com_virtuemart&view=category&virtuemart_category_id=18,https://regalospremium.cl/index.php?option=com_virtuemart&view=category&virtuemart_category_id=18,LEGACY_VIRTUEMART,NO,PRODUCTO,Promocionales,Llaveros,,keyword→objeto,HIGH,0,0,0.0,1
llaveros metal personalizados,Concordancia amplia,Llaveros Metalicos #3,Habilitado,No apto,http://regalospremium.cl/index.php?option=com_virtuemart&view=category&virtuemart_category_id=18,https://regalospremium.cl/index.php?option=com_virtuemart&view=category&virtuemart_category_id=18,LEGACY_VIRTUEMART,NO,PRODUCTO,Promocionales,Llaveros,,keyword→objeto,HIGH,0,0,0.0,1
llaveros metalicos,Concordancia amplia,Llaveros Metalicos #3,Habilitado,No apto,http://regalospremium.cl/index.php?keyword=llaveros&limitstart=0&option=com_virtuemart&view=category,https://regalospremium.cl/index.php?keyword=llaveros&limitstart=0&option=com_virtuemart&view=category,LEGACY_VIRTUEMART,NO,PRODUCTO,Promocionales,Llaveros,,keyword→objeto,HIGH,0,0,0.0,1
llaveros metalicos grabados,Concordancia amplia,Llaveros Metalicos #3,Habilitado,No apto,http://regalospremium.cl/index.php?option=com_virtuemart&view=category&virtuemart_category_id=18,https://regalospremium.cl/index.php?option=com_virtuemart&view=category&virtuemart_category_id=18,LEGACY_VIRTUEMART,NO,PRODUCTO,Promocionales,Llaveros,,keyword→objeto,HIGH,0,0,0.0,1
llaveros metalicos para grabar,Concordancia amplia,Llaveros Metalicos #3,Habilitado,No apto,http://regalospremium.cl/index.php?option=com_virtuemart&view=category&virtuemart_category_id=18,https://regalospremium.cl/index.php?option=com_virtuemart&view=category&virtuemart_category_id=18,LEGACY_VIRTUEMART,NO,PRODUCTO,Promocionales,Llaveros,,keyword→objeto,HIGH,0,0,0.0,1
llaveros metalicos personalizados,Concordancia amplia,Llaveros Metalicos #3,Habilitado,No apto,http://regalospremium.cl/index.php?option=com_virtuemart&view=category&virtuemart_category_id=18,https://regalospremium.cl/index.php?option=com_virtuemart&view=category&virtuemart_category_id=18,LEGACY_VIRTUEMART,NO,PRODUCTO,Promocionales,Llaveros,,keyword→objeto,HIGH,0,0,0.0,1
llaveros metalicos por mayor,Concordancia amplia,Llaveros Metalicos #3,Habilitado,No apto,http://regalospremium.cl/index.php?keyword=llaveros&limitstart=0&option=com_virtuemart&view=category,https://regalospremium.cl/index.php?keyword=llaveros&limitstart=0&option=com_virtuemart&view=category,LEGACY_VIRTUEMART,NO,PRODUCTO,Promocionales,Llaveros,,keyword→objeto,HIGH,0,0,0.0,1
llaveros personalizados metalicos,Concordancia amplia,Llaveros Metalicos #3,Habilitado,No apto,http://regalospremium.cl/index.php?option=com_virtuemart&view=category&virtuemart_category_id=18,https://regalospremium.cl/index.php?option=com_virtuemart&view=category&virtuemart_category_id=18,LEGACY_VIRTUEMART,NO,PRODUCTO,Promocionales,Llaveros,,keyword→objeto,HIGH,0,0,0.0,1
venta de llaveros metalicos al por mayor,Concordancia amplia,Llaveros Metalicos #3,Habilitado,No apto,,,EMPTY,NO,PRODUCTO,Promocionales,Llaveros,,keyword→objeto,HIGH,0,0,0.0,1
llaveros grabados,Concordancia amplia,Llaveros Metalicos - grabados,Habilitado,No apto,http://regalospremium.cl/index.php?option=com_virtuemart&view=category&virtuemart_category_id=18,https://regalospremium.cl/index.php?option=com_virtuemart&view=category&virtuemart_category_id=18,LEGACY_VIRTUEMART,NO,PRODUCTO,Promocionales,Llaveros,,keyword→objeto,HIGH,0,0,0.0,1
llaveros grabados baratos,Concordancia amplia,Llaveros Metalicos - grabados,Habilitado,No apto,http://regalospremium.cl/index.php?option=com_virtuemart&view=category&virtuemart_category_id=18,https://regalospremium.cl/index.php?option=com_virtuemart&view=category&virtuemart_category_id=18,LEGACY_VIRTUEMART,NO,PRODUCTO,Promocionales,Llaveros,,keyword→objeto,HIGH,0,0,0.0,1
llaveros para grabar,Concordancia amplia,Llaveros Metalicos - grabados,Habilitado,No apto,http://regalospremium.cl/index.php?option=com_virtuemart&view=category&virtuemart_category_id=18,https://regalospremium.cl/index.php?option=com_virtuemart&view=category&virtuemart_category_id=18,LEGACY_VIRTUEMART,NO,PRODUCTO,Promocionales,Llaveros,,keyword→objeto,HIGH,0,0,0.0,1
llavero personalizado,Concordancia amplia,Llaveros Metalicos - personalizados,Habilitado,No apto,http://regalospremium.cl/index.php?option=com_virtuemart&view=category&virtuemart_category_id=18,https://regalospremium.cl/index.php?option=com_virtuemart&view=category&virtuemart_category_id=18,LEGACY_VIRTUEMART,NO,PRODUCTO,Promocionales,Llaveros,,keyword→objeto,HIGH,0,0,0.0,1
llaveros de plastico personalizados,Concordancia amplia,Llaveros Metalicos - personalizados,Habilitado,No apto,http://regalospremium.cl/index.php?option=com_virtuemart&view=category&virtuemart_category_id=18,https://regalospremium.cl/index.php?option=com_virtuemart&view=category&virtuemart_category_id=18,LEGACY_VIRTUEMART,NO,PRODUCTO,Promocionales,Llaveros,,keyword→objeto,HIGH,0,0,0.0,1
llaveros grabados personalizados,Concordancia amplia,Llaveros Metalicos - personalizados,Habilitado,No apto,http://regalospremium.cl/index.php?option=com_virtuemart&view=category&virtuemart_category_id=18,https://regalospremium.cl/index.php?option=com_virtuemart&view=category&virtuemart_category_id=18,LEGACY_VIRTUEMART,NO,PRODUCTO,Promocionales,Llaveros,,keyword→objeto,HIGH,0,0,0.0,1
llaveros personalizados,Concordancia amplia,Llaveros Metalicos - personalizados,Habilitado,No apto,http://regalospremium.cl/index.php?keyword=llaveros&limitstart=0&option=com_virtuemart&view=category,https://regalospremium.cl/index.php?keyword=llaveros&limitstart=0&option=com_virtuemart&view=category,LEGACY_VIRTUEMART,NO,PRODUCTO,Promocionales,Llaveros,,keyword→objeto,HIGH,0,0,0.0,1
llaveros personalizados baratos,Concordancia amplia,Llaveros Metalicos - personalizados,Habilitado,No apto,http://regalospremium.cl/index.php?option=com_virtuemart&view=category&virtuemart_category_id=18,https://regalospremium.cl/index.php?option=com_virtuemart&view=category&virtuemart_category_id=18,LEGACY_VIRTUEMART,NO,PRODUCTO,Promocionales,Llaveros,,keyword→objeto,HIGH,0,0,0.0,1
llaveros personalizados chile,Concordancia amplia,Llaveros Metalicos - personalizados,Habilitado,No apto,http://regalospremium.cl/index.php?keyword=llaveros&limitstart=0&option=com_virtuemart&view=category,https://regalospremium.cl/index.php?keyword=llaveros&limitstart=0&option=com_virtuemart&view=category,LEGACY_VIRTUEMART,NO,PRODUCTO,Promocionales,Llaveros,,keyword→objeto,HIGH,0,0,0.0,1
llaveros publicitarios personalizados,Concordancia amplia,Llaveros Metalicos - personalizados,Habilitado,No apto,http://regalospremium.cl/index.php?option=com_virtuemart&view=category&virtuemart_category_id=18,https://regalospremium.cl/index.php?option=com_virtuemart&view=category&virtuemart_category_id=18,LEGACY_VIRTUEMART,NO,PRODUCTO,Promocionales,Llaveros,,keyword→objeto,HIGH,0,0,0.0,1
llaveros publicitarios,Concordancia amplia,Llaveros Metalicos - publicitarios,Habilitado,No apto,http://regalospremium.cl/index.php?option=com_virtuemart&view=category&virtuemart_category_id=18,https://regalospremium.cl/index.php?option=com_virtuemart&view=category&virtuemart_category_id=18,LEGACY_VIRTUEMART,NO,PRODUCTO,Promocionales,Llaveros,,keyword→objeto,HIGH,0,0,0.0,1
llaveros publicitarios chile,Concordancia amplia,Llaveros Metalicos - publicitarios,Habilitado,No apto,,,EMPTY,NO,PRODUCTO,Promocionales,Llaveros,,keyword→objeto,HIGH,0,0,0.0,1
llaveros publicitarios economicos,Concordancia amplia,Llaveros Metalicos - publicitarios,Habilitado,No apto,http://regalospremium.cl/index.php?option=com_virtuemart&view=category&virtuemart_category_id=18,https://regalospremium.cl/index.php?option=com_virtuemart&view=category&virtuemart_category_id=18,LEGACY_VIRTUEMART,NO,PRODUCTO,Promocionales,Llaveros,,keyword→objeto,HIGH,0,0,0.0,1
llaveros publicitarios por mayor,Concordancia amplia,Llaveros Metalicos - publicitarios,Habilitado,No apto,http://regalospremium.cl/index.php?option=com_virtuemart&view=category&virtuemart_category_id=18,https://regalospremium.cl/index.php?option=com_virtuemart&view=category&virtuemart_category_id=18,LEGACY_VIRTUEMART,NO,PRODUCTO,Promocionales,Llaveros,,keyword→objeto,HIGH,0,0,0.0,1
llaveros publicitarios precios,Concordancia amplia,Llaveros Metalicos - publicitarios,Habilitado,No apto,http://regalospremium.cl/index.php?option=com_virtuemart&view=category&virtuemart_category_id=18,https://regalospremium.cl/index.php?option=com_virtuemart&view=category&virtuemart_category_id=18,LEGACY_VIRTUEMART,NO,PRODUCTO,Promocionales,Llaveros,,keyword→objeto,HIGH,0,0,0.0,1
[botella agua termica],Concordancia exacta,"Mugs, Botellas y Termos..",Habilitado,Limitado,https://regalospremium.cl/mugs-botellas-termos/,https://regalospremium.cl/mugs-botellas-termos/,CURRENT_FORMAT,NO,PRODUCTO,Hogar y Bebidas,Botellas,,keyword→objeto,HIGH,0,0,0.0,1
[botella de agua termica],Concordancia exacta,"Mugs, Botellas y Termos..",Habilitado,Limitado,https://regalospremium.cl/mugs-botellas-termos/,https://regalospremium.cl/mugs-botellas-termos/,CURRENT_FORMAT,NO,PRODUCTO,Hogar y Bebidas,Botellas,,keyword→objeto,HIGH,0,0,0.0,1
[botella termica],Concordancia exacta,"Mugs, Botellas y Termos..",Habilitado,Limitado,https://regalospremium.cl/mugs-botellas-termos/,https://regalospremium.cl/mugs-botellas-termos/,CURRENT_FORMAT,NO,PRODUCTO,Hogar y Bebidas,Botellas,,keyword→objeto,HIGH,0,0,0.0,1
[botella termo],Concordancia exacta,"Mugs, Botellas y Termos..",Habilitado,Limitado,https://regalospremium.cl/mugs-botellas-termos/,https://regalospremium.cl/mugs-botellas-termos/,CURRENT_FORMAT,NO,PRODUCTO,Hogar y Bebidas,Botellas,,keyword→objeto,HIGH,0,0,0.0,1
[mug personalizados],Concordancia exacta,"Mugs, Botellas y Termos..",Habilitado,Limitado,https://regalospremium.cl/mugs-botellas-termos/,https://regalospremium.cl/mugs-botellas-termos/,CURRENT_FORMAT,NO,PRODUCTO,Hogar y Bebidas,Mugs y Tazas,,keyword→objeto,HIGH,0,0,0.0,1
[mugs personalizadas],Concordancia exacta,"Mugs, Botellas y Termos..",Habilitado,Limitado,https://regalospremium.cl/mugs-botellas-termos/,https://regalospremium.cl/mugs-botellas-termos/,CURRENT_FORMAT,NO,PRODUCTO,Hogar y Bebidas,Mugs y Tazas,,keyword→objeto,HIGH,0,0,0.0,1
[personalizado de tazas],Concordancia exacta,"Mugs, Botellas y Termos..",Habilitado,Apto,https://regalospremium.cl/mugs-botellas-termos/,https://regalospremium.cl/mugs-botellas-termos/,CURRENT_FORMAT,NO,PRODUCTO,Hogar y Bebidas,Mugs y Tazas,,keyword→objeto,HIGH,0,0,0.0,1
[personalizar botella],Concordancia exacta,"Mugs, Botellas y Termos..",Habilitado,Limitado,https://regalospremium.cl/mugs-botellas-termos/,https://regalospremium.cl/mugs-botellas-termos/,CURRENT_FORMAT,NO,PRODUCTO,Hogar y Bebidas,Botellas,,keyword→objeto,HIGH,0,0,0.0,1
[personalizar mugs],Concordancia exacta,"Mugs, Botellas y Termos..",Habilitado,Limitado,https://regalospremium.cl/mugs-botellas-termos/,https://regalospremium.cl/mugs-botellas-termos/,CURRENT_FORMAT,NO,PRODUCTO,Hogar y Bebidas,Mugs y Tazas,,keyword→objeto,HIGH,0,0,0.0,1
[taza personalizada],Concordancia exacta,"Mugs, Botellas y Termos..",Habilitado,Limitado,https://regalospremium.cl/mugs-botellas-termos/,https://regalospremium.cl/mugs-botellas-termos/,CURRENT_FORMAT,NO,PRODUCTO,Hogar y Bebidas,Mugs y Tazas,,keyword→objeto,HIGH,0,0,0.0,1
[taza termica],Concordancia exacta,"Mugs, Botellas y Termos..",Habilitado,Limitado,https://regalospremium.cl/mugs-botellas-termos/,https://regalospremium.cl/mugs-botellas-termos/,CURRENT_FORMAT,NO,PRODUCTO,Hogar y Bebidas,Mugs y Tazas,,keyword→objeto,HIGH,0,0,0.0,1
[tazas decorativas],Concordancia exacta,"Mugs, Botellas y Termos..",Habilitado,Limitado,https://regalospremium.cl/mugs-botellas-termos/,https://regalospremium.cl/mugs-botellas-termos/,CURRENT_FORMAT,NO,PRODUCTO,Hogar y Bebidas,Mugs y Tazas,,keyword→objeto,HIGH,0,0,0.0,1
[vasos termicos],Concordancia exacta,"Mugs, Botellas y Termos..",Habilitado,Limitado,https://regalospremium.cl/mugs-botellas-termos/,https://regalospremium.cl/mugs-botellas-termos/,CURRENT_FORMAT,NO,USO_CAMPAÑA,Hogar y Bebidas,,Bebidas,fallback grupo histórico,MEDIUM,0,0,0.0,1
"""agua botella""",Concordancia de frase,"Mugs, Botellas y Termos..",Habilitado,Limitado,https://regalospremium.cl/mugs-botellas-termos/,https://regalospremium.cl/mugs-botellas-termos/,CURRENT_FORMAT,NO,PRODUCTO,Hogar y Bebidas,Botellas,,keyword→objeto,HIGH,0,0,0.0,1
"""botella acero inoxidable con nombre""",Concordancia de frase,"Mugs, Botellas y Termos..",Habilitado,Apto,https://regalospremium.cl/mugs-botellas-termos/,https://regalospremium.cl/mugs-botellas-termos/,CURRENT_FORMAT,NO,PRODUCTO,Hogar y Bebidas,Botellas,,keyword→objeto,HIGH,0,0,0.0,1
"""botella acero inoxidable personalizada""",Concordancia de frase,"Mugs, Botellas y Termos..",Habilitado,Apto,https://regalospremium.cl/mugs-botellas-termos/,https://regalospremium.cl/mugs-botellas-termos/,CURRENT_FORMAT,NO,PRODUCTO,Hogar y Bebidas,Botellas,,keyword→objeto,HIGH,0,0,0.0,1
"""botella acero personalizada""",Concordancia de frase,"Mugs, Botellas y Termos..",Habilitado,Limitado,https://regalospremium.cl/mugs-botellas-termos/,https://regalospremium.cl/mugs-botellas-termos/,CURRENT_FORMAT,NO,PRODUCTO,Hogar y Bebidas,Botellas,,keyword→objeto,HIGH,0,0,0.0,1
"""botella agua""",Concordancia de frase,"Mugs, Botellas y Termos..",Habilitado,Limitado,https://regalospremium.cl/mugs-botellas-termos/,https://regalospremium.cl/mugs-botellas-termos/,CURRENT_FORMAT,NO,PRODUCTO,Hogar y Bebidas,Botellas,,keyword→objeto,HIGH,0,0,0.0,1
"""botella agua acero inoxidable personalizada""",Concordancia de frase,"Mugs, Botellas y Termos..",Habilitado,Apto,https://regalospremium.cl/mugs-botellas-termos/,https://regalospremium.cl/mugs-botellas-termos/,CURRENT_FORMAT,NO,PRODUCTO,Hogar y Bebidas,Botellas,,keyword→objeto,HIGH,0,0,0.0,1
"""botella agua acero personalizada""",Concordancia de frase,"Mugs, Botellas y Termos..",Habilitado,Apto,https://regalospremium.cl/mugs-botellas-termos/,https://regalospremium.cl/mugs-botellas-termos/,CURRENT_FORMAT,NO,PRODUCTO,Hogar y Bebidas,Botellas,,keyword→objeto,HIGH,0,0,0.0,1
"""botella agua aluminio personalizada""",Concordancia de frase,"Mugs, Botellas y Termos..",Habilitado,Limitado,https://regalospremium.cl/mugs-botellas-termos/,https://regalospremium.cl/mugs-botellas-termos/,CURRENT_FORMAT,NO,PRODUCTO,Hogar y Bebidas,Botellas,,keyword→objeto,HIGH,0,0,0.0,1
"""botella agua bebe personalizada""",Concordancia de frase,"Mugs, Botellas y Termos..",Habilitado,Apto,https://regalospremium.cl/mugs-botellas-termos/,https://regalospremium.cl/mugs-botellas-termos/,CURRENT_FORMAT,NO,PRODUCTO,Hogar y Bebidas,Botellas,,keyword→objeto,HIGH,0,0,0.0,1
"""botella agua personalizada profesora""",Concordancia de frase,"Mugs, Botellas y Termos..",Habilitado,Limitado,https://regalospremium.cl/mugs-botellas-termos/,https://regalospremium.cl/mugs-botellas-termos/,CURRENT_FORMAT,NO,PRODUCTO,Hogar y Bebidas,Botellas,,keyword→objeto,HIGH,0,0,0.0,1
"""botella agua reutilizable personalizada""",Concordancia de frase,"Mugs, Botellas y Termos..",Habilitado,Apto,https://regalospremium.cl/mugs-botellas-termos/,https://regalospremium.cl/mugs-botellas-termos/,CURRENT_FORMAT,NO,PRODUCTO,Hogar y Bebidas,Botellas,,keyword→objeto,HIGH,0,0,0.0,1
"""botella aluminio personalizada""",Concordancia de frase,"Mugs, Botellas y Termos..",Habilitado,Limitado,https://regalospremium.cl/mugs-botellas-termos/,https://regalospremium.cl/mugs-botellas-termos/,CURRENT_FORMAT,NO,PRODUCTO,Hogar y Bebidas,Botellas,,keyword→objeto,HIGH,0,0,0.0,1
"""botella bolsa""",Concordancia de frase,"Mugs, Botellas y Termos..",Habilitado,Limitado,https://regalospremium.cl/mugs-botellas-termos/,https://regalospremium.cl/mugs-botellas-termos/,CURRENT_FORMAT,NO,PRODUCTO,Hogar y Bebidas,Botellas,,keyword→objeto,HIGH,0,0,0.0,1
"""botella de agu""",Concordancia de frase,"Mugs, Botellas y Termos..",Habilitado,Limitado,https://regalospremium.cl/mugs-botellas-termos/,https://regalospremium.cl/mugs-botellas-termos/,CURRENT_FORMAT,NO,PRODUCTO,Hogar y Bebidas,Botellas,,keyword→objeto,HIGH,0,0,0.0,1
"""botella de agua aluminio personalizada""",Concordancia de frase,"Mugs, Botellas y Termos..",Habilitado,Limitado,https://regalospremium.cl/mugs-botellas-termos/,https://regalospremium.cl/mugs-botellas-termos/,CURRENT_FORMAT,NO,PRODUCTO,Hogar y Bebidas,Botellas,,keyword→objeto,HIGH,0,0,0.0,1
"""botella de agua metalica""",Concordancia de frase,"Mugs, Botellas y Termos..",Habilitado,Limitado,https://regalospremium.cl/mugs-botellas-termos/,https://regalospremium.cl/mugs-botellas-termos/,CURRENT_FORMAT,NO,PRODUCTO,Hogar y Bebidas,Botellas,,keyword→objeto,HIGH,0,0,0.0,1
"""botella de agua metalica 1 litro""",Concordancia de frase,"Mugs, Botellas y Termos..",Habilitado,Limitado,https://regalospremium.cl/mugs-botellas-termos/,https://regalospremium.cl/mugs-botellas-termos/,CURRENT_FORMAT,NO,PRODUCTO,Hogar y Bebidas,Botellas,,keyword→objeto,HIGH,0,0,0.0,1
"""botella de agua personalizada acero inoxidable""",Concordancia de frase,"Mugs, Botellas y Termos..",Habilitado,Limitado,https://regalospremium.cl/mugs-botellas-termos/,https://regalospremium.cl/mugs-botellas-termos/,CURRENT_FORMAT,NO,PRODUCTO,Hogar y Bebidas,Botellas,,keyword→objeto,HIGH,0,0,0.0,1
"""botella de agua promocional""",Concordancia de frase,"Mugs, Botellas y Termos..",Habilitado,Apto,https://regalospremium.cl/mugs-botellas-termos/,https://regalospremium.cl/mugs-botellas-termos/,CURRENT_FORMAT,NO,PRODUCTO,Hogar y Bebidas,Botellas,,keyword→objeto,HIGH,0,0,0.0,1
"""botella de agua publicidad""",Concordancia de frase,"Mugs, Botellas y Termos..",Habilitado,Apto,https://regalospremium.cl/mugs-botellas-termos/,https://regalospremium.cl/mugs-botellas-termos/,CURRENT_FORMAT,NO,PRODUCTO,Hogar y Bebidas,Botellas,,keyword→objeto,HIGH,0,0,0.0,1
"""botella de agua termica personalizada""",Concordancia de frase,"Mugs, Botellas y Termos..",Habilitado,Limitado,https://regalospremium.cl/mugs-botellas-termos/,https://regalospremium.cl/mugs-botellas-termos/,CURRENT_FORMAT,NO,PRODUCTO,Hogar y Bebidas,Botellas,,keyword→objeto,HIGH,0,0,0.0,1
"""botella de aluminio para agua""",Concordancia de frase,"Mugs, Botellas y Termos..",Habilitado,Limitado,https://regalospremium.cl/mugs-botellas-termos/,https://regalospremium.cl/mugs-botellas-termos/,CURRENT_FORMAT,NO,PRODUCTO,Hogar y Bebidas,Botellas,,keyword→objeto,HIGH,0,0,0.0,1
"""botella de aluminio personalizada""",Concordancia de frase,"Mugs, Botellas y Termos..",Habilitado,Limitado,https://regalospremium.cl/mugs-botellas-termos/,https://regalospremium.cl/mugs-botellas-termos/,CURRENT_FORMAT,NO,PRODUCTO,Hogar y Bebidas,Botellas,,keyword→objeto,HIGH,0,0,0.0,1
"""botella de bolsa""",Concordancia de frase,"Mugs, Botellas y Termos..",Habilitado,Limitado,https://regalospremium.cl/mugs-botellas-termos/,https://regalospremium.cl/mugs-botellas-termos/,CURRENT_FORMAT,NO,PRODUCTO,Hogar y Bebidas,Botellas,,keyword→objeto,HIGH,0,0,0.0,1
"""botella de metal para agua""",Concordancia de frase,"Mugs, Botellas y Termos..",Habilitado,Limitado,https://regalospremium.cl/mugs-botellas-termos/,https://regalospremium.cl/mugs-botellas-termos/,CURRENT_FORMAT,NO,PRODUCTO,Hogar y Bebidas,Botellas,,keyword→objeto,HIGH,0,0,0.0,1
"""botella gimnasio personalizada""",Concordancia de frase,"Mugs, Botellas y Termos..",Habilitado,Limitado,https://regalospremium.cl/mugs-botellas-termos/,https://regalospremium.cl/mugs-botellas-termos/,CURRENT_FORMAT,NO,PRODUCTO,Hogar y Bebidas,Botellas,,keyword→objeto,HIGH,0,0,0.0,1
"""botella infantil personalizada""",Concordancia de frase,"Mugs, Botellas y Termos..",Habilitado,Apto,https://regalospremium.cl/mugs-botellas-termos/,https://regalospremium.cl/mugs-botellas-termos/,CURRENT_FORMAT,NO,PRODUCTO,Hogar y Bebidas,Botellas,,keyword→objeto,HIGH,0,0,0.0,1
"""botella keep aluminio""",Concordancia de frase,"Mugs, Botellas y Termos..",Habilitado,Limitado,https://regalospremium.cl/mugs-botellas-termos/,https://regalospremium.cl/mugs-botellas-termos/,CURRENT_FORMAT,NO,PRODUCTO,Hogar y Bebidas,Botellas,,keyword→objeto,HIGH,0,0,0.0,1
"""botella metal""",Concordancia de frase,"Mugs, Botellas y Termos..",Habilitado,Limitado,https://regalospremium.cl/mugs-botellas-termos/,https://regalospremium.cl/mugs-botellas-termos/,CURRENT_FORMAT,NO,PRODUCTO,Hogar y Bebidas,Botellas,,keyword→objeto,HIGH,0,0,0.0,1
"""botella metal agua""",Concordancia de frase,"Mugs, Botellas y Termos..",Habilitado,Limitado,https://regalospremium.cl/mugs-botellas-termos/,https://regalospremium.cl/mugs-botellas-termos/,CURRENT_FORMAT,NO,PRODUCTO,Hogar y Bebidas,Botellas,,keyword→objeto,HIGH,0,0,0.0,1
"""botella metálica""",Concordancia de frase,"Mugs, Botellas y Termos..",Habilitado,Limitado,https://regalospremium.cl/mugs-botellas-termos/,https://regalospremium.cl/mugs-botellas-termos/,CURRENT_FORMAT,NO,PRODUCTO,Hogar y Bebidas,Botellas,,keyword→objeto,HIGH,0,0,0.0,1
"""botella metálica 1 litro""",Concordancia de frase,"Mugs, Botellas y Termos..",Habilitado,Limitado,https://regalospremium.cl/mugs-botellas-termos/,https://regalospremium.cl/mugs-botellas-termos/,CURRENT_FORMAT,NO,PRODUCTO,Hogar y Bebidas,Botellas,,keyword→objeto,HIGH,0,0,0.0,1
"""botella metalica agua""",Concordancia de frase,"Mugs, Botellas y Termos..",Habilitado,Limitado,https://regalospremium.cl/mugs-botellas-termos/,https://regalospremium.cl/mugs-botellas-termos/,CURRENT_FORMAT,NO,PRODUCTO,Hogar y Bebidas,Botellas,,keyword→objeto,HIGH,0,0,0.0,1
"""botella metalica de agua""",Concordancia de frase,"Mugs, Botellas y Termos..",Habilitado,Limitado,https://regalospremium.cl/mugs-botellas-termos/,https://regalospremium.cl/mugs-botellas-termos/,CURRENT_FORMAT,NO,PRODUCTO,Hogar y Bebidas,Botellas,,keyword→objeto,HIGH,0,0,0.0,1
"""botella metálica deportiva""",Concordancia de frase,"Mugs, Botellas y Termos..",Habilitado,No apto,https://regalospremium.cl/mugs-botellas-termos/,https://regalospremium.cl/mugs-botellas-termos/,CURRENT_FORMAT,NO,PRODUCTO,Hogar y Bebidas,Botellas,,keyword→objeto,HIGH,0,0,0.0,1
"""botella metalizada""",Concordancia de frase,"Mugs, Botellas y Termos..",Habilitado,Limitado,https://regalospremium.cl/mugs-botellas-termos/,https://regalospremium.cl/mugs-botellas-termos/,CURRENT_FORMAT,NO,PRODUCTO,Hogar y Bebidas,Botellas,,keyword→objeto,HIGH,0,0,0.0,1
"""botella para agua""",Concordancia de frase,"Mugs, Botellas y Termos..",Habilitado,Limitado,https://regalospremium.cl/mugs-botellas-termos/,https://regalospremium.cl/mugs-botellas-termos/,CURRENT_FORMAT,NO,PRODUCTO,Hogar y Bebidas,Botellas,,keyword→objeto,HIGH,0,0,0.0,1
"""botella para agua metalica""",Concordancia de frase,"Mugs, Botellas y Termos..",Habilitado,Limitado,https://regalospremium.cl/mugs-botellas-termos/,https://regalospremium.cl/mugs-botellas-termos/,CURRENT_FORMAT,NO,PRODUCTO,Hogar y Bebidas,Botellas,,keyword→objeto,HIGH,0,0,0.0,1
"""botella termica metalica""",Concordancia de frase,"Mugs, Botellas y Termos..",Habilitado,Limitado,https://regalospremium.cl/mugs-botellas-termos/,https://regalospremium.cl/mugs-botellas-termos/,CURRENT_FORMAT,NO,PRODUCTO,Hogar y Bebidas,Botellas,,keyword→objeto,HIGH,0,0,0.0,1
"""botella termico""",Concordancia de frase,"Mugs, Botellas y Termos..",Habilitado,Limitado,https://regalospremium.cl/mugs-botellas-termos/,https://regalospremium.cl/mugs-botellas-termos/,CURRENT_FORMAT,NO,PRODUCTO,Hogar y Bebidas,Botellas,,keyword→objeto,HIGH,0,0,0.0,1
"""botella termo personalizada""",Concordancia de frase,"Mugs, Botellas y Termos..",Habilitado,Limitado,https://regalospremium.cl/mugs-botellas-termos/,https://regalospremium.cl/mugs-botellas-termos/,CURRENT_FORMAT,NO,PRODUCTO,Hogar y Bebidas,Botellas,,keyword→objeto,HIGH,0,0,0.0,1
"""botellas 500 cc""",Concordancia de frase,"Mugs, Botellas y Termos..",Habilitado,Limitado,https://regalospremium.cl/mugs-botellas-termos/,https://regalospremium.cl/mugs-botellas-termos/,CURRENT_FORMAT,NO,PRODUCTO,Hogar y Bebidas,Botellas,,keyword→objeto,HIGH,0,0,0.0,1
"""botellas agua cristal personalizadas""",Concordancia de frase,"Mugs, Botellas y Termos..",Habilitado,Apto,https://regalospremium.cl/mugs-botellas-termos/,https://regalospremium.cl/mugs-botellas-termos/,CURRENT_FORMAT,NO,PRODUCTO,Hogar y Bebidas,Botellas,,keyword→objeto,HIGH,0,0,0.0,1
"""botellas agua personalizables""",Concordancia de frase,"Mugs, Botellas y Termos..",Habilitado,Limitado,https://regalospremium.cl/mugs-botellas-termos/,https://regalospremium.cl/mugs-botellas-termos/,CURRENT_FORMAT,NO,PRODUCTO,Hogar y Bebidas,Botellas,,keyword→objeto,HIGH,0,0,0.0,1
"""botellas agua personalizadas baratas""",Concordancia de frase,"Mugs, Botellas y Termos..",Habilitado,Limitado,https://regalospremium.cl/mugs-botellas-termos/,https://regalospremium.cl/mugs-botellas-termos/,CURRENT_FORMAT,NO,PRODUCTO,Hogar y Bebidas,Botellas,,keyword→objeto,HIGH,0,0,0.0,1
"""botellas agua personalizadas comunion""",Concordancia de frase,"Mugs, Botellas y Termos..",Habilitado,Apto,https://regalospremium.cl/mugs-botellas-termos/,https://regalospremium.cl/mugs-botellas-termos/,CURRENT_FORMAT,NO,PRODUCTO,Hogar y Bebidas,Botellas,,keyword→objeto,HIGH,0,0,0.0,1
"""botellas aluminio por mayor""",Concordancia de frase,"Mugs, Botellas y Termos..",Habilitado,Limitado,https://regalospremium.cl/mugs-botellas-termos/,https://regalospremium.cl/mugs-botellas-termos/,CURRENT_FORMAT,NO,PRODUCTO,Hogar y Bebidas,Botellas,,keyword→objeto,HIGH,0,0,0.0,1
"""botellas bici personalizadas""",Concordancia de frase,"Mugs, Botellas y Termos..",Habilitado,Apto,https://regalospremium.cl/mugs-botellas-termos/,https://regalospremium.cl/mugs-botellas-termos/,CURRENT_FORMAT,NO,PRODUCTO,Hogar y Bebidas,Botellas,,keyword→objeto,HIGH,0,0,0.0,1
"""botellas con fotos impresas""",Concordancia de frase,"Mugs, Botellas y Termos..",Habilitado,Apto,https://regalospremium.cl/mugs-botellas-termos/,https://regalospremium.cl/mugs-botellas-termos/,CURRENT_FORMAT,NO,PRODUCTO,Hogar y Bebidas,Botellas,,keyword→objeto,HIGH,0,0,0.0,1
"""botellas con tu nombre""",Concordancia de frase,"Mugs, Botellas y Termos..",Habilitado,Apto,https://regalospremium.cl/mugs-botellas-termos/,https://regalospremium.cl/mugs-botellas-termos/,CURRENT_FORMAT,NO,PRODUCTO,Hogar y Bebidas,Botellas,,keyword→objeto,HIGH,0,0,0.0,1
"""botellas corporativas""",Concordancia de frase,"Mugs, Botellas y Termos..",Habilitado,Limitado,https://regalospremium.cl/mugs-botellas-termos/,https://regalospremium.cl/mugs-botellas-termos/,CURRENT_FORMAT,NO,PRODUCTO,Hogar y Bebidas,Botellas,,keyword→objeto,HIGH,0,0,0.0,1
"""botellas cristal agua personalizadas""",Concordancia de frase,"Mugs, Botellas y Termos..",Habilitado,Apto,https://regalospremium.cl/mugs-botellas-termos/,https://regalospremium.cl/mugs-botellas-termos/,CURRENT_FORMAT,NO,PRODUCTO,Hogar y Bebidas,Botellas,,keyword→objeto,HIGH,0,0,0.0,1
"""botellas de 500 cc""",Concordancia de frase,"Mugs, Botellas y Termos..",Habilitado,Limitado,https://regalospremium.cl/mugs-botellas-termos/,https://regalospremium.cl/mugs-botellas-termos/,CURRENT_FORMAT,NO,PRODUCTO,Hogar y Bebidas,Botellas,,keyword→objeto,HIGH,0,0,0.0,1
"""botellas de acero""",Concordancia de frase,"Mugs, Botellas y Termos..",Habilitado,Limitado,https://regalospremium.cl/mugs-botellas-termos/,https://regalospremium.cl/mugs-botellas-termos/,CURRENT_FORMAT,NO,PRODUCTO,Hogar y Bebidas,Botellas,,keyword→objeto,HIGH,0,0,0.0,1
"""botellas de acero inoxidable personalizadas""",Concordancia de frase,"Mugs, Botellas y Termos..",Habilitado,Apto,https://regalospremium.cl/mugs-botellas-termos/,https://regalospremium.cl/mugs-botellas-termos/,CURRENT_FORMAT,NO,PRODUCTO,Hogar y Bebidas,Botellas,,keyword→objeto,HIGH,0,0,0.0,1
"""botellas de acero personalizadas""",Concordancia de frase,"Mugs, Botellas y Termos..",Habilitado,Limitado,https://regalospremium.cl/mugs-botellas-termos/,https://regalospremium.cl/mugs-botellas-termos/,CURRENT_FORMAT,NO,PRODUCTO,Hogar y Bebidas,Botellas,,keyword→objeto,HIGH,0,0,0.0,1
"""botellas de agua acero inoxidable personalizadas""",Concordancia de frase,"Mugs, Botellas y Termos..",Habilitado,Limitado,https://regalospremium.cl/mugs-botellas-termos/,https://regalospremium.cl/mugs-botellas-termos/,CURRENT_FORMAT,NO,PRODUCTO,Hogar y Bebidas,Botellas,,keyword→objeto,HIGH,0,0,0.0,1
"""botellas de agua brandeadas""",Concordancia de frase,"Mugs, Botellas y Termos..",Habilitado,Apto,https://regalospremium.cl/mugs-botellas-termos/,https://regalospremium.cl/mugs-botellas-termos/,CURRENT_FORMAT,NO,PRODUCTO,Hogar y Bebidas,Botellas,,keyword→objeto,HIGH,0,0,0.0,1
"""botellas de agua con logo""",Concordancia de frase,"Mugs, Botellas y Termos..",Habilitado,Limitado,https://regalospremium.cl/mugs-botellas-termos/,https://regalospremium.cl/mugs-botellas-termos/,CURRENT_FORMAT,NO,PRODUCTO,Hogar y Bebidas,Botellas,,keyword→objeto,HIGH,0,0,0.0,1
"""botellas de agua con logo empresa""",Concordancia de frase,"Mugs, Botellas y Termos..",Habilitado,Limitado,https://regalospremium.cl/mugs-botellas-termos/,https://regalospremium.cl/mugs-botellas-termos/,CURRENT_FORMAT,NO,PRODUCTO,Hogar y Bebidas,Botellas,,keyword→objeto,HIGH,0,0,0.0,1
"""botellas de agua con tu marca""",Concordancia de frase,"Mugs, Botellas y Termos..",Habilitado,Apto,https://regalospremium.cl/mugs-botellas-termos/,https://regalospremium.cl/mugs-botellas-termos/,CURRENT_FORMAT,NO,PRODUCTO,Hogar y Bebidas,Botellas,,keyword→objeto,HIGH,0,0,0.0,1
"""botellas de agua cristal personalizadas""",Concordancia de frase,"Mugs, Botellas y Termos..",Habilitado,Limitado,https://regalospremium.cl/mugs-botellas-termos/,https://regalospremium.cl/mugs-botellas-termos/,CURRENT_FORMAT,NO,PRODUCTO,Hogar y Bebidas,Botellas,,keyword→objeto,HIGH,0,0,0.0,1
"""botellas de agua cristal personalizadas para empresas""",Concordancia de frase,"Mugs, Botellas y Termos..",Habilitado,Apto,https://regalospremium.cl/mugs-botellas-termos/,https://regalospremium.cl/mugs-botellas-termos/,CURRENT_FORMAT,NO,PRODUCTO,Hogar y Bebidas,Botellas,,keyword→objeto,HIGH,0,0,0.0,1
"""botellas de agua de cristal personalizadas""",Concordancia de frase,"Mugs, Botellas y Termos..",Habilitado,Limitado,https://regalospremium.cl/mugs-botellas-termos/,https://regalospremium.cl/mugs-botellas-termos/,CURRENT_FORMAT,NO,PRODUCTO,Hogar y Bebidas,Botellas,,keyword→objeto,HIGH,0,0,0.0,1
"""botellas de agua de vidrio personalizadas""",Concordancia de frase,"Mugs, Botellas y Termos..",Habilitado,Limitado,https://regalospremium.cl/mugs-botellas-termos/,https://regalospremium.cl/mugs-botellas-termos/,CURRENT_FORMAT,NO,PRODUCTO,Hogar y Bebidas,Botellas,,keyword→objeto,HIGH,0,0,0.0,1
"""botellas de agua deportivas personalizadas""",Concordancia de frase,"Mugs, Botellas y Termos..",Habilitado,Limitado,https://regalospremium.cl/mugs-botellas-termos/,https://regalospremium.cl/mugs-botellas-termos/,CURRENT_FORMAT,NO,PRODUCTO,Hogar y Bebidas,Botellas,,keyword→objeto,HIGH,0,0,0.0,1
"""botellas de agua grabadas""",Concordancia de frase,"Mugs, Botellas y Termos..",Habilitado,Limitado,https://regalospremium.cl/mugs-botellas-termos/,https://regalospremium.cl/mugs-botellas-termos/,CURRENT_FORMAT,NO,PRODUCTO,Hogar y Bebidas,Botellas,,keyword→objeto,HIGH,0,0,0.0,1
"""botellas de agua impresas""",Concordancia de frase,"Mugs, Botellas y Termos..",Habilitado,Limitado,https://regalospremium.cl/mugs-botellas-termos/,https://regalospremium.cl/mugs-botellas-termos/,CURRENT_FORMAT,NO,PRODUCTO,Hogar y Bebidas,Botellas,,keyword→objeto,HIGH,0,0,0.0,1
"""botellas de agua infantiles personalizadas""",Concordancia de frase,"Mugs, Botellas y Termos..",Habilitado,Apto,https://regalospremium.cl/mugs-botellas-termos/,https://regalospremium.cl/mugs-botellas-termos/,CURRENT_FORMAT,NO,PRODUCTO,Hogar y Bebidas,Botellas,,keyword→objeto,HIGH,0,0,0.0,1
"""botellas de agua metalicas personalizadas""",Concordancia de frase,"Mugs, Botellas y Termos..",Habilitado,Limitado,https://regalospremium.cl/mugs-botellas-termos/,https://regalospremium.cl/mugs-botellas-termos/,CURRENT_FORMAT,NO,PRODUCTO,Hogar y Bebidas,Botellas,,keyword→objeto,HIGH,0,0,0.0,1
"""botellas de agua para estampar""",Concordancia de frase,"Mugs, Botellas y Termos..",Habilitado,Apto,https://regalospremium.cl/mugs-botellas-termos/,https://regalospremium.cl/mugs-botellas-termos/,CURRENT_FORMAT,NO,PRODUCTO,Hogar y Bebidas,Botellas,,keyword→objeto,HIGH,0,0,0.0,1
"""botellas de agua para eventos""",Concordancia de frase,"Mugs, Botellas y Termos..",Habilitado,Limitado,https://regalospremium.cl/mugs-botellas-termos/,https://regalospremium.cl/mugs-botellas-termos/,CURRENT_FORMAT,NO,PRODUCTO,Hogar y Bebidas,Botellas,,keyword→objeto,HIGH,0,0,0.0,1
"""botellas de agua para personalizar""",Concordancia de frase,"Mugs, Botellas y Termos..",Habilitado,Limitado,https://regalospremium.cl/mugs-botellas-termos/,https://regalospremium.cl/mugs-botellas-termos/,CURRENT_FORMAT,NO,PRODUCTO,Hogar y Bebidas,Botellas,,keyword→objeto,HIGH,0,0,0.0,1
"""botellas de agua para regalar""",Concordancia de frase,"Mugs, Botellas y Termos..",Habilitado,Limitado,https://regalospremium.cl/mugs-botellas-termos/,https://regalospremium.cl/mugs-botellas-termos/,CURRENT_FORMAT,NO,PRODUCTO,Hogar y Bebidas,Botellas,,keyword→objeto,HIGH,0,0,0.0,1
"""botellas de agua pequeñas personalizadas""",Concordancia de frase,"Mugs, Botellas y Termos..",Habilitado,Limitado,https://regalospremium.cl/mugs-botellas-termos/,https://regalospremium.cl/mugs-botellas-termos/,CURRENT_FORMAT,NO,PRODUCTO,Hogar y Bebidas,Botellas,,keyword→objeto,HIGH,0,0,0.0,1
"""botellas de agua personalizadas""",Concordancia de frase,"Mugs, Botellas y Termos..",Habilitado,Limitado,https://regalospremium.cl/mugs-botellas-termos/,https://regalospremium.cl/mugs-botellas-termos/,CURRENT_FORMAT,NO,PRODUCTO,Hogar y Bebidas,Botellas,,keyword→objeto,HIGH,0,0,0.0,1
"""botellas de agua personalizadas baratas""",Concordancia de frase,"Mugs, Botellas y Termos..",Habilitado,Limitado,https://regalospremium.cl/mugs-botellas-termos/,https://regalospremium.cl/mugs-botellas-termos/,CURRENT_FORMAT,NO,PRODUCTO,Hogar y Bebidas,Botellas,,keyword→objeto,HIGH,0,0,0.0,1
"""botellas de agua personalizadas con nombre""",Concordancia de frase,"Mugs, Botellas y Termos..",Habilitado,Limitado,https://regalospremium.cl/mugs-botellas-termos/,https://regalospremium.cl/mugs-botellas-termos/,CURRENT_FORMAT,NO,PRODUCTO,Hogar y Bebidas,Botellas,,keyword→objeto,HIGH,0,0,0.0,1
"""botellas de agua personalizadas con nombre baratas""",Concordancia de frase,"Mugs, Botellas y Termos..",Habilitado,Limitado,https://regalospremium.cl/mugs-botellas-termos/,https://regalospremium.cl/mugs-botellas-termos/,CURRENT_FORMAT,NO,PRODUCTO,Hogar y Bebidas,Botellas,,keyword→objeto,HIGH,0,0,0.0,1
"""botellas de agua personalizadas para boda""",Concordancia de frase,"Mugs, Botellas y Termos..",Habilitado,Apto,https://regalospremium.cl/mugs-botellas-termos/,https://regalospremium.cl/mugs-botellas-termos/,CURRENT_FORMAT,NO,PRODUCTO,Hogar y Bebidas,Botellas,,keyword→objeto,HIGH,0,0,0.0,1
"""botellas de agua personalizadas para comunión""",Concordancia de frase,"Mugs, Botellas y Termos..",Habilitado,Apto,https://regalospremium.cl/mugs-botellas-termos/,https://regalospremium.cl/mugs-botellas-termos/,CURRENT_FORMAT,NO,PRODUCTO,Hogar y Bebidas,Botellas,,keyword→objeto,HIGH,0,0,0.0,1
"""botellas de agua personalizadas para cumpleaños""",Concordancia de frase,"Mugs, Botellas y Termos..",Habilitado,Apto,https://regalospremium.cl/mugs-botellas-termos/,https://regalospremium.cl/mugs-botellas-termos/,CURRENT_FORMAT,NO,PRODUCTO,Hogar y Bebidas,Botellas,,keyword→objeto,HIGH,0,0,0.0,1
"""botellas de agua personalizadas para profesores""",Concordancia de frase,"Mugs, Botellas y Termos..",Habilitado,Apto,https://regalospremium.cl/mugs-botellas-termos/,https://regalospremium.cl/mugs-botellas-termos/,CURRENT_FORMAT,NO,PRODUCTO,Hogar y Bebidas,Botellas,,keyword→objeto,HIGH,0,0,0.0,1
"""botellas de agua personalizadas reutilizables""",Concordancia de frase,"Mugs, Botellas y Termos..",Habilitado,Apto,https://regalospremium.cl/mugs-botellas-termos/,https://regalospremium.cl/mugs-botellas-termos/,CURRENT_FORMAT,NO,PRODUCTO,Hogar y Bebidas,Botellas,,keyword→objeto,HIGH,0,0,0.0,1
"""botellas de agua plastico personalizadas""",Concordancia de frase,"Mugs, Botellas y Termos..",Habilitado,Limitado,https://regalospremium.cl/mugs-botellas-termos/,https://regalospremium.cl/mugs-botellas-termos/,CURRENT_FORMAT,NO,PRODUCTO,Hogar y Bebidas,Botellas,,keyword→objeto,HIGH,0,0,0.0,1
"""botellas de agua publicitarias""",Concordancia de frase,"Mugs, Botellas y Termos..",Habilitado,Limitado,https://regalospremium.cl/mugs-botellas-termos/,https://regalospremium.cl/mugs-botellas-termos/,CURRENT_FORMAT,NO,PRODUCTO,Hogar y Bebidas,Botellas,,keyword→objeto,HIGH,0,0,0.0,1
"""botellas de agua reutilizables personalizadas""",Concordancia de frase,"Mugs, Botellas y Termos..",Habilitado,Limitado,https://regalospremium.cl/mugs-botellas-termos/,https://regalospremium.cl/mugs-botellas-termos/,CURRENT_FORMAT,NO,PRODUCTO,Hogar y Bebidas,Botellas,,keyword→objeto,HIGH,0,0,0.0,1
"""botellas de agua serigrafiadas""",Concordancia de frase,"Mugs, Botellas y Termos..",Habilitado,Limitado,https://regalospremium.cl/mugs-botellas-termos/,https://regalospremium.cl/mugs-botellas-termos/,CURRENT_FORMAT,NO,PRODUCTO,Hogar y Bebidas,Botellas,,keyword→objeto,HIGH,0,0,0.0,1
"""botellas de aluminio""",Concordancia de frase,"Mugs, Botellas y Termos..",Habilitado,Limitado,https://regalospremium.cl/mugs-botellas-termos/,https://regalospremium.cl/mugs-botellas-termos/,CURRENT_FORMAT,NO,PRODUCTO,Hogar y Bebidas,Botellas,,keyword→objeto,HIGH,0,0,0.0,1
"""botellas de aluminio por mayor""",Concordancia de frase,"Mugs, Botellas y Termos..",Habilitado,Limitado,https://regalospremium.cl/mugs-botellas-termos/,https://regalospremium.cl/mugs-botellas-termos/,CURRENT_FORMAT,NO,PRODUCTO,Hogar y Bebidas,Botellas,,keyword→objeto,HIGH,0,0,0.0,1
"""botellas de cristal para agua personalizadas""",Concordancia de frase,"Mugs, Botellas y Termos..",Habilitado,Apto,https://regalospremium.cl/mugs-botellas-termos/,https://regalospremium.cl/mugs-botellas-termos/,CURRENT_FORMAT,NO,PRODUCTO,Hogar y Bebidas,Botellas,,keyword→objeto,HIGH,0,0,0.0,1
"""botellas de cristal personalizadas""",Concordancia de frase,"Mugs, Botellas y Termos..",Habilitado,Limitado,https://regalospremium.cl/mugs-botellas-termos/,https://regalospremium.cl/mugs-botellas-termos/,CURRENT_FORMAT,NO,PRODUCTO,Hogar y Bebidas,Botellas,,keyword→objeto,HIGH,0,0,0.0,1
"""botellas de metal""",Concordancia de frase,"Mugs, Botellas y Termos..",Habilitado,Apto,https://regalospremium.cl/mugs-botellas-termos/,https://regalospremium.cl/mugs-botellas-termos/,CURRENT_FORMAT,NO,PRODUCTO,Hogar y Bebidas,Botellas,,keyword→objeto,HIGH,0,0,0.0,1
"""botellas deportivas""",Concordancia de frase,"Mugs, Botellas y Termos..",Habilitado,Limitado,https://regalospremium.cl/mugs-botellas-termos/,https://regalospremium.cl/mugs-botellas-termos/,CURRENT_FORMAT,NO,PRODUCTO,Hogar y Bebidas,Botellas,,keyword→objeto,HIGH,0,0,0.0,1
"""botellas dia del padre""",Concordancia de frase,"Mugs, Botellas y Termos..",Habilitado,Limitado,https://regalospremium.cl/mugs-botellas-termos/,https://regalospremium.cl/mugs-botellas-termos/,CURRENT_FORMAT,NO,PRODUCTO,Hogar y Bebidas,Botellas,,keyword→objeto,HIGH,0,0,0.0,1
"""botellas ecologicas personalizadas""",Concordancia de frase,"Mugs, Botellas y Termos..",Habilitado,Limitado,https://regalospremium.cl/mugs-botellas-termos/,https://regalospremium.cl/mugs-botellas-termos/,CURRENT_FORMAT,NO,PRODUCTO,Hogar y Bebidas,Botellas,,keyword→objeto,HIGH,0,0,0.0,1
"""botellas en bolsa""",Concordancia de frase,"Mugs, Botellas y Termos..",Habilitado,Limitado,https://regalospremium.cl/mugs-botellas-termos/,https://regalospremium.cl/mugs-botellas-termos/,CURRENT_FORMAT,NO,PRODUCTO,Hogar y Bebidas,Botellas,,keyword→objeto,HIGH,0,0,0.0,1
"""botellas grabadas""",Concordancia de frase,"Mugs, Botellas y Termos..",Habilitado,Limitado,https://regalospremium.cl/mugs-botellas-termos/,https://regalospremium.cl/mugs-botellas-termos/,CURRENT_FORMAT,NO,PRODUCTO,Hogar y Bebidas,Botellas,,keyword→objeto,HIGH,0,0,0.0,1
"""botellas grabadas personalizadas""",Concordancia de frase,"Mugs, Botellas y Termos..",Habilitado,Limitado,https://regalospremium.cl/mugs-botellas-termos/,https://regalospremium.cl/mugs-botellas-termos/,CURRENT_FORMAT,NO,PRODUCTO,Hogar y Bebidas,Botellas,,keyword→objeto,HIGH,0,0,0.0,1
"""botellas gym personalizadas""",Concordancia de frase,"Mugs, Botellas y Termos..",Habilitado,Limitado,https://regalospremium.cl/mugs-botellas-termos/,https://regalospremium.cl/mugs-botellas-termos/,CURRENT_FORMAT,NO,PRODUCTO,Hogar y Bebidas,Botellas,,keyword→objeto,HIGH,0,0,0.0,1
"""botellas impresas""",Concordancia de frase,"Mugs, Botellas y Termos..",Habilitado,Limitado,https://regalospremium.cl/mugs-botellas-termos/,https://regalospremium.cl/mugs-botellas-termos/,CURRENT_FORMAT,NO,PRODUCTO,Hogar y Bebidas,Botellas,,keyword→objeto,HIGH,0,0,0.0,1
"""botellas metalicas para agua""",Concordancia de frase,"Mugs, Botellas y Termos..",Habilitado,Limitado,https://regalospremium.cl/mugs-botellas-termos/,https://regalospremium.cl/mugs-botellas-termos/,CURRENT_FORMAT,NO,PRODUCTO,Hogar y Bebidas,Botellas,,keyword→objeto,HIGH,0,0,0.0,1
"""botellas para""",Concordancia de frase,"Mugs, Botellas y Termos..",Habilitado,Limitado,https://regalospremium.cl/mugs-botellas-termos/,https://regalospremium.cl/mugs-botellas-termos/,CURRENT_FORMAT,NO,PRODUCTO,Hogar y Bebidas,Botellas,,keyword→objeto,HIGH,0,0,0.0,1
"""botellas para agua personalizadas""",Concordancia de frase,"Mugs, Botellas y Termos..",Habilitado,Limitado,https://regalospremium.cl/mugs-botellas-termos/,https://regalospremium.cl/mugs-botellas-termos/,CURRENT_FORMAT,NO,PRODUCTO,Hogar y Bebidas,Botellas,,keyword→objeto,HIGH,0,0,0.0,1
"""botellas para el agua personalizadas""",Concordancia de frase,"Mugs, Botellas y Termos..",Habilitado,Limitado,https://regalospremium.cl/mugs-botellas-termos/,https://regalospremium.cl/mugs-botellas-termos/,CURRENT_FORMAT,NO,PRODUCTO,Hogar y Bebidas,Botellas,,keyword→objeto,HIGH,0,0,0.0,1
"""botellas para el dia del padre""",Concordancia de frase,"Mugs, Botellas y Termos..",Habilitado,Apto,https://regalospremium.cl/mugs-botellas-termos/,https://regalospremium.cl/mugs-botellas-termos/,CURRENT_FORMAT,NO,PRODUCTO,Hogar y Bebidas,Botellas,,keyword→objeto,HIGH,0,0,0.0,1
"""botellas para personalizar""",Concordancia de frase,"Mugs, Botellas y Termos..",Habilitado,Limitado,https://regalospremium.cl/mugs-botellas-termos/,https://regalospremium.cl/mugs-botellas-termos/,CURRENT_FORMAT,NO,PRODUCTO,Hogar y Bebidas,Botellas,,keyword→objeto,HIGH,0,0,0.0,1
"""botellas personalizadas""",Concordancia de frase,"Mugs, Botellas y Termos..",Habilitado,Limitado,https://regalospremium.cl/mugs-botellas-termos/,https://regalospremium.cl/mugs-botellas-termos/,CURRENT_FORMAT,NO,PRODUCTO,Hogar y Bebidas,Botellas,,keyword→objeto,HIGH,0,0,0.0,1
"""botellas personalizadas agua""",Concordancia de frase,"Mugs, Botellas y Termos..",Habilitado,Apto,https://regalospremium.cl/mugs-botellas-termos/,https://regalospremium.cl/mugs-botellas-termos/,CURRENT_FORMAT,NO,PRODUCTO,Hogar y Bebidas,Botellas,,keyword→objeto,HIGH,0,0,0.0,1
"""botellas personalizadas botellas""",Concordancia de frase,"Mugs, Botellas y Termos..",Habilitado,No apto,https://regalospremium.cl/mugs-botellas-termos/,https://regalospremium.cl/mugs-botellas-termos/,CURRENT_FORMAT,NO,PRODUCTO,Hogar y Bebidas,Botellas,,keyword→objeto,HIGH,0,0,0.0,1
"""botellas personalizadas con nombre""",Concordancia de frase,"Mugs, Botellas y Termos..",Habilitado,Limitado,https://regalospremium.cl/mugs-botellas-termos/,https://regalospremium.cl/mugs-botellas-termos/,CURRENT_FORMAT,NO,PRODUCTO,Hogar y Bebidas,Botellas,,keyword→objeto,HIGH,0,0,0.0,1
"""botellas personalizadas dia del padre""",Concordancia de frase,"Mugs, Botellas y Termos..",Habilitado,Apto,https://regalospremium.cl/mugs-botellas-termos/,https://regalospremium.cl/mugs-botellas-termos/,CURRENT_FORMAT,NO,PRODUCTO,Hogar y Bebidas,Botellas,,keyword→objeto,HIGH,0,0,0.0,1
"""botellas personalizadas para empresas""",Concordancia de frase,"Mugs, Botellas y Termos..",Habilitado,Limitado,https://regalospremium.cl/mugs-botellas-termos/,https://regalospremium.cl/mugs-botellas-termos/,CURRENT_FORMAT,NO,PRODUCTO,Hogar y Bebidas,Botellas,,keyword→objeto,HIGH,0,0,0.0,1
"""botellas personalizadas para regalo""",Concordancia de frase,"Mugs, Botellas y Termos..",Habilitado,Limitado,https://regalospremium.cl/mugs-botellas-termos/,https://regalospremium.cl/mugs-botellas-termos/,CURRENT_FORMAT,NO,PRODUCTO,Hogar y Bebidas,Botellas,,keyword→objeto,HIGH,0,0,0.0,1
"""botellas plasticas personalizadas""",Concordancia de frase,"Mugs, Botellas y Termos..",Habilitado,Limitado,https://regalospremium.cl/mugs-botellas-termos/,https://regalospremium.cl/mugs-botellas-termos/,CURRENT_FORMAT,NO,PRODUCTO,Hogar y Bebidas,Botellas,,keyword→objeto,HIGH,0,0,0.0,1
"""botellas publicitarias""",Concordancia de frase,"Mugs, Botellas y Termos..",Habilitado,Limitado,https://regalospremium.cl/mugs-botellas-termos/,https://regalospremium.cl/mugs-botellas-termos/,CURRENT_FORMAT,NO,PRODUCTO,Hogar y Bebidas,Botellas,,keyword→objeto,HIGH,0,0,0.0,1
"""botellas reutilizables personalizadas""",Concordancia de frase,"Mugs, Botellas y Termos..",Habilitado,Limitado,https://regalospremium.cl/mugs-botellas-termos/,https://regalospremium.cl/mugs-botellas-termos/,CURRENT_FORMAT,NO,PRODUCTO,Hogar y Bebidas,Botellas,,keyword→objeto,HIGH,0,0,0.0,1
"""botellas termicas personalizadas""",Concordancia de frase,"Mugs, Botellas y Termos..",Habilitado,Limitado,https://regalospremium.cl/mugs-botellas-termos/,https://regalospremium.cl/mugs-botellas-termos/,CURRENT_FORMAT,NO,PRODUCTO,Hogar y Bebidas,Botellas,,keyword→objeto,HIGH,0,0,0.0,1
"""botellas termos""",Concordancia de frase,"Mugs, Botellas y Termos..",Habilitado,Limitado,https://regalospremium.cl/mugs-botellas-termos/,https://regalospremium.cl/mugs-botellas-termos/,CURRENT_FORMAT,NO,PRODUCTO,Hogar y Bebidas,Botellas,,keyword→objeto,HIGH,0,0,0.0,1
"""botellas tritan personalizadas""",Concordancia de frase,"Mugs, Botellas y Termos..",Habilitado,Apto,https://regalospremium.cl/mugs-botellas-termos/,https://regalospremium.cl/mugs-botellas-termos/,CURRENT_FORMAT,NO,PRODUCTO,Hogar y Bebidas,Botellas,,keyword→objeto,HIGH,0,0,0.0,1
"""botellas y termos""",Concordancia de frase,"Mugs, Botellas y Termos..",Habilitado,Limitado,https://regalospremium.cl/mugs-botellas-termos/,https://regalospremium.cl/mugs-botellas-termos/,CURRENT_FORMAT,NO,PRODUCTO,Hogar y Bebidas,Botellas,,keyword→objeto,HIGH,0,0,0.0,1
"""botellas y vasos""",Concordancia de frase,"Mugs, Botellas y Termos..",Habilitado,Limitado,https://regalospremium.cl/mugs-botellas-termos/,https://regalospremium.cl/mugs-botellas-termos/,CURRENT_FORMAT,NO,PRODUCTO,Hogar y Bebidas,Botellas,,keyword→objeto,HIGH,0,0,0.0,1
"""coffee mugs personalizados""",Concordancia de frase,"Mugs, Botellas y Termos..",Habilitado,No apto,https://regalospremium.cl/mugs-botellas-termos/,https://regalospremium.cl/mugs-botellas-termos/,CURRENT_FORMAT,NO,PRODUCTO,Hogar y Bebidas,Mugs y Tazas,,keyword→objeto,HIGH,0,0,0.0,1
"""comprar mug""",Concordancia de frase,"Mugs, Botellas y Termos..",Habilitado,Limitado,https://regalospremium.cl/mugs-botellas-termos/,https://regalospremium.cl/mugs-botellas-termos/,CURRENT_FORMAT,NO,PRODUCTO,Hogar y Bebidas,Mugs y Tazas,,keyword→objeto,HIGH,0,0,0.0,1
"""comprar taza barata""",Concordancia de frase,"Mugs, Botellas y Termos..",Habilitado,No apto,https://regalospremium.cl/mugs-botellas-termos/,https://regalospremium.cl/mugs-botellas-termos/,CURRENT_FORMAT,NO,PRODUCTO,Hogar y Bebidas,Mugs y Tazas,,keyword→objeto,HIGH,0,0,0.0,1
"""cup thermos""",Concordancia de frase,"Mugs, Botellas y Termos..",Habilitado,Limitado,https://regalospremium.cl/mugs-botellas-termos/,https://regalospremium.cl/mugs-botellas-termos/,CURRENT_FORMAT,NO,USO_CAMPAÑA,Hogar y Bebidas,,Bebidas,fallback grupo histórico,MEDIUM,0,0,0.0,1
"""impresión en tazas""",Concordancia de frase,"Mugs, Botellas y Termos..",Habilitado,Limitado,https://regalospremium.cl/mugs-botellas-termos/,https://regalospremium.cl/mugs-botellas-termos/,CURRENT_FORMAT,NO,PRODUCTO,Hogar y Bebidas,Mugs y Tazas,,keyword→objeto,HIGH,0,0,0.0,1
"""lapices grabados""",Concordancia de frase,"Mugs, Botellas y Termos..",Habilitado,Limitado,https://regalospremium.cl/mugs-botellas-termos/,https://regalospremium.cl/mugs-botellas-termos/,CURRENT_FORMAT,NO,PRODUCTO,Oficina y Escritura,Lápices y Bolígrafos,,keyword→objeto,HIGH,0,0,0.0,1
"""lapiz publicitario""",Concordancia de frase,"Mugs, Botellas y Termos..",Habilitado,Limitado,https://regalospremium.cl/mugs-botellas-termos/,https://regalospremium.cl/mugs-botellas-termos/,CURRENT_FORMAT,NO,PRODUCTO,Oficina y Escritura,Lápices y Bolígrafos,,keyword→objeto,HIGH,0,0,0.0,1
"""mug 420ml""",Concordancia de frase,"Mugs, Botellas y Termos..",Habilitado,Apto,https://regalospremium.cl/mugs-botellas-termos/,https://regalospremium.cl/mugs-botellas-termos/,CURRENT_FORMAT,NO,PRODUCTO,Hogar y Bebidas,Mugs y Tazas,,keyword→objeto,HIGH,0,0,0.0,1
"""mug 420ml acero""",Concordancia de frase,"Mugs, Botellas y Termos..",Habilitado,No apto,https://regalospremium.cl/mugs-botellas-termos/,https://regalospremium.cl/mugs-botellas-termos/,CURRENT_FORMAT,NO,PRODUCTO,Hogar y Bebidas,Mugs y Tazas,,keyword→objeto,HIGH,0,0,0.0,1
"""mug 420ml acero inox""",Concordancia de frase,"Mugs, Botellas y Termos..",Habilitado,No apto,https://regalospremium.cl/mugs-botellas-termos/,https://regalospremium.cl/mugs-botellas-termos/,CURRENT_FORMAT,NO,PRODUCTO,Hogar y Bebidas,Mugs y Tazas,,keyword→objeto,HIGH,0,0,0.0,1
"""mug acero inoxidable""",Concordancia de frase,"Mugs, Botellas y Termos..",Habilitado,Limitado,https://regalospremium.cl/mugs-botellas-termos/,https://regalospremium.cl/mugs-botellas-termos/,CURRENT_FORMAT,NO,PRODUCTO,Hogar y Bebidas,Mugs y Tazas,,keyword→objeto,HIGH,0,0,0.0,1
"""mug amistad""",Concordancia de frase,"Mugs, Botellas y Termos..",Habilitado,No apto,https://regalospremium.cl/mugs-botellas-termos/,https://regalospremium.cl/mugs-botellas-termos/,CURRENT_FORMAT,NO,PRODUCTO,Hogar y Bebidas,Mugs y Tazas,,keyword→objeto,HIGH,0,0,0.0,1
"""mug azul""",Concordancia de frase,"Mugs, Botellas y Termos..",Habilitado,Limitado,https://regalospremium.cl/mugs-botellas-termos/,https://regalospremium.cl/mugs-botellas-termos/,CURRENT_FORMAT,NO,PRODUCTO,Hogar y Bebidas,Mugs y Tazas,,keyword→objeto,HIGH,0,0,0.0,1
"""mug azul oscuro""",Concordancia de frase,"Mugs, Botellas y Termos..",Habilitado,Limitado,https://regalospremium.cl/mugs-botellas-termos/,https://regalospremium.cl/mugs-botellas-termos/,CURRENT_FORMAT,NO,PRODUCTO,Hogar y Bebidas,Mugs y Tazas,,keyword→objeto,HIGH,0,0,0.0,1
"""mug bamboo""",Concordancia de frase,"Mugs, Botellas y Termos..",Habilitado,Limitado,https://regalospremium.cl/mugs-botellas-termos/,https://regalospremium.cl/mugs-botellas-termos/,CURRENT_FORMAT,NO,PRODUCTO,Hogar y Bebidas,Mugs y Tazas,,keyword→objeto,HIGH,0,0,0.0,1
"""mug bicicleta""",Concordancia de frase,"Mugs, Botellas y Termos..",Habilitado,Limitado,https://regalospremium.cl/mugs-botellas-termos/,https://regalospremium.cl/mugs-botellas-termos/,CURRENT_FORMAT,NO,PRODUCTO,Hogar y Bebidas,Mugs y Tazas,,keyword→objeto,HIGH,0,0,0.0,1
"""mug blanco""",Concordancia de frase,"Mugs, Botellas y Termos..",Habilitado,Limitado,https://regalospremium.cl/mugs-botellas-termos/,https://regalospremium.cl/mugs-botellas-termos/,CURRENT_FORMAT,NO,PRODUCTO,Hogar y Bebidas,Mugs y Tazas,,keyword→objeto,HIGH,0,0,0.0,1
"""mug blanco al por mayor""",Concordancia de frase,"Mugs, Botellas y Termos..",Habilitado,Apto,https://regalospremium.cl/mugs-botellas-termos/,https://regalospremium.cl/mugs-botellas-termos/,CURRENT_FORMAT,NO,PRODUCTO,Hogar y Bebidas,Mugs y Tazas,,keyword→objeto,HIGH,0,0,0.0,1
"""mug blanco para sublimacion""",Concordancia de frase,"Mugs, Botellas y Termos..",Habilitado,Apto,https://regalospremium.cl/mugs-botellas-termos/,https://regalospremium.cl/mugs-botellas-termos/,CURRENT_FORMAT,NO,PRODUCTO,Hogar y Bebidas,Mugs y Tazas,,keyword→objeto,HIGH,0,0,0.0,1
"""mug blanco para sublimar""",Concordancia de frase,"Mugs, Botellas y Termos..",Habilitado,Limitado,https://regalospremium.cl/mugs-botellas-termos/,https://regalospremium.cl/mugs-botellas-termos/,CURRENT_FORMAT,NO,PRODUCTO,Hogar y Bebidas,Mugs y Tazas,,keyword→objeto,HIGH,0,0,0.0,1
"""mug blanco personalizado""",Concordancia de frase,"Mugs, Botellas y Termos..",Habilitado,Limitado,https://regalospremium.cl/mugs-botellas-termos/,https://regalospremium.cl/mugs-botellas-termos/,CURRENT_FORMAT,NO,PRODUCTO,Hogar y Bebidas,Mugs y Tazas,,keyword→objeto,HIGH,0,0,0.0,1
"""mug blanco sublimacion""",Concordancia de frase,"Mugs, Botellas y Termos..",Habilitado,Limitado,https://regalospremium.cl/mugs-botellas-termos/,https://regalospremium.cl/mugs-botellas-termos/,CURRENT_FORMAT,NO,PRODUCTO,Hogar y Bebidas,Mugs y Tazas,,keyword→objeto,HIGH,0,0,0.0,1
"""mug blanco sublimado""",Concordancia de frase,"Mugs, Botellas y Termos..",Habilitado,Limitado,https://regalospremium.cl/mugs-botellas-termos/,https://regalospremium.cl/mugs-botellas-termos/,CURRENT_FORMAT,NO,PRODUCTO,Hogar y Bebidas,Mugs y Tazas,,keyword→objeto,HIGH,0,0,0.0,1
"""mug botellas""",Concordancia de frase,"Mugs, Botellas y Termos..",Habilitado,Apto,https://regalospremium.cl/mugs-botellas-termos/,https://regalospremium.cl/mugs-botellas-termos/,CURRENT_FORMAT,NO,PRODUCTO,Hogar y Bebidas,Mugs y Tazas,,keyword→objeto,HIGH,0,0,0.0,1
"""mug cafe con tapa""",Concordancia de frase,"Mugs, Botellas y Termos..",Habilitado,Limitado,https://regalospremium.cl/mugs-botellas-termos/,https://regalospremium.cl/mugs-botellas-termos/,CURRENT_FORMAT,NO,PRODUCTO,Hogar y Bebidas,Mugs y Tazas,,keyword→objeto,HIGH,0,0,0.0,1
"""mug cafe termico""",Concordancia de frase,"Mugs, Botellas y Termos..",Habilitado,Limitado,https://regalospremium.cl/mugs-botellas-termos/,https://regalospremium.cl/mugs-botellas-termos/,CURRENT_FORMAT,NO,PRODUCTO,Hogar y Bebidas,Mugs y Tazas,,keyword→objeto,HIGH,0,0,0.0,1
"""mug cafe vidrio""",Concordancia de frase,"Mugs, Botellas y Termos..",Habilitado,Limitado,https://regalospremium.cl/mugs-botellas-termos/,https://regalospremium.cl/mugs-botellas-termos/,CURRENT_FORMAT,NO,PRODUCTO,Hogar y Bebidas,Mugs y Tazas,,keyword→objeto,HIGH,0,0,0.0,1
"""mug ceramica con tapa""",Concordancia de frase,"Mugs, Botellas y Termos..",Habilitado,Limitado,https://regalospremium.cl/mugs-botellas-termos/,https://regalospremium.cl/mugs-botellas-termos/,CURRENT_FORMAT,NO,PRODUCTO,Hogar y Bebidas,Mugs y Tazas,,keyword→objeto,HIGH,0,0,0.0,1
"""mug ceramica con tapa de silicona""",Concordancia de frase,"Mugs, Botellas y Termos..",Habilitado,Limitado,https://regalospremium.cl/mugs-botellas-termos/,https://regalospremium.cl/mugs-botellas-termos/,CURRENT_FORMAT,NO,PRODUCTO,Hogar y Bebidas,Mugs y Tazas,,keyword→objeto,HIGH,0,0,0.0,1
"""mug ceramico""",Concordancia de frase,"Mugs, Botellas y Termos..",Habilitado,Limitado,https://regalospremium.cl/mugs-botellas-termos/,https://regalospremium.cl/mugs-botellas-termos/,CURRENT_FORMAT,NO,PRODUCTO,Hogar y Bebidas,Mugs y Tazas,,keyword→objeto,HIGH,0,0,0.0,1
"""mug cervecero""",Concordancia de frase,"Mugs, Botellas y Termos..",Habilitado,Limitado,https://regalospremium.cl/mugs-botellas-termos/,https://regalospremium.cl/mugs-botellas-termos/,CURRENT_FORMAT,NO,PRODUCTO,Hogar y Bebidas,Mugs y Tazas,,keyword→objeto,HIGH,0,0,0.0,1
"""mug colores""",Concordancia de frase,"Mugs, Botellas y Termos..",Habilitado,Limitado,https://regalospremium.cl/mugs-botellas-termos/,https://regalospremium.cl/mugs-botellas-termos/,CURRENT_FORMAT,NO,PRODUCTO,Hogar y Bebidas,Mugs y Tazas,,keyword→objeto,HIGH,0,0,0.0,1
"""mug con cuchara""",Concordancia de frase,"Mugs, Botellas y Termos..",Habilitado,Limitado,https://regalospremium.cl/mugs-botellas-termos/,https://regalospremium.cl/mugs-botellas-termos/,CURRENT_FORMAT,NO,PRODUCTO,Hogar y Bebidas,Mugs y Tazas,,keyword→objeto,HIGH,0,0,0.0,1
"""mug con diseño""",Concordancia de frase,"Mugs, Botellas y Termos..",Habilitado,Limitado,https://regalospremium.cl/mugs-botellas-termos/,https://regalospremium.cl/mugs-botellas-termos/,CURRENT_FORMAT,NO,PRODUCTO,Hogar y Bebidas,Mugs y Tazas,,keyword→objeto,HIGH,0,0,0.0,1
"""mug con infusor para té""",Concordancia de frase,"Mugs, Botellas y Termos..",Habilitado,Limitado,https://regalospremium.cl/mugs-botellas-termos/,https://regalospremium.cl/mugs-botellas-termos/,CURRENT_FORMAT,NO,PRODUCTO,Hogar y Bebidas,Mugs y Tazas,,keyword→objeto,HIGH,0,0,0.0,1
"""mug con logotipo""",Concordancia de frase,"Mugs, Botellas y Termos..",Habilitado,No apto,https://regalospremium.cl/mugs-botellas-termos/,https://regalospremium.cl/mugs-botellas-termos/,CURRENT_FORMAT,NO,PRODUCTO,Hogar y Bebidas,Mugs y Tazas,,keyword→objeto,HIGH,0,0,0.0,1
"""mug con nombre""",Concordancia de frase,"Mugs, Botellas y Termos..",Habilitado,Apto,https://regalospremium.cl/mugs-botellas-termos/,https://regalospremium.cl/mugs-botellas-termos/,CURRENT_FORMAT,NO,PRODUCTO,Hogar y Bebidas,Mugs y Tazas,,keyword→objeto,HIGH,0,0,0.0,1
"""mug con tapa""",Concordancia de frase,"Mugs, Botellas y Termos..",Habilitado,Limitado,https://regalospremium.cl/mugs-botellas-termos/,https://regalospremium.cl/mugs-botellas-termos/,CURRENT_FORMAT,NO,PRODUCTO,Hogar y Bebidas,Mugs y Tazas,,keyword→objeto,HIGH,0,0,0.0,1
"""mug con tapa de silicona""",Concordancia de frase,"Mugs, Botellas y Termos..",Habilitado,Limitado,https://regalospremium.cl/mugs-botellas-termos/,https://regalospremium.cl/mugs-botellas-termos/,CURRENT_FORMAT,NO,PRODUCTO,Hogar y Bebidas,Mugs y Tazas,,keyword→objeto,HIGH,0,0,0.0,1
"""mug con tapa silicona""",Concordancia de frase,"Mugs, Botellas y Termos..",Habilitado,Apto,https://regalospremium.cl/mugs-botellas-termos/,https://regalospremium.cl/mugs-botellas-termos/,CURRENT_FORMAT,NO,PRODUCTO,Hogar y Bebidas,Mugs y Tazas,,keyword→objeto,HIGH,0,0,0.0,1
"""mug con tapa y cuchara""",Concordancia de frase,"Mugs, Botellas y Termos..",Habilitado,Limitado,https://regalospremium.cl/mugs-botellas-termos/,https://regalospremium.cl/mugs-botellas-termos/,CURRENT_FORMAT,NO,PRODUCTO,Hogar y Bebidas,Mugs y Tazas,,keyword→objeto,HIGH,0,0,0.0,1
"""mug con usb""",Concordancia de frase,"Mugs, Botellas y Termos..",Habilitado,Apto,https://regalospremium.cl/mugs-botellas-termos/,https://regalospremium.cl/mugs-botellas-termos/,CURRENT_FORMAT,NO,PRODUCTO,Hogar y Bebidas,Mugs y Tazas,,keyword→objeto,HIGH,0,0,0.0,1
"""mug conico""",Concordancia de frase,"Mugs, Botellas y Termos..",Habilitado,Limitado,https://regalospremium.cl/mugs-botellas-termos/,https://regalospremium.cl/mugs-botellas-termos/,CURRENT_FORMAT,NO,PRODUCTO,Hogar y Bebidas,Mugs y Tazas,,keyword→objeto,HIGH,0,0,0.0,1
"""mug conico para sublimacion""",Concordancia de frase,"Mugs, Botellas y Termos..",Habilitado,Apto,https://regalospremium.cl/mugs-botellas-termos/,https://regalospremium.cl/mugs-botellas-termos/,CURRENT_FORMAT,NO,PRODUCTO,Hogar y Bebidas,Mugs y Tazas,,keyword→objeto,HIGH,0,0,0.0,1
"""mug contador""",Concordancia de frase,"Mugs, Botellas y Termos..",Habilitado,No apto,https://regalospremium.cl/mugs-botellas-termos/,https://regalospremium.cl/mugs-botellas-termos/,CURRENT_FORMAT,NO,PRODUCTO,Hogar y Bebidas,Mugs y Tazas,,keyword→objeto,HIGH,0,0,0.0,1
"""mug corazon""",Concordancia de frase,"Mugs, Botellas y Termos..",Habilitado,Limitado,https://regalospremium.cl/mugs-botellas-termos/,https://regalospremium.cl/mugs-botellas-termos/,CURRENT_FORMAT,NO,PRODUCTO,Hogar y Bebidas,Mugs y Tazas,,keyword→objeto,HIGH,0,0,0.0,1
"""mug corporativo""",Concordancia de frase,"Mugs, Botellas y Termos..",Habilitado,Limitado,https://regalospremium.cl/mugs-botellas-termos/,https://regalospremium.cl/mugs-botellas-termos/,CURRENT_FORMAT,NO,PRODUCTO,Hogar y Bebidas,Mugs y Tazas,,keyword→objeto,HIGH,0,0,0.0,1
"""mug cumpleaños""",Concordancia de frase,"Mugs, Botellas y Termos..",Habilitado,Limitado,https://regalospremium.cl/mugs-botellas-termos/,https://regalospremium.cl/mugs-botellas-termos/,CURRENT_FORMAT,NO,PRODUCTO,Hogar y Bebidas,Mugs y Tazas,,keyword→objeto,HIGH,0,0,0.0,1
"""mug de acero""",Concordancia de frase,"Mugs, Botellas y Termos..",Habilitado,Limitado,https://regalospremium.cl/mugs-botellas-termos/,https://regalospremium.cl/mugs-botellas-termos/,CURRENT_FORMAT,NO,PRODUCTO,Hogar y Bebidas,Mugs y Tazas,,keyword→objeto,HIGH,0,0,0.0,1
"""mug de acero inoxidable""",Concordancia de frase,"Mugs, Botellas y Termos..",Habilitado,Limitado,https://regalospremium.cl/mugs-botellas-termos/,https://regalospremium.cl/mugs-botellas-termos/,CURRENT_FORMAT,NO,PRODUCTO,Hogar y Bebidas,Mugs y Tazas,,keyword→objeto,HIGH,0,0,0.0,1
"""mug de cafe doble vidrio""",Concordancia de frase,"Mugs, Botellas y Termos..",Habilitado,Apto,https://regalospremium.cl/mugs-botellas-termos/,https://regalospremium.cl/mugs-botellas-termos/,CURRENT_FORMAT,NO,PRODUCTO,Hogar y Bebidas,Mugs y Tazas,,keyword→objeto,HIGH,0,0,0.0,1
"""mug de ceramica""",Concordancia de frase,"Mugs, Botellas y Termos..",Habilitado,Limitado,https://regalospremium.cl/mugs-botellas-termos/,https://regalospremium.cl/mugs-botellas-termos/,CURRENT_FORMAT,NO,PRODUCTO,Hogar y Bebidas,Mugs y Tazas,,keyword→objeto,HIGH,0,0,0.0,1
"""mug de ceramica con tapa""",Concordancia de frase,"Mugs, Botellas y Termos..",Habilitado,Apto,https://regalospremium.cl/mugs-botellas-termos/,https://regalospremium.cl/mugs-botellas-termos/,CURRENT_FORMAT,NO,PRODUCTO,Hogar y Bebidas,Mugs y Tazas,,keyword→objeto,HIGH,0,0,0.0,1
"""mug de cobre""",Concordancia de frase,"Mugs, Botellas y Termos..",Habilitado,Limitado,https://regalospremium.cl/mugs-botellas-termos/,https://regalospremium.cl/mugs-botellas-termos/,CURRENT_FORMAT,NO,PRODUCTO,Hogar y Bebidas,Mugs y Tazas,,keyword→objeto,HIGH,0,0,0.0,1
"""mug de cobre jumbo""",Concordancia de frase,"Mugs, Botellas y Termos..",Habilitado,No apto,https://regalospremium.cl/mugs-botellas-termos/,https://regalospremium.cl/mugs-botellas-termos/,CURRENT_FORMAT,NO,PRODUCTO,Hogar y Bebidas,Mugs y Tazas,,keyword→objeto,HIGH,0,0,0.0,1
"""mug de colores""",Concordancia de frase,"Mugs, Botellas y Termos..",Habilitado,Limitado,https://regalospremium.cl/mugs-botellas-termos/,https://regalospremium.cl/mugs-botellas-termos/,CURRENT_FORMAT,NO,PRODUCTO,Hogar y Bebidas,Mugs y Tazas,,keyword→objeto,HIGH,0,0,0.0,1
"""mug de cristal""",Concordancia de frase,"Mugs, Botellas y Termos..",Habilitado,Limitado,https://regalospremium.cl/mugs-botellas-termos/,https://regalospremium.cl/mugs-botellas-termos/,CURRENT_FORMAT,NO,PRODUCTO,Hogar y Bebidas,Mugs y Tazas,,keyword→objeto,HIGH,0,0,0.0,1
"""mug de metal""",Concordancia de frase,"Mugs, Botellas y Termos..",Habilitado,Limitado,https://regalospremium.cl/mugs-botellas-termos/,https://regalospremium.cl/mugs-botellas-termos/,CURRENT_FORMAT,NO,PRODUCTO,Hogar y Bebidas,Mugs y Tazas,,keyword→objeto,HIGH,0,0,0.0,1
"""mug de navidad""",Concordancia de frase,"Mugs, Botellas y Termos..",Habilitado,Limitado,https://regalospremium.cl/mugs-botellas-termos/,https://regalospremium.cl/mugs-botellas-termos/,CURRENT_FORMAT,NO,PRODUCTO,Hogar y Bebidas,Mugs y Tazas,,keyword→objeto,HIGH,0,0,0.0,1
"""mug de plastico""",Concordancia de frase,"Mugs, Botellas y Termos..",Habilitado,Limitado,https://regalospremium.cl/mugs-botellas-termos/,https://regalospremium.cl/mugs-botellas-termos/,CURRENT_FORMAT,NO,PRODUCTO,Hogar y Bebidas,Mugs y Tazas,,keyword→objeto,HIGH,0,0,0.0,1
"""mug de sublimacion""",Concordancia de frase,"Mugs, Botellas y Termos..",Habilitado,Limitado,https://regalospremium.cl/mugs-botellas-termos/,https://regalospremium.cl/mugs-botellas-termos/,CURRENT_FORMAT,NO,PRODUCTO,Hogar y Bebidas,Mugs y Tazas,,keyword→objeto,HIGH,0,0,0.0,1
"""mug de te""",Concordancia de frase,"Mugs, Botellas y Termos..",Habilitado,Limitado,https://regalospremium.cl/mugs-botellas-termos/,https://regalospremium.cl/mugs-botellas-termos/,CURRENT_FORMAT,NO,PRODUCTO,Hogar y Bebidas,Mugs y Tazas,,keyword→objeto,HIGH,0,0,0.0,1
"""mug de vidrio con tapa""",Concordancia de frase,"Mugs, Botellas y Termos..",Habilitado,Limitado,https://regalospremium.cl/mugs-botellas-termos/,https://regalospremium.cl/mugs-botellas-termos/,CURRENT_FORMAT,NO,PRODUCTO,Hogar y Bebidas,Mugs y Tazas,,keyword→objeto,HIGH,0,0,0.0,1
"""mug de vidrio para cafe""",Concordancia de frase,"Mugs, Botellas y Termos..",Habilitado,Limitado,https://regalospremium.cl/mugs-botellas-termos/,https://regalospremium.cl/mugs-botellas-termos/,CURRENT_FORMAT,NO,PRODUCTO,Hogar y Bebidas,Mugs y Tazas,,keyword→objeto,HIGH,0,0,0.0,1
"""mug dia del profesor""",Concordancia de frase,"Mugs, Botellas y Termos..",Habilitado,Apto,https://regalospremium.cl/mugs-botellas-termos/,https://regalospremium.cl/mugs-botellas-termos/,CURRENT_FORMAT,NO,PRODUCTO,Hogar y Bebidas,Mugs y Tazas,,keyword→objeto,HIGH,0,0,0.0,1
"""mug diseño""",Concordancia de frase,"Mugs, Botellas y Termos..",Habilitado,Limitado,https://regalospremium.cl/mugs-botellas-termos/,https://regalospremium.cl/mugs-botellas-termos/,CURRENT_FORMAT,NO,PRODUCTO,Hogar y Bebidas,Mugs y Tazas,,keyword→objeto,HIGH,0,0,0.0,1
"""mug doble pared""",Concordancia de frase,"Mugs, Botellas y Termos..",Habilitado,Limitado,https://regalospremium.cl/mugs-botellas-termos/,https://regalospremium.cl/mugs-botellas-termos/,CURRENT_FORMAT,NO,PRODUCTO,Hogar y Bebidas,Mugs y Tazas,,keyword→objeto,HIGH,0,0,0.0,1
"""mug doble pared vidrio""",Concordancia de frase,"Mugs, Botellas y Termos..",Habilitado,Limitado,https://regalospremium.cl/mugs-botellas-termos/,https://regalospremium.cl/mugs-botellas-termos/,CURRENT_FORMAT,NO,PRODUCTO,Hogar y Bebidas,Mugs y Tazas,,keyword→objeto,HIGH,0,0,0.0,1
"""mug ecologico""",Concordancia de frase,"Mugs, Botellas y Termos..",Habilitado,Limitado,https://regalospremium.cl/mugs-botellas-termos/,https://regalospremium.cl/mugs-botellas-termos/,CURRENT_FORMAT,NO,PRODUCTO,Hogar y Bebidas,Mugs y Tazas,,keyword→objeto,HIGH,0,0,0.0,1
"""mug en ceramica""",Concordancia de frase,"Mugs, Botellas y Termos..",Habilitado,Limitado,https://regalospremium.cl/mugs-botellas-termos/,https://regalospremium.cl/mugs-botellas-termos/,CURRENT_FORMAT,NO,PRODUCTO,Hogar y Bebidas,Mugs y Tazas,,keyword→objeto,HIGH,0,0,0.0,1
"""mug enfermera""",Concordancia de frase,"Mugs, Botellas y Termos..",Habilitado,Apto,https://regalospremium.cl/mugs-botellas-termos/,https://regalospremium.cl/mugs-botellas-termos/,CURRENT_FORMAT,NO,PRODUCTO,Hogar y Bebidas,Mugs y Tazas,,keyword→objeto,HIGH,0,0,0.0,1
"""mug familia""",Concordancia de frase,"Mugs, Botellas y Termos..",Habilitado,Apto,https://regalospremium.cl/mugs-botellas-termos/,https://regalospremium.cl/mugs-botellas-termos/,CURRENT_FORMAT,NO,PRODUCTO,Hogar y Bebidas,Mugs y Tazas,,keyword→objeto,HIGH,0,0,0.0,1
"""mug flores""",Concordancia de frase,"Mugs, Botellas y Termos..",Habilitado,Limitado,https://regalospremium.cl/mugs-botellas-termos/,https://regalospremium.cl/mugs-botellas-termos/,CURRENT_FORMAT,NO,PRODUCTO,Hogar y Bebidas,Mugs y Tazas,,keyword→objeto,HIGH,0,0,0.0,1
"""mug grande""",Concordancia de frase,"Mugs, Botellas y Termos..",Habilitado,Limitado,https://regalospremium.cl/mugs-botellas-termos/,https://regalospremium.cl/mugs-botellas-termos/,CURRENT_FORMAT,NO,PRODUCTO,Hogar y Bebidas,Mugs y Tazas,,keyword→objeto,HIGH,0,0,0.0,1
"""mug hombre""",Concordancia de frase,"Mugs, Botellas y Termos..",Habilitado,Limitado,https://regalospremium.cl/mugs-botellas-termos/,https://regalospremium.cl/mugs-botellas-termos/,CURRENT_FORMAT,NO,PRODUCTO,Hogar y Bebidas,Mugs y Tazas,,keyword→objeto,HIGH,0,0,0.0,1
"""mug juego""",Concordancia de frase,"Mugs, Botellas y Termos..",Habilitado,Limitado,https://regalospremium.cl/mugs-botellas-termos/,https://regalospremium.cl/mugs-botellas-termos/,CURRENT_FORMAT,NO,PRODUCTO,Hogar y Bebidas,Mugs y Tazas,,keyword→objeto,HIGH,0,0,0.0,1
"""mug king""",Concordancia de frase,"Mugs, Botellas y Termos..",Habilitado,Limitado,https://regalospremium.cl/mugs-botellas-termos/,https://regalospremium.cl/mugs-botellas-termos/,CURRENT_FORMAT,NO,PRODUCTO,Hogar y Bebidas,Mugs y Tazas,,keyword→objeto,HIGH,0,0,0.0,1
"""mug letra""",Concordancia de frase,"Mugs, Botellas y Termos..",Habilitado,Limitado,https://regalospremium.cl/mugs-botellas-termos/,https://regalospremium.cl/mugs-botellas-termos/,CURRENT_FORMAT,NO,PRODUCTO,Hogar y Bebidas,Mugs y Tazas,,keyword→objeto,HIGH,0,0,0.0,1
"""mug lila""",Concordancia de frase,"Mugs, Botellas y Termos..",Habilitado,Limitado,https://regalospremium.cl/mugs-botellas-termos/,https://regalospremium.cl/mugs-botellas-termos/,CURRENT_FORMAT,NO,PRODUCTO,Hogar y Bebidas,Mugs y Tazas,,keyword→objeto,HIGH,0,0,0.0,1
"""mug luna""",Concordancia de frase,"Mugs, Botellas y Termos..",Habilitado,Apto,https://regalospremium.cl/mugs-botellas-termos/,https://regalospremium.cl/mugs-botellas-termos/,CURRENT_FORMAT,NO,PRODUCTO,Hogar y Bebidas,Mugs y Tazas,,keyword→objeto,HIGH,0,0,0.0,1
"""mug mamá""",Concordancia de frase,"Mugs, Botellas y Termos..",Habilitado,Limitado,https://regalospremium.cl/mugs-botellas-termos/,https://regalospremium.cl/mugs-botellas-termos/,CURRENT_FORMAT,NO,PRODUCTO,Hogar y Bebidas,Mugs y Tazas,,keyword→objeto,HIGH,0,0,0.0,1
"""mug medico""",Concordancia de frase,"Mugs, Botellas y Termos..",Habilitado,Apto,https://regalospremium.cl/mugs-botellas-termos/,https://regalospremium.cl/mugs-botellas-termos/,CURRENT_FORMAT,NO,PRODUCTO,Hogar y Bebidas,Mugs y Tazas,,keyword→objeto,HIGH,0,0,0.0,1
"""Mug metalico""",Concordancia de frase,"Mugs, Botellas y Termos..",Habilitado,Limitado,https://regalospremium.cl/mugs-botellas-termos/,https://regalospremium.cl/mugs-botellas-termos/,CURRENT_FORMAT,NO,PRODUCTO,Hogar y Bebidas,Mugs y Tazas,,keyword→objeto,HIGH,0,0,0.0,1
"""mug metalico personalizado""",Concordancia de frase,"Mugs, Botellas y Termos..",Habilitado,Apto,https://regalospremium.cl/mugs-botellas-termos/,https://regalospremium.cl/mugs-botellas-termos/,CURRENT_FORMAT,NO,PRODUCTO,Hogar y Bebidas,Mugs y Tazas,,keyword→objeto,HIGH,0,0,0.0,1
"""mug metalico sublimacion""",Concordancia de frase,"Mugs, Botellas y Termos..",Habilitado,Limitado,https://regalospremium.cl/mugs-botellas-termos/,https://regalospremium.cl/mugs-botellas-termos/,CURRENT_FORMAT,NO,PRODUCTO,Hogar y Bebidas,Mugs y Tazas,,keyword→objeto,HIGH,0,0,0.0,1
"""mug metalizado""",Concordancia de frase,"Mugs, Botellas y Termos..",Habilitado,Apto,https://regalospremium.cl/mugs-botellas-termos/,https://regalospremium.cl/mugs-botellas-termos/,CURRENT_FORMAT,NO,PRODUCTO,Hogar y Bebidas,Mugs y Tazas,,keyword→objeto,HIGH,0,0,0.0,1
"""mug mezclador""",Concordancia de frase,"Mugs, Botellas y Termos..",Habilitado,Limitado,https://regalospremium.cl/mugs-botellas-termos/,https://regalospremium.cl/mugs-botellas-termos/,CURRENT_FORMAT,NO,PRODUCTO,Hogar y Bebidas,Mugs y Tazas,,keyword→objeto,HIGH,0,0,0.0,1
"""mug padre""",Concordancia de frase,"Mugs, Botellas y Termos..",Habilitado,Limitado,https://regalospremium.cl/mugs-botellas-termos/,https://regalospremium.cl/mugs-botellas-termos/,CURRENT_FORMAT,NO,PRODUCTO,Hogar y Bebidas,Mugs y Tazas,,keyword→objeto,HIGH,0,0,0.0,1
"""mug para abogados""",Concordancia de frase,"Mugs, Botellas y Termos..",Habilitado,No apto,https://regalospremium.cl/mugs-botellas-termos/,https://regalospremium.cl/mugs-botellas-termos/,CURRENT_FORMAT,NO,PRODUCTO,Hogar y Bebidas,Mugs y Tazas,,keyword→objeto,HIGH,0,0,0.0,1
"""mug para cafe""",Concordancia de frase,"Mugs, Botellas y Termos..",Habilitado,Limitado,https://regalospremium.cl/mugs-botellas-termos/,https://regalospremium.cl/mugs-botellas-termos/,CURRENT_FORMAT,NO,PRODUCTO,Hogar y Bebidas,Mugs y Tazas,,keyword→objeto,HIGH,0,0,0.0,1
"""mug para café con tapa""",Concordancia de frase,"Mugs, Botellas y Termos..",Habilitado,Limitado,https://regalospremium.cl/mugs-botellas-termos/,https://regalospremium.cl/mugs-botellas-termos/,CURRENT_FORMAT,NO,PRODUCTO,Hogar y Bebidas,Mugs y Tazas,,keyword→objeto,HIGH,0,0,0.0,1
"""mug para hombres""",Concordancia de frase,"Mugs, Botellas y Termos..",Habilitado,Limitado,https://regalospremium.cl/mugs-botellas-termos/,https://regalospremium.cl/mugs-botellas-termos/,CURRENT_FORMAT,NO,PRODUCTO,Hogar y Bebidas,Mugs y Tazas,,keyword→objeto,HIGH,0,0,0.0,1
"""mug para sublimar al por mayor""",Concordancia de frase,"Mugs, Botellas y Termos..",Habilitado,Apto,https://regalospremium.cl/mugs-botellas-termos/,https://regalospremium.cl/mugs-botellas-termos/,CURRENT_FORMAT,NO,PRODUCTO,Hogar y Bebidas,Mugs y Tazas,,keyword→objeto,HIGH,0,0,0.0,1
"""mug personalizada""",Concordancia de frase,"Mugs, Botellas y Termos..",Habilitado,Limitado,https://regalospremium.cl/mugs-botellas-termos/,https://regalospremium.cl/mugs-botellas-termos/,CURRENT_FORMAT,NO,PRODUCTO,Hogar y Bebidas,Mugs y Tazas,,keyword→objeto,HIGH,0,0,0.0,1
"""mug personalizado""",Concordancia de frase,"Mugs, Botellas y Termos..",Habilitado,Limitado,https://regalospremium.cl/mugs-botellas-termos/,https://regalospremium.cl/mugs-botellas-termos/,CURRENT_FORMAT,NO,PRODUCTO,Hogar y Bebidas,Mugs y Tazas,,keyword→objeto,HIGH,0,0,0.0,1
"""mug plastico personalizado""",Concordancia de frase,"Mugs, Botellas y Termos..",Habilitado,No apto,https://regalospremium.cl/mugs-botellas-termos/,https://regalospremium.cl/mugs-botellas-termos/,CURRENT_FORMAT,NO,PRODUCTO,Hogar y Bebidas,Mugs y Tazas,,keyword→objeto,HIGH,0,0,0.0,1
"""mug plateado""",Concordancia de frase,"Mugs, Botellas y Termos..",Habilitado,Limitado,https://regalospremium.cl/mugs-botellas-termos/,https://regalospremium.cl/mugs-botellas-termos/,CURRENT_FORMAT,NO,PRODUCTO,Hogar y Bebidas,Mugs y Tazas,,keyword→objeto,HIGH,0,0,0.0,1
"""mug profesiones""",Concordancia de frase,"Mugs, Botellas y Termos..",Habilitado,Apto,https://regalospremium.cl/mugs-botellas-termos/,https://regalospremium.cl/mugs-botellas-termos/,CURRENT_FORMAT,NO,PRODUCTO,Hogar y Bebidas,Mugs y Tazas,,keyword→objeto,HIGH,0,0,0.0,1
mug psicologa,Concordancia amplia,"Mugs, Botellas y Termos..",Habilitado,Apto,https://regalospremium.cl/mugs-botellas-termos/,https://regalospremium.cl/mugs-botellas-termos/,CURRENT_FORMAT,NO,PRODUCTO,Hogar y Bebidas,Mugs y Tazas,,keyword→objeto,HIGH,0,0,0.0,1
"""mug publicitarios""",Concordancia de frase,"Mugs, Botellas y Termos..",Habilitado,Limitado,https://regalospremium.cl/mugs-botellas-termos/,https://regalospremium.cl/mugs-botellas-termos/,CURRENT_FORMAT,NO,PRODUCTO,Hogar y Bebidas,Mugs y Tazas,,keyword→objeto,HIGH,0,0,0.0,1
"""mug rosado""",Concordancia de frase,"Mugs, Botellas y Termos..",Habilitado,Limitado,https://regalospremium.cl/mugs-botellas-termos/,https://regalospremium.cl/mugs-botellas-termos/,CURRENT_FORMAT,NO,PRODUCTO,Hogar y Bebidas,Mugs y Tazas,,keyword→objeto,HIGH,0,0,0.0,1
"""mug secretaria""",Concordancia de frase,"Mugs, Botellas y Termos..",Habilitado,No apto,https://regalospremium.cl/mugs-botellas-termos/,https://regalospremium.cl/mugs-botellas-termos/,CURRENT_FORMAT,NO,PRODUCTO,Hogar y Bebidas,Mugs y Tazas,,keyword→objeto,HIGH,0,0,0.0,1
"""mug silicona""",Concordancia de frase,"Mugs, Botellas y Termos..",Habilitado,Limitado,https://regalospremium.cl/mugs-botellas-termos/,https://regalospremium.cl/mugs-botellas-termos/,CURRENT_FORMAT,NO,PRODUCTO,Hogar y Bebidas,Mugs y Tazas,,keyword→objeto,HIGH,0,0,0.0,1
"""mug stitch""",Concordancia de frase,"Mugs, Botellas y Termos..",Habilitado,Limitado,https://regalospremium.cl/mugs-botellas-termos/,https://regalospremium.cl/mugs-botellas-termos/,CURRENT_FORMAT,NO,PRODUCTO,Hogar y Bebidas,Mugs y Tazas,,keyword→objeto,HIGH,0,0,0.0,1
"""mug sublimacion""",Concordancia de frase,"Mugs, Botellas y Termos..",Habilitado,Apto,https://regalospremium.cl/mugs-botellas-termos/,https://regalospremium.cl/mugs-botellas-termos/,CURRENT_FORMAT,NO,PRODUCTO,Hogar y Bebidas,Mugs y Tazas,,keyword→objeto,HIGH,0,0,0.0,1
"""mug sublimar""",Concordancia de frase,"Mugs, Botellas y Termos..",Habilitado,Limitado,https://regalospremium.cl/mugs-botellas-termos/,https://regalospremium.cl/mugs-botellas-termos/,CURRENT_FORMAT,NO,PRODUCTO,Hogar y Bebidas,Mugs y Tazas,,keyword→objeto,HIGH,0,0,0.0,1
"""mug tapa""",Concordancia de frase,"Mugs, Botellas y Termos..",Habilitado,Limitado,https://regalospremium.cl/mugs-botellas-termos/,https://regalospremium.cl/mugs-botellas-termos/,CURRENT_FORMAT,NO,PRODUCTO,Hogar y Bebidas,Mugs y Tazas,,keyword→objeto,HIGH,0,0,0.0,1
"""mug taza""",Concordancia de frase,"Mugs, Botellas y Termos..",Habilitado,Limitado,https://regalospremium.cl/mugs-botellas-termos/,https://regalospremium.cl/mugs-botellas-termos/,CURRENT_FORMAT,NO,PRODUCTO,Hogar y Bebidas,Mugs y Tazas,,keyword→objeto,HIGH,0,0,0.0,1
"""mug te""",Concordancia de frase,"Mugs, Botellas y Termos..",Habilitado,Limitado,https://regalospremium.cl/mugs-botellas-termos/,https://regalospremium.cl/mugs-botellas-termos/,CURRENT_FORMAT,NO,PRODUCTO,Hogar y Bebidas,Mugs y Tazas,,keyword→objeto,HIGH,0,0,0.0,1
"""mug termico""",Concordancia de frase,"Mugs, Botellas y Termos..",Habilitado,Limitado,https://regalospremium.cl/mugs-botellas-termos/,https://regalospremium.cl/mugs-botellas-termos/,CURRENT_FORMAT,NO,PRODUCTO,Hogar y Bebidas,Mugs y Tazas,,keyword→objeto,HIGH,0,0,0.0,1
"""mug térmico para café""",Concordancia de frase,"Mugs, Botellas y Termos..",Habilitado,Limitado,https://regalospremium.cl/mugs-botellas-termos/,https://regalospremium.cl/mugs-botellas-termos/,CURRENT_FORMAT,NO,PRODUCTO,Hogar y Bebidas,Mugs y Tazas,,keyword→objeto,HIGH,0,0,0.0,1
"""mug termico para cafe""",Concordancia de frase,"Mugs, Botellas y Termos..",Habilitado,Limitado,https://regalospremium.cl/mugs-botellas-termos/,https://regalospremium.cl/mugs-botellas-termos/,CURRENT_FORMAT,NO,PRODUCTO,Hogar y Bebidas,Mugs y Tazas,,keyword→objeto,HIGH,0,0,0.0,1
"""mug termico para sublimar""",Concordancia de frase,"Mugs, Botellas y Termos..",Habilitado,Limitado,https://regalospremium.cl/mugs-botellas-termos/,https://regalospremium.cl/mugs-botellas-termos/,CURRENT_FORMAT,NO,PRODUCTO,Hogar y Bebidas,Mugs y Tazas,,keyword→objeto,HIGH,0,0,0.0,1
"""mug tradicional""",Concordancia de frase,"Mugs, Botellas y Termos..",Habilitado,Limitado,https://regalospremium.cl/mugs-botellas-termos/,https://regalospremium.cl/mugs-botellas-termos/,CURRENT_FORMAT,NO,PRODUCTO,Hogar y Bebidas,Mugs y Tazas,,keyword→objeto,HIGH,0,0,0.0,1
"""mug transparente""",Concordancia de frase,"Mugs, Botellas y Termos..",Habilitado,Limitado,https://regalospremium.cl/mugs-botellas-termos/,https://regalospremium.cl/mugs-botellas-termos/,CURRENT_FORMAT,NO,PRODUCTO,Hogar y Bebidas,Mugs y Tazas,,keyword→objeto,HIGH,0,0,0.0,1
"""mugs baratos""",Concordancia de frase,"Mugs, Botellas y Termos..",Habilitado,Apto,https://regalospremium.cl/mugs-botellas-termos/,https://regalospremium.cl/mugs-botellas-termos/,CURRENT_FORMAT,NO,PRODUCTO,Hogar y Bebidas,Mugs y Tazas,,keyword→objeto,HIGH,0,0,0.0,1
"""mugs bonitos""",Concordancia de frase,"Mugs, Botellas y Termos..",Habilitado,Limitado,https://regalospremium.cl/mugs-botellas-termos/,https://regalospremium.cl/mugs-botellas-termos/,CURRENT_FORMAT,NO,PRODUCTO,Hogar y Bebidas,Mugs y Tazas,,keyword→objeto,HIGH,0,0,0.0,1
"""mugs chile""",Concordancia de frase,"Mugs, Botellas y Termos..",Habilitado,Limitado,https://regalospremium.cl/mugs-botellas-termos/,https://regalospremium.cl/mugs-botellas-termos/,CURRENT_FORMAT,NO,PRODUCTO,Hogar y Bebidas,Mugs y Tazas,,keyword→objeto,HIGH,0,0,0.0,1
"""mugs cl""",Concordancia de frase,"Mugs, Botellas y Termos..",Habilitado,Limitado,https://regalospremium.cl/mugs-botellas-termos/,https://regalospremium.cl/mugs-botellas-termos/,CURRENT_FORMAT,NO,PRODUCTO,Hogar y Bebidas,Mugs y Tazas,,keyword→objeto,HIGH,0,0,0.0,1
"""mugs cobre""",Concordancia de frase,"Mugs, Botellas y Termos..",Habilitado,Limitado,https://regalospremium.cl/mugs-botellas-termos/,https://regalospremium.cl/mugs-botellas-termos/,CURRENT_FORMAT,NO,PRODUCTO,Hogar y Bebidas,Mugs y Tazas,,keyword→objeto,HIGH,0,0,0.0,1
"""mugs color""",Concordancia de frase,"Mugs, Botellas y Termos..",Habilitado,Limitado,https://regalospremium.cl/mugs-botellas-termos/,https://regalospremium.cl/mugs-botellas-termos/,CURRENT_FORMAT,NO,PRODUCTO,Hogar y Bebidas,Mugs y Tazas,,keyword→objeto,HIGH,0,0,0.0,1
"""mugs con foto""",Concordancia de frase,"Mugs, Botellas y Termos..",Habilitado,Limitado,https://regalospremium.cl/mugs-botellas-termos/,https://regalospremium.cl/mugs-botellas-termos/,CURRENT_FORMAT,NO,PRODUCTO,Hogar y Bebidas,Mugs y Tazas,,keyword→objeto,HIGH,0,0,0.0,1
"""mugs con letras""",Concordancia de frase,"Mugs, Botellas y Termos..",Habilitado,Apto,https://regalospremium.cl/mugs-botellas-termos/,https://regalospremium.cl/mugs-botellas-termos/,CURRENT_FORMAT,NO,PRODUCTO,Hogar y Bebidas,Mugs y Tazas,,keyword→objeto,HIGH,0,0,0.0,1
"""mugs creativos""",Concordancia de frase,"Mugs, Botellas y Termos..",Habilitado,Limitado,https://regalospremium.cl/mugs-botellas-termos/,https://regalospremium.cl/mugs-botellas-termos/,CURRENT_FORMAT,NO,PRODUCTO,Hogar y Bebidas,Mugs y Tazas,,keyword→objeto,HIGH,0,0,0.0,1
"""mugs de mascotas""",Concordancia de frase,"Mugs, Botellas y Termos..",Habilitado,Limitado,https://regalospremium.cl/mugs-botellas-termos/,https://regalospremium.cl/mugs-botellas-termos/,CURRENT_FORMAT,NO,PRODUCTO,Hogar y Bebidas,Mugs y Tazas,,keyword→objeto,HIGH,0,0,0.0,1
"""mugs de nacional""",Concordancia de frase,"Mugs, Botellas y Termos..",Habilitado,Apto,https://regalospremium.cl/mugs-botellas-termos/,https://regalospremium.cl/mugs-botellas-termos/,CURRENT_FORMAT,NO,PRODUCTO,Hogar y Bebidas,Mugs y Tazas,,keyword→objeto,HIGH,0,0,0.0,1
"""mugs de profesiones""",Concordancia de frase,"Mugs, Botellas y Termos..",Habilitado,No apto,https://regalospremium.cl/mugs-botellas-termos/,https://regalospremium.cl/mugs-botellas-termos/,CURRENT_FORMAT,NO,PRODUCTO,Hogar y Bebidas,Mugs y Tazas,,keyword→objeto,HIGH,0,0,0.0,1
"""mugs de regalo""",Concordancia de frase,"Mugs, Botellas y Termos..",Habilitado,Limitado,https://regalospremium.cl/mugs-botellas-termos/,https://regalospremium.cl/mugs-botellas-termos/,CURRENT_FORMAT,NO,PRODUCTO,Hogar y Bebidas,Mugs y Tazas,,keyword→objeto,HIGH,0,0,0.0,1
"""mugs decorativos""",Concordancia de frase,"Mugs, Botellas y Termos..",Habilitado,Limitado,https://regalospremium.cl/mugs-botellas-termos/,https://regalospremium.cl/mugs-botellas-termos/,CURRENT_FORMAT,NO,PRODUCTO,Hogar y Bebidas,Mugs y Tazas,,keyword→objeto,HIGH,0,0,0.0,1
"""mugs del dia del padre""",Concordancia de frase,"Mugs, Botellas y Termos..",Habilitado,No apto,https://regalospremium.cl/mugs-botellas-termos/,https://regalospremium.cl/mugs-botellas-termos/,CURRENT_FORMAT,NO,PRODUCTO,Hogar y Bebidas,Mugs y Tazas,,keyword→objeto,HIGH,0,0,0.0,1
"""mugs dia de la enfermera""",Concordancia de frase,"Mugs, Botellas y Termos..",Habilitado,No apto,https://regalospremium.cl/mugs-botellas-termos/,https://regalospremium.cl/mugs-botellas-termos/,CURRENT_FORMAT,NO,PRODUCTO,Hogar y Bebidas,Mugs y Tazas,,keyword→objeto,HIGH,0,0,0.0,1
"""mugs dia de la mujer""",Concordancia de frase,"Mugs, Botellas y Termos..",Habilitado,Limitado,https://regalospremium.cl/mugs-botellas-termos/,https://regalospremium.cl/mugs-botellas-termos/,CURRENT_FORMAT,NO,PRODUCTO,Hogar y Bebidas,Mugs y Tazas,,keyword→objeto,HIGH,0,0,0.0,1
"""mugs dia del padre""",Concordancia de frase,"Mugs, Botellas y Termos..",Habilitado,Limitado,https://regalospremium.cl/mugs-botellas-termos/,https://regalospremium.cl/mugs-botellas-termos/,CURRENT_FORMAT,NO,PRODUCTO,Hogar y Bebidas,Mugs y Tazas,,keyword→objeto,HIGH,0,0,0.0,1
"""mugs dorados""",Concordancia de frase,"Mugs, Botellas y Termos..",Habilitado,Limitado,https://regalospremium.cl/mugs-botellas-termos/,https://regalospremium.cl/mugs-botellas-termos/,CURRENT_FORMAT,NO,PRODUCTO,Hogar y Bebidas,Mugs y Tazas,,keyword→objeto,HIGH,0,0,0.0,1
"""mugs economicos""",Concordancia de frase,"Mugs, Botellas y Termos..",Habilitado,Limitado,https://regalospremium.cl/mugs-botellas-termos/,https://regalospremium.cl/mugs-botellas-termos/,CURRENT_FORMAT,NO,PRODUCTO,Hogar y Bebidas,Mugs y Tazas,,keyword→objeto,HIGH,0,0,0.0,1
"""mugs elegantes""",Concordancia de frase,"Mugs, Botellas y Termos..",Habilitado,Apto,https://regalospremium.cl/mugs-botellas-termos/,https://regalospremium.cl/mugs-botellas-termos/,CURRENT_FORMAT,NO,PRODUCTO,Hogar y Bebidas,Mugs y Tazas,,keyword→objeto,HIGH,0,0,0.0,1
"""mugs empresariales""",Concordancia de frase,"Mugs, Botellas y Termos..",Habilitado,Limitado,https://regalospremium.cl/mugs-botellas-termos/,https://regalospremium.cl/mugs-botellas-termos/,CURRENT_FORMAT,NO,PRODUCTO,Hogar y Bebidas,Mugs y Tazas,,keyword→objeto,HIGH,0,0,0.0,1
"""mugs en blanco""",Concordancia de frase,"Mugs, Botellas y Termos..",Habilitado,Apto,https://regalospremium.cl/mugs-botellas-termos/,https://regalospremium.cl/mugs-botellas-termos/,CURRENT_FORMAT,NO,PRODUCTO,Hogar y Bebidas,Mugs y Tazas,,keyword→objeto,HIGH,0,0,0.0,1
"""mugs en blanco para sublimar""",Concordancia de frase,"Mugs, Botellas y Termos..",Habilitado,No apto,https://regalospremium.cl/mugs-botellas-termos/,https://regalospremium.cl/mugs-botellas-termos/,CURRENT_FORMAT,NO,PRODUCTO,Hogar y Bebidas,Mugs y Tazas,,keyword→objeto,HIGH,0,0,0.0,1
"""mugs espejo""",Concordancia de frase,"Mugs, Botellas y Termos..",Habilitado,Apto,https://regalospremium.cl/mugs-botellas-termos/,https://regalospremium.cl/mugs-botellas-termos/,CURRENT_FORMAT,NO,PRODUCTO,Hogar y Bebidas,Mugs y Tazas,,keyword→objeto,HIGH,0,0,0.0,1
"""mugs estampar""",Concordancia de frase,"Mugs, Botellas y Termos..",Habilitado,Apto,https://regalospremium.cl/mugs-botellas-termos/,https://regalospremium.cl/mugs-botellas-termos/,CURRENT_FORMAT,NO,PRODUCTO,Hogar y Bebidas,Mugs y Tazas,,keyword→objeto,HIGH,0,0,0.0,1
"""mugs grados""",Concordancia de frase,"Mugs, Botellas y Termos..",Habilitado,Apto,https://regalospremium.cl/mugs-botellas-termos/,https://regalospremium.cl/mugs-botellas-termos/,CURRENT_FORMAT,NO,PRODUCTO,Hogar y Bebidas,Mugs y Tazas,,keyword→objeto,HIGH,0,0,0.0,1
"""mugs halloween""",Concordancia de frase,"Mugs, Botellas y Termos..",Habilitado,Limitado,https://regalospremium.cl/mugs-botellas-termos/,https://regalospremium.cl/mugs-botellas-termos/,CURRENT_FORMAT,NO,PRODUCTO,Hogar y Bebidas,Mugs y Tazas,,keyword→objeto,HIGH,0,0,0.0,1
"""mugs impresos""",Concordancia de frase,"Mugs, Botellas y Termos..",Habilitado,Limitado,https://regalospremium.cl/mugs-botellas-termos/,https://regalospremium.cl/mugs-botellas-termos/,CURRENT_FORMAT,NO,PRODUCTO,Hogar y Bebidas,Mugs y Tazas,,keyword→objeto,HIGH,0,0,0.0,1
"""mugs infantiles""",Concordancia de frase,"Mugs, Botellas y Termos..",Habilitado,Limitado,https://regalospremium.cl/mugs-botellas-termos/,https://regalospremium.cl/mugs-botellas-termos/,CURRENT_FORMAT,NO,PRODUCTO,Hogar y Bebidas,Mugs y Tazas,,keyword→objeto,HIGH,0,0,0.0,1
"""mugs ingeniero""",Concordancia de frase,"Mugs, Botellas y Termos..",Habilitado,No apto,https://regalospremium.cl/mugs-botellas-termos/,https://regalospremium.cl/mugs-botellas-termos/,CURRENT_FORMAT,NO,PRODUCTO,Hogar y Bebidas,Mugs y Tazas,,keyword→objeto,HIGH,0,0,0.0,1
"""mugs mugs""",Concordancia de frase,"Mugs, Botellas y Termos..",Habilitado,Limitado,https://regalospremium.cl/mugs-botellas-termos/,https://regalospremium.cl/mugs-botellas-termos/,CURRENT_FORMAT,NO,PRODUCTO,Hogar y Bebidas,Mugs y Tazas,,keyword→objeto,HIGH,0,0,0.0,1
"""mugs mujer""",Concordancia de frase,"Mugs, Botellas y Termos..",Habilitado,Limitado,https://regalospremium.cl/mugs-botellas-termos/,https://regalospremium.cl/mugs-botellas-termos/,CURRENT_FORMAT,NO,PRODUCTO,Hogar y Bebidas,Mugs y Tazas,,keyword→objeto,HIGH,0,0,0.0,1
"""mugs navidad""",Concordancia de frase,"Mugs, Botellas y Termos..",Habilitado,Limitado,https://regalospremium.cl/mugs-botellas-termos/,https://regalospremium.cl/mugs-botellas-termos/,CURRENT_FORMAT,NO,PRODUCTO,Hogar y Bebidas,Mugs y Tazas,,keyword→objeto,HIGH,0,0,0.0,1
"""mugs novedosps""",Concordancia de frase,"Mugs, Botellas y Termos..",Habilitado,No apto,https://regalospremium.cl/mugs-botellas-termos/,https://regalospremium.cl/mugs-botellas-termos/,CURRENT_FORMAT,NO,PRODUCTO,Hogar y Bebidas,Mugs y Tazas,,keyword→objeto,HIGH,0,0,0.0,1
"""mugs originales""",Concordancia de frase,"Mugs, Botellas y Termos..",Habilitado,Limitado,https://regalospremium.cl/mugs-botellas-termos/,https://regalospremium.cl/mugs-botellas-termos/,CURRENT_FORMAT,NO,PRODUCTO,Hogar y Bebidas,Mugs y Tazas,,keyword→objeto,HIGH,0,0,0.0,1
"""mugs para cumpleaños""",Concordancia de frase,"Mugs, Botellas y Termos..",Habilitado,Apto,https://regalospremium.cl/mugs-botellas-termos/,https://regalospremium.cl/mugs-botellas-termos/,CURRENT_FORMAT,NO,PRODUCTO,Hogar y Bebidas,Mugs y Tazas,,keyword→objeto,HIGH,0,0,0.0,1
"""mugs para el dia de la mujer""",Concordancia de frase,"Mugs, Botellas y Termos..",Habilitado,Apto,https://regalospremium.cl/mugs-botellas-termos/,https://regalospremium.cl/mugs-botellas-termos/,CURRENT_FORMAT,NO,PRODUCTO,Hogar y Bebidas,Mugs y Tazas,,keyword→objeto,HIGH,0,0,0.0,1
"""mugs para el dia del padre""",Concordancia de frase,"Mugs, Botellas y Termos..",Habilitado,Limitado,https://regalospremium.cl/mugs-botellas-termos/,https://regalospremium.cl/mugs-botellas-termos/,CURRENT_FORMAT,NO,PRODUCTO,Hogar y Bebidas,Mugs y Tazas,,keyword→objeto,HIGH,0,0,0.0,1
"""mugs para empresas""",Concordancia de frase,"Mugs, Botellas y Termos..",Habilitado,Limitado,https://regalospremium.cl/mugs-botellas-termos/,https://regalospremium.cl/mugs-botellas-termos/,CURRENT_FORMAT,NO,PRODUCTO,Hogar y Bebidas,Mugs y Tazas,,keyword→objeto,HIGH,0,0,0.0,1
"""mugs para estampar""",Concordancia de frase,"Mugs, Botellas y Termos..",Habilitado,Limitado,https://regalospremium.cl/mugs-botellas-termos/,https://regalospremium.cl/mugs-botellas-termos/,CURRENT_FORMAT,NO,PRODUCTO,Hogar y Bebidas,Mugs y Tazas,,keyword→objeto,HIGH,0,0,0.0,1
"""mugs para grados""",Concordancia de frase,"Mugs, Botellas y Termos..",Habilitado,No apto,https://regalospremium.cl/mugs-botellas-termos/,https://regalospremium.cl/mugs-botellas-termos/,CURRENT_FORMAT,NO,PRODUCTO,Hogar y Bebidas,Mugs y Tazas,,keyword→objeto,HIGH,0,0,0.0,1
"""mugs para medicos""",Concordancia de frase,"Mugs, Botellas y Termos..",Habilitado,Apto,https://regalospremium.cl/mugs-botellas-termos/,https://regalospremium.cl/mugs-botellas-termos/,CURRENT_FORMAT,NO,PRODUCTO,Hogar y Bebidas,Mugs y Tazas,,keyword→objeto,HIGH,0,0,0.0,1
"""mugs para personalizar""",Concordancia de frase,"Mugs, Botellas y Termos..",Habilitado,Limitado,https://regalospremium.cl/mugs-botellas-termos/,https://regalospremium.cl/mugs-botellas-termos/,CURRENT_FORMAT,NO,PRODUCTO,Hogar y Bebidas,Mugs y Tazas,,keyword→objeto,HIGH,0,0,0.0,1
"""mugs para regalar""",Concordancia de frase,"Mugs, Botellas y Termos..",Habilitado,Limitado,https://regalospremium.cl/mugs-botellas-termos/,https://regalospremium.cl/mugs-botellas-termos/,CURRENT_FORMAT,NO,PRODUCTO,Hogar y Bebidas,Mugs y Tazas,,keyword→objeto,HIGH,0,0,0.0,1
"""mugs para sublimacion""",Concordancia de frase,"Mugs, Botellas y Termos..",Habilitado,Limitado,https://regalospremium.cl/mugs-botellas-termos/,https://regalospremium.cl/mugs-botellas-termos/,CURRENT_FORMAT,NO,PRODUCTO,Hogar y Bebidas,Mugs y Tazas,,keyword→objeto,HIGH,0,0,0.0,1
"""mugs para sublimación al por mayor""",Concordancia de frase,"Mugs, Botellas y Termos..",Habilitado,No apto,https://regalospremium.cl/mugs-botellas-termos/,https://regalospremium.cl/mugs-botellas-termos/,CURRENT_FORMAT,NO,PRODUCTO,Hogar y Bebidas,Mugs y Tazas,,keyword→objeto,HIGH,0,0,0.0,1
"""mugs para sublimar""",Concordancia de frase,"Mugs, Botellas y Termos..",Habilitado,Limitado,https://regalospremium.cl/mugs-botellas-termos/,https://regalospremium.cl/mugs-botellas-termos/,CURRENT_FORMAT,NO,PRODUCTO,Hogar y Bebidas,Mugs y Tazas,,keyword→objeto,HIGH,0,0,0.0,1
"""mugs para te""",Concordancia de frase,"Mugs, Botellas y Termos..",Habilitado,Limitado,https://regalospremium.cl/mugs-botellas-termos/,https://regalospremium.cl/mugs-botellas-termos/,CURRENT_FORMAT,NO,PRODUCTO,Hogar y Bebidas,Mugs y Tazas,,keyword→objeto,HIGH,0,0,0.0,1
"""mugs pequeños""",Concordancia de frase,"Mugs, Botellas y Termos..",Habilitado,Apto,https://regalospremium.cl/mugs-botellas-termos/,https://regalospremium.cl/mugs-botellas-termos/,CURRENT_FORMAT,NO,PRODUCTO,Hogar y Bebidas,Mugs y Tazas,,keyword→objeto,HIGH,0,0,0.0,1
"""mugs personalizados al por mayor""",Concordancia de frase,"Mugs, Botellas y Termos..",Habilitado,Apto,https://regalospremium.cl/mugs-botellas-termos/,https://regalospremium.cl/mugs-botellas-termos/,CURRENT_FORMAT,NO,PRODUCTO,Hogar y Bebidas,Mugs y Tazas,,keyword→objeto,HIGH,0,0,0.0,1
"""mugs personalizados amor y amistad""",Concordancia de frase,"Mugs, Botellas y Termos..",Habilitado,Apto,https://regalospremium.cl/mugs-botellas-termos/,https://regalospremium.cl/mugs-botellas-termos/,CURRENT_FORMAT,NO,PRODUCTO,Hogar y Bebidas,Mugs y Tazas,,keyword→objeto,HIGH,0,0,0.0,1
"""mugs personalizados con fotos""",Concordancia de frase,"Mugs, Botellas y Termos..",Habilitado,Limitado,https://regalospremium.cl/mugs-botellas-termos/,https://regalospremium.cl/mugs-botellas-termos/,CURRENT_FORMAT,NO,PRODUCTO,Hogar y Bebidas,Mugs y Tazas,,keyword→objeto,HIGH,0,0,0.0,1
"""mugs personalizados con nombres""",Concordancia de frase,"Mugs, Botellas y Termos..",Habilitado,Apto,https://regalospremium.cl/mugs-botellas-termos/,https://regalospremium.cl/mugs-botellas-termos/,CURRENT_FORMAT,NO,PRODUCTO,Hogar y Bebidas,Mugs y Tazas,,keyword→objeto,HIGH,0,0,0.0,1
"""mugs personalizados dia del padre""",Concordancia de frase,"Mugs, Botellas y Termos..",Habilitado,No apto,https://regalospremium.cl/mugs-botellas-termos/,https://regalospremium.cl/mugs-botellas-termos/,CURRENT_FORMAT,NO,PRODUCTO,Hogar y Bebidas,Mugs y Tazas,,keyword→objeto,HIGH,0,0,0.0,1
"""mugs personalizados mercado libre""",Concordancia de frase,"Mugs, Botellas y Termos..",Habilitado,Apto,https://regalospremium.cl/mugs-botellas-termos/,https://regalospremium.cl/mugs-botellas-termos/,CURRENT_FORMAT,NO,PRODUCTO,Hogar y Bebidas,Mugs y Tazas,,keyword→objeto,HIGH,0,0,0.0,1
"""mugs personalizados online""",Concordancia de frase,"Mugs, Botellas y Termos..",Habilitado,Limitado,https://regalospremium.cl/mugs-botellas-termos/,https://regalospremium.cl/mugs-botellas-termos/,CURRENT_FORMAT,NO,PRODUCTO,Hogar y Bebidas,Mugs y Tazas,,keyword→objeto,HIGH,0,0,0.0,1
"""mugs personalizados para parejas""",Concordancia de frase,"Mugs, Botellas y Termos..",Habilitado,Limitado,https://regalospremium.cl/mugs-botellas-termos/,https://regalospremium.cl/mugs-botellas-termos/,CURRENT_FORMAT,NO,PRODUCTO,Hogar y Bebidas,Mugs y Tazas,,keyword→objeto,HIGH,0,0,0.0,1
"""mugs personalizados precio""",Concordancia de frase,"Mugs, Botellas y Termos..",Habilitado,Limitado,https://regalospremium.cl/mugs-botellas-termos/,https://regalospremium.cl/mugs-botellas-termos/,CURRENT_FORMAT,NO,PRODUCTO,Hogar y Bebidas,Mugs y Tazas,,keyword→objeto,HIGH,0,0,0.0,1
"""mugs personalizados profesiones""",Concordancia de frase,"Mugs, Botellas y Termos..",Habilitado,No apto,https://regalospremium.cl/mugs-botellas-termos/,https://regalospremium.cl/mugs-botellas-termos/,CURRENT_FORMAT,NO,PRODUCTO,Hogar y Bebidas,Mugs y Tazas,,keyword→objeto,HIGH,0,0,0.0,1
"""mugs por mayor""",Concordancia de frase,"Mugs, Botellas y Termos..",Habilitado,Limitado,https://regalospremium.cl/mugs-botellas-termos/,https://regalospremium.cl/mugs-botellas-termos/,CURRENT_FORMAT,NO,PRODUCTO,Hogar y Bebidas,Mugs y Tazas,,keyword→objeto,HIGH,0,0,0.0,1
"""mugs precio""",Concordancia de frase,"Mugs, Botellas y Termos..",Habilitado,Apto,https://regalospremium.cl/mugs-botellas-termos/,https://regalospremium.cl/mugs-botellas-termos/,CURRENT_FORMAT,NO,PRODUCTO,Hogar y Bebidas,Mugs y Tazas,,keyword→objeto,HIGH,0,0,0.0,1
"""mugs promocionales""",Concordancia de frase,"Mugs, Botellas y Termos..",Habilitado,Limitado,https://regalospremium.cl/mugs-botellas-termos/,https://regalospremium.cl/mugs-botellas-termos/,CURRENT_FORMAT,NO,PRODUCTO,Hogar y Bebidas,Mugs y Tazas,,keyword→objeto,HIGH,0,0,0.0,1
"""mugs regalo""",Concordancia de frase,"Mugs, Botellas y Termos..",Habilitado,Limitado,https://regalospremium.cl/mugs-botellas-termos/,https://regalospremium.cl/mugs-botellas-termos/,CURRENT_FORMAT,NO,PRODUCTO,Hogar y Bebidas,Mugs y Tazas,,keyword→objeto,HIGH,0,0,0.0,1
"""mugs termicos""",Concordancia de frase,"Mugs, Botellas y Termos..",Habilitado,Limitado,https://regalospremium.cl/mugs-botellas-termos/,https://regalospremium.cl/mugs-botellas-termos/,CURRENT_FORMAT,NO,PRODUCTO,Hogar y Bebidas,Mugs y Tazas,,keyword→objeto,HIGH,0,0,0.0,1
"""mugs térmicos""",Concordancia de frase,"Mugs, Botellas y Termos..",Habilitado,Limitado,https://regalospremium.cl/mugs-botellas-termos/,https://regalospremium.cl/mugs-botellas-termos/,CURRENT_FORMAT,NO,PRODUCTO,Hogar y Bebidas,Mugs y Tazas,,keyword→objeto,HIGH,0,0,0.0,1
"""mugs termicos personalizados""",Concordancia de frase,"Mugs, Botellas y Termos..",Habilitado,Limitado,https://regalospremium.cl/mugs-botellas-termos/,https://regalospremium.cl/mugs-botellas-termos/,CURRENT_FORMAT,NO,PRODUCTO,Hogar y Bebidas,Mugs y Tazas,,keyword→objeto,HIGH,0,0,0.0,1
"""mugs vip""",Concordancia de frase,"Mugs, Botellas y Termos..",Habilitado,Apto,https://regalospremium.cl/mugs-botellas-termos/,https://regalospremium.cl/mugs-botellas-termos/,CURRENT_FORMAT,NO,PRODUCTO,Hogar y Bebidas,Mugs y Tazas,,keyword→objeto,HIGH,0,0,0.0,1
"""mugs y tazas""",Concordancia de frase,"Mugs, Botellas y Termos..",Habilitado,Limitado,https://regalospremium.cl/mugs-botellas-termos/,https://regalospremium.cl/mugs-botellas-termos/,CURRENT_FORMAT,NO,PRODUCTO,Hogar y Bebidas,Mugs y Tazas,,keyword→objeto,HIGH,0,0,0.0,1
"""oferta mug por mayor""",Concordancia de frase,"Mugs, Botellas y Termos..",Habilitado,No apto,https://regalospremium.cl/mugs-botellas-termos/,https://regalospremium.cl/mugs-botellas-termos/,CURRENT_FORMAT,NO,PRODUCTO,Hogar y Bebidas,Mugs y Tazas,,keyword→objeto,HIGH,0,0,0.0,1
"""personalizacion tazas""",Concordancia de frase,"Mugs, Botellas y Termos..",Habilitado,Limitado,https://regalospremium.cl/mugs-botellas-termos/,https://regalospremium.cl/mugs-botellas-termos/,CURRENT_FORMAT,NO,PRODUCTO,Hogar y Bebidas,Mugs y Tazas,,keyword→objeto,HIGH,0,0,0.0,1
"""personalizar tazones""",Concordancia de frase,"Mugs, Botellas y Termos..",Habilitado,Limitado,https://regalospremium.cl/mugs-botellas-termos/,https://regalospremium.cl/mugs-botellas-termos/,CURRENT_FORMAT,NO,PRODUCTO,Hogar y Bebidas,Mugs y Tazas,,keyword→objeto,HIGH,0,0,0.0,1
"""publicidad de mugs""",Concordancia de frase,"Mugs, Botellas y Termos..",Habilitado,No apto,https://regalospremium.cl/mugs-botellas-termos/,https://regalospremium.cl/mugs-botellas-termos/,CURRENT_FORMAT,NO,PRODUCTO,Hogar y Bebidas,Mugs y Tazas,,keyword→objeto,HIGH,0,0,0.0,1
"""taza con logotipo""",Concordancia de frase,"Mugs, Botellas y Termos..",Habilitado,Limitado,https://regalospremium.cl/mugs-botellas-termos/,https://regalospremium.cl/mugs-botellas-termos/,CURRENT_FORMAT,NO,PRODUCTO,Hogar y Bebidas,Mugs y Tazas,,keyword→objeto,HIGH,0,0,0.0,1
"""taza personalizada con caja santiago""",Concordancia de frase,"Mugs, Botellas y Termos..",Habilitado,No apto,https://regalospremium.cl/mugs-botellas-termos/,https://regalospremium.cl/mugs-botellas-termos/,CURRENT_FORMAT,NO,PRODUCTO,Hogar y Bebidas,Mugs y Tazas,,keyword→objeto,HIGH,0,0,0.0,1
"""taza publicitaria""",Concordancia de frase,"Mugs, Botellas y Termos..",Habilitado,Limitado,https://regalospremium.cl/mugs-botellas-termos/,https://regalospremium.cl/mugs-botellas-termos/,CURRENT_FORMAT,NO,PRODUCTO,Hogar y Bebidas,Mugs y Tazas,,keyword→objeto,HIGH,0,0,0.0,1
"""Taza serigrafia""",Concordancia de frase,"Mugs, Botellas y Termos..",Habilitado,Limitado,https://regalospremium.cl/mugs-botellas-termos/,https://regalospremium.cl/mugs-botellas-termos/,CURRENT_FORMAT,NO,PRODUCTO,Hogar y Bebidas,Mugs y Tazas,,keyword→objeto,HIGH,0,0,0.0,1
"""taza tipo mug""",Concordancia de frase,"Mugs, Botellas y Termos..",Habilitado,Limitado,https://regalospremium.cl/mugs-botellas-termos/,https://regalospremium.cl/mugs-botellas-termos/,CURRENT_FORMAT,NO,PRODUCTO,Hogar y Bebidas,Mugs y Tazas,,keyword→objeto,HIGH,0,0,0.0,1
"""tazas de cafe personalizadas""",Concordancia de frase,"Mugs, Botellas y Termos..",Habilitado,Limitado,https://regalospremium.cl/mugs-botellas-termos/,https://regalospremium.cl/mugs-botellas-termos/,CURRENT_FORMAT,NO,PRODUCTO,Hogar y Bebidas,Mugs y Tazas,,keyword→objeto,HIGH,0,0,0.0,1
"""tazas empresa""",Concordancia de frase,"Mugs, Botellas y Termos..",Habilitado,Limitado,https://regalospremium.cl/mugs-botellas-termos/,https://regalospremium.cl/mugs-botellas-termos/,CURRENT_FORMAT,NO,PRODUCTO,Hogar y Bebidas,Mugs y Tazas,,keyword→objeto,HIGH,0,0,0.0,1
"""tazas empresariales""",Concordancia de frase,"Mugs, Botellas y Termos..",Habilitado,Limitado,https://regalospremium.cl/mugs-botellas-termos/,https://regalospremium.cl/mugs-botellas-termos/,CURRENT_FORMAT,NO,PRODUCTO,Hogar y Bebidas,Mugs y Tazas,,keyword→objeto,HIGH,0,0,0.0,1
"""tazas impresas""",Concordancia de frase,"Mugs, Botellas y Termos..",Habilitado,Limitado,https://regalospremium.cl/mugs-botellas-termos/,https://regalospremium.cl/mugs-botellas-termos/,CURRENT_FORMAT,NO,PRODUCTO,Hogar y Bebidas,Mugs y Tazas,,keyword→objeto,HIGH,0,0,0.0,1
"""tazas impresas personalizadas""",Concordancia de frase,"Mugs, Botellas y Termos..",Habilitado,Limitado,https://regalospremium.cl/mugs-botellas-termos/,https://regalospremium.cl/mugs-botellas-termos/,CURRENT_FORMAT,NO,PRODUCTO,Hogar y Bebidas,Mugs y Tazas,,keyword→objeto,HIGH,0,0,0.0,1
"""tazas impresas precio""",Concordancia de frase,"Mugs, Botellas y Termos..",Habilitado,Apto,https://regalospremium.cl/mugs-botellas-termos/,https://regalospremium.cl/mugs-botellas-termos/,CURRENT_FORMAT,NO,PRODUCTO,Hogar y Bebidas,Mugs y Tazas,,keyword→objeto,HIGH,0,0,0.0,1
"""tazas logo empresa""",Concordancia de frase,"Mugs, Botellas y Termos..",Habilitado,Limitado,https://regalospremium.cl/mugs-botellas-termos/,https://regalospremium.cl/mugs-botellas-termos/,CURRENT_FORMAT,NO,PRODUCTO,Hogar y Bebidas,Mugs y Tazas,,keyword→objeto,HIGH,0,0,0.0,1
"""tazas mug baratas""",Concordancia de frase,"Mugs, Botellas y Termos..",Habilitado,Limitado,https://regalospremium.cl/mugs-botellas-termos/,https://regalospremium.cl/mugs-botellas-termos/,CURRENT_FORMAT,NO,PRODUCTO,Hogar y Bebidas,Mugs y Tazas,,keyword→objeto,HIGH,0,0,0.0,1
"""tazas mug grandes""",Concordancia de frase,"Mugs, Botellas y Termos..",Habilitado,Limitado,https://regalospremium.cl/mugs-botellas-termos/,https://regalospremium.cl/mugs-botellas-termos/,CURRENT_FORMAT,NO,PRODUCTO,Hogar y Bebidas,Mugs y Tazas,,keyword→objeto,HIGH,0,0,0.0,1
"""tazas mug navidad""",Concordancia de frase,"Mugs, Botellas y Termos..",Habilitado,Limitado,https://regalospremium.cl/mugs-botellas-termos/,https://regalospremium.cl/mugs-botellas-termos/,CURRENT_FORMAT,NO,PRODUCTO,Hogar y Bebidas,Mugs y Tazas,,keyword→objeto,HIGH,0,0,0.0,1
"""tazas mug para sublimar""",Concordancia de frase,"Mugs, Botellas y Termos..",Habilitado,Limitado,https://regalospremium.cl/mugs-botellas-termos/,https://regalospremium.cl/mugs-botellas-termos/,CURRENT_FORMAT,NO,PRODUCTO,Hogar y Bebidas,Mugs y Tazas,,keyword→objeto,HIGH,0,0,0.0,1
"""tazas mug personalizadas""",Concordancia de frase,"Mugs, Botellas y Termos..",Habilitado,Apto,https://regalospremium.cl/mugs-botellas-termos/,https://regalospremium.cl/mugs-botellas-termos/,CURRENT_FORMAT,NO,PRODUCTO,Hogar y Bebidas,Mugs y Tazas,,keyword→objeto,HIGH,0,0,0.0,1
"""tazas mug por mayor""",Concordancia de frase,"Mugs, Botellas y Termos..",Habilitado,Apto,https://regalospremium.cl/mugs-botellas-termos/,https://regalospremium.cl/mugs-botellas-termos/,CURRENT_FORMAT,NO,PRODUCTO,Hogar y Bebidas,Mugs y Tazas,,keyword→objeto,HIGH,0,0,0.0,1
"""tazas mugs al por mayor""",Concordancia de frase,"Mugs, Botellas y Termos..",Habilitado,Limitado,https://regalospremium.cl/mugs-botellas-termos/,https://regalospremium.cl/mugs-botellas-termos/,CURRENT_FORMAT,NO,PRODUCTO,Hogar y Bebidas,Mugs y Tazas,,keyword→objeto,HIGH,0,0,0.0,1
"""tazas para""",Concordancia de frase,"Mugs, Botellas y Termos..",Habilitado,Limitado,https://regalospremium.cl/mugs-botellas-termos/,https://regalospremium.cl/mugs-botellas-termos/,CURRENT_FORMAT,NO,PRODUCTO,Hogar y Bebidas,Mugs y Tazas,,keyword→objeto,HIGH,0,0,0.0,1
"""tazas para clientes""",Concordancia de frase,"Mugs, Botellas y Termos..",Habilitado,Limitado,https://regalospremium.cl/mugs-botellas-termos/,https://regalospremium.cl/mugs-botellas-termos/,CURRENT_FORMAT,NO,PRODUCTO,Hogar y Bebidas,Mugs y Tazas,,keyword→objeto,HIGH,0,0,0.0,1
"""tazas para empresas""",Concordancia de frase,"Mugs, Botellas y Termos..",Habilitado,Limitado,https://regalospremium.cl/mugs-botellas-termos/,https://regalospremium.cl/mugs-botellas-termos/,CURRENT_FORMAT,NO,PRODUCTO,Hogar y Bebidas,Mugs y Tazas,,keyword→objeto,HIGH,0,0,0.0,1
"""tazas para personalizar por mayor""",Concordancia de frase,"Mugs, Botellas y Termos..",Habilitado,Limitado,https://regalospremium.cl/mugs-botellas-termos/,https://regalospremium.cl/mugs-botellas-termos/,CURRENT_FORMAT,NO,PRODUCTO,Hogar y Bebidas,Mugs y Tazas,,keyword→objeto,HIGH,0,0,0.0,1
"""tazas para regalos empresariales""",Concordancia de frase,"Mugs, Botellas y Termos..",Habilitado,Apto,https://regalospremium.cl/mugs-botellas-termos/,https://regalospremium.cl/mugs-botellas-termos/,CURRENT_FORMAT,NO,PRODUCTO,Hogar y Bebidas,Mugs y Tazas,,keyword→objeto,HIGH,0,0,0.0,1
"""tazas personalizadas""",Concordancia de frase,"Mugs, Botellas y Termos..",Habilitado,Limitado,https://regalospremium.cl/mugs-botellas-termos/,https://regalospremium.cl/mugs-botellas-termos/,CURRENT_FORMAT,NO,PRODUCTO,Hogar y Bebidas,Mugs y Tazas,,keyword→objeto,HIGH,0,0,0.0,1
"""tazas personalizadas corporativas""",Concordancia de frase,"Mugs, Botellas y Termos..",Habilitado,Limitado,https://regalospremium.cl/mugs-botellas-termos/,https://regalospremium.cl/mugs-botellas-termos/,CURRENT_FORMAT,NO,PRODUCTO,Hogar y Bebidas,Mugs y Tazas,,keyword→objeto,HIGH,0,0,0.0,1
"""tazas personalizadas de promocion""",Concordancia de frase,"Mugs, Botellas y Termos..",Habilitado,Apto,https://regalospremium.cl/mugs-botellas-termos/,https://regalospremium.cl/mugs-botellas-termos/,CURRENT_FORMAT,NO,PRODUCTO,Hogar y Bebidas,Mugs y Tazas,,keyword→objeto,HIGH,0,0,0.0,1
"""tazas personalizadas dia del trabajador""",Concordancia de frase,"Mugs, Botellas y Termos..",Habilitado,No apto,https://regalospremium.cl/mugs-botellas-termos/,https://regalospremium.cl/mugs-botellas-termos/,CURRENT_FORMAT,NO,PRODUCTO,Hogar y Bebidas,Mugs y Tazas,,keyword→objeto,HIGH,0,0,0.0,1
"""tazas personalizadas empresa""",Concordancia de frase,"Mugs, Botellas y Termos..",Habilitado,Limitado,https://regalospremium.cl/mugs-botellas-termos/,https://regalospremium.cl/mugs-botellas-termos/,CURRENT_FORMAT,NO,PRODUCTO,Hogar y Bebidas,Mugs y Tazas,,keyword→objeto,HIGH,0,0,0.0,1
"""tazas personalizadas empresariales""",Concordancia de frase,"Mugs, Botellas y Termos..",Habilitado,Limitado,https://regalospremium.cl/mugs-botellas-termos/,https://regalospremium.cl/mugs-botellas-termos/,CURRENT_FORMAT,NO,PRODUCTO,Hogar y Bebidas,Mugs y Tazas,,keyword→objeto,HIGH,0,0,0.0,1
"""tazas personalizadas logo empresa""",Concordancia de frase,"Mugs, Botellas y Termos..",Habilitado,Limitado,https://regalospremium.cl/mugs-botellas-termos/,https://regalospremium.cl/mugs-botellas-termos/,CURRENT_FORMAT,NO,PRODUCTO,Hogar y Bebidas,Mugs y Tazas,,keyword→objeto,HIGH,0,0,0.0,1
"""tazas personalizadas para clientes""",Concordancia de frase,"Mugs, Botellas y Termos..",Habilitado,Limitado,https://regalospremium.cl/mugs-botellas-termos/,https://regalospremium.cl/mugs-botellas-termos/,CURRENT_FORMAT,NO,PRODUCTO,Hogar y Bebidas,Mugs y Tazas,,keyword→objeto,HIGH,0,0,0.0,1
"""tazas personalizadas para empresas""",Concordancia de frase,"Mugs, Botellas y Termos..",Habilitado,Limitado,https://regalospremium.cl/mugs-botellas-termos/,https://regalospremium.cl/mugs-botellas-termos/,CURRENT_FORMAT,NO,PRODUCTO,Hogar y Bebidas,Mugs y Tazas,,keyword→objeto,HIGH,0,0,0.0,1
"""tazas personalizadas para promocion""",Concordancia de frase,"Mugs, Botellas y Termos..",Habilitado,Apto,https://regalospremium.cl/mugs-botellas-termos/,https://regalospremium.cl/mugs-botellas-termos/,CURRENT_FORMAT,NO,PRODUCTO,Hogar y Bebidas,Mugs y Tazas,,keyword→objeto,HIGH,0,0,0.0,1
"""tazas personalizadas promocion""",Concordancia de frase,"Mugs, Botellas y Termos..",Habilitado,Apto,https://regalospremium.cl/mugs-botellas-termos/,https://regalospremium.cl/mugs-botellas-termos/,CURRENT_FORMAT,NO,PRODUCTO,Hogar y Bebidas,Mugs y Tazas,,keyword→objeto,HIGH,0,0,0.0,1
"""tazas personalizadas rancagua""",Concordancia de frase,"Mugs, Botellas y Termos..",Habilitado,Limitado,https://regalospremium.cl/mugs-botellas-termos/,https://regalospremium.cl/mugs-botellas-termos/,CURRENT_FORMAT,NO,PRODUCTO,Hogar y Bebidas,Mugs y Tazas,,keyword→objeto,HIGH,0,0,0.0,1
"""tazas personalizadas tazas""",Concordancia de frase,"Mugs, Botellas y Termos..",Habilitado,Limitado,https://regalospremium.cl/mugs-botellas-termos/,https://regalospremium.cl/mugs-botellas-termos/,CURRENT_FORMAT,NO,PRODUCTO,Hogar y Bebidas,Mugs y Tazas,,keyword→objeto,HIGH,0,0,0.0,1
"""tazas promocionales""",Concordancia de frase,"Mugs, Botellas y Termos..",Habilitado,Limitado,https://regalospremium.cl/mugs-botellas-termos/,https://regalospremium.cl/mugs-botellas-termos/,CURRENT_FORMAT,NO,PRODUCTO,Hogar y Bebidas,Mugs y Tazas,,keyword→objeto,HIGH,0,0,0.0,1
"""tazas publicidad baratas""",Concordancia de frase,"Mugs, Botellas y Termos..",Habilitado,Apto,https://regalospremium.cl/mugs-botellas-termos/,https://regalospremium.cl/mugs-botellas-termos/,CURRENT_FORMAT,NO,PRODUCTO,Hogar y Bebidas,Mugs y Tazas,,keyword→objeto,HIGH,0,0,0.0,1
"""tazas publicitarias precios""",Concordancia de frase,"Mugs, Botellas y Termos..",Habilitado,Limitado,https://regalospremium.cl/mugs-botellas-termos/,https://regalospremium.cl/mugs-botellas-termos/,CURRENT_FORMAT,NO,PRODUCTO,Hogar y Bebidas,Mugs y Tazas,,keyword→objeto,HIGH,0,0,0.0,1
"""tazas publicitarios""",Concordancia de frase,"Mugs, Botellas y Termos..",Habilitado,Limitado,https://regalospremium.cl/mugs-botellas-termos/,https://regalospremium.cl/mugs-botellas-termos/,CURRENT_FORMAT,NO,PRODUCTO,Hogar y Bebidas,Mugs y Tazas,,keyword→objeto,HIGH,0,0,0.0,1
"""tazas sublimadas para empresas""",Concordancia de frase,"Mugs, Botellas y Termos..",Habilitado,Limitado,https://regalospremium.cl/mugs-botellas-termos/,https://regalospremium.cl/mugs-botellas-termos/,CURRENT_FORMAT,NO,PRODUCTO,Hogar y Bebidas,Mugs y Tazas,,keyword→objeto,HIGH,0,0,0.0,1
"""tazas térmicas""",Concordancia de frase,"Mugs, Botellas y Termos..",Habilitado,Limitado,https://regalospremium.cl/mugs-botellas-termos/,https://regalospremium.cl/mugs-botellas-termos/,CURRENT_FORMAT,NO,PRODUCTO,Hogar y Bebidas,Mugs y Tazas,,keyword→objeto,HIGH,0,0,0.0,1
"""tazas y llaveros personalizados""",Concordancia de frase,"Mugs, Botellas y Termos..",Habilitado,Limitado,https://regalospremium.cl/mugs-botellas-termos/,https://regalospremium.cl/mugs-botellas-termos/,CURRENT_FORMAT,NO,PRODUCTO,Hogar y Bebidas,Mugs y Tazas,,keyword→objeto,HIGH,0,0,0.0,1
"""tazas y mugs""",Concordancia de frase,"Mugs, Botellas y Termos..",Habilitado,Limitado,https://regalospremium.cl/mugs-botellas-termos/,https://regalospremium.cl/mugs-botellas-termos/,CURRENT_FORMAT,NO,PRODUCTO,Hogar y Bebidas,Mugs y Tazas,,keyword→objeto,HIGH,0,0,0.0,1
"""tazon blanco mate personalizado""",Concordancia de frase,"Mugs, Botellas y Termos..",Habilitado,No apto,https://regalospremium.cl/mugs-botellas-termos/,https://regalospremium.cl/mugs-botellas-termos/,CURRENT_FORMAT,NO,PRODUCTO,Hogar y Bebidas,Mugs y Tazas,,keyword→objeto,HIGH,0,0,0.0,1
"""tazon con cuchara personalizadas""",Concordancia de frase,"Mugs, Botellas y Termos..",Habilitado,No apto,https://regalospremium.cl/mugs-botellas-termos/,https://regalospremium.cl/mugs-botellas-termos/,CURRENT_FORMAT,NO,PRODUCTO,Hogar y Bebidas,Mugs y Tazas,,keyword→objeto,HIGH,0,0,0.0,1
"""tazon de vidrio""",Concordancia de frase,"Mugs, Botellas y Termos..",Habilitado,Limitado,https://regalospremium.cl/mugs-botellas-termos/,https://regalospremium.cl/mugs-botellas-termos/,CURRENT_FORMAT,NO,PRODUCTO,Hogar y Bebidas,Mugs y Tazas,,keyword→objeto,HIGH,0,0,0.0,1
"""tazon enlozado""",Concordancia de frase,"Mugs, Botellas y Termos..",Habilitado,Limitado,https://regalospremium.cl/mugs-botellas-termos/,https://regalospremium.cl/mugs-botellas-termos/,CURRENT_FORMAT,NO,PRODUCTO,Hogar y Bebidas,Mugs y Tazas,,keyword→objeto,HIGH,0,0,0.0,1
"""tazon enlozado sublimacion""",Concordancia de frase,"Mugs, Botellas y Termos..",Habilitado,Limitado,https://regalospremium.cl/mugs-botellas-termos/,https://regalospremium.cl/mugs-botellas-termos/,CURRENT_FORMAT,NO,PRODUCTO,Hogar y Bebidas,Mugs y Tazas,,keyword→objeto,HIGH,0,0,0.0,1
"""tazon mug""",Concordancia de frase,"Mugs, Botellas y Termos..",Habilitado,Limitado,https://regalospremium.cl/mugs-botellas-termos/,https://regalospremium.cl/mugs-botellas-termos/,CURRENT_FORMAT,NO,PRODUCTO,Hogar y Bebidas,Mugs y Tazas,,keyword→objeto,HIGH,0,0,0.0,1
"""tazon personalizado""",Concordancia de frase,"Mugs, Botellas y Termos..",Habilitado,Limitado,https://regalospremium.cl/mugs-botellas-termos/,https://regalospremium.cl/mugs-botellas-termos/,CURRENT_FORMAT,NO,PRODUCTO,Hogar y Bebidas,Mugs y Tazas,,keyword→objeto,HIGH,0,0,0.0,1
"""tazon por mayor""",Concordancia de frase,"Mugs, Botellas y Termos..",Habilitado,Limitado,https://regalospremium.cl/mugs-botellas-termos/,https://regalospremium.cl/mugs-botellas-termos/,CURRENT_FORMAT,NO,PRODUCTO,Hogar y Bebidas,Mugs y Tazas,,keyword→objeto,HIGH,0,0,0.0,1
"""tazón promocional""",Concordancia de frase,"Mugs, Botellas y Termos..",Habilitado,No apto,https://regalospremium.cl/mugs-botellas-termos/,https://regalospremium.cl/mugs-botellas-termos/,CURRENT_FORMAT,NO,PRODUCTO,Hogar y Bebidas,Mugs y Tazas,,keyword→objeto,HIGH,0,0,0.0,1
"""tazon termico precio en chile""",Concordancia de frase,"Mugs, Botellas y Termos..",Habilitado,No apto,https://regalospremium.cl/mugs-botellas-termos/,https://regalospremium.cl/mugs-botellas-termos/,CURRENT_FORMAT,NO,PRODUCTO,Hogar y Bebidas,Mugs y Tazas,,keyword→objeto,HIGH,0,0,0.0,1
"""tazones""",Concordancia de frase,"Mugs, Botellas y Termos..",Habilitado,Limitado,https://regalospremium.cl/mugs-botellas-termos/,https://regalospremium.cl/mugs-botellas-termos/,CURRENT_FORMAT,NO,PRODUCTO,Hogar y Bebidas,Mugs y Tazas,,keyword→objeto,HIGH,0,0,0.0,1
"""tazones al por mayor""",Concordancia de frase,"Mugs, Botellas y Termos..",Habilitado,Limitado,https://regalospremium.cl/mugs-botellas-termos/,https://regalospremium.cl/mugs-botellas-termos/,CURRENT_FORMAT,NO,PRODUCTO,Hogar y Bebidas,Mugs y Tazas,,keyword→objeto,HIGH,0,0,0.0,1
"""tazones aniversario chile""",Concordancia de frase,"Mugs, Botellas y Termos..",Habilitado,No apto,https://regalospremium.cl/mugs-botellas-termos/,https://regalospremium.cl/mugs-botellas-termos/,CURRENT_FORMAT,NO,PRODUCTO,Hogar y Bebidas,Mugs y Tazas,,keyword→objeto,HIGH,0,0,0.0,1
"""tazones chile""",Concordancia de frase,"Mugs, Botellas y Termos..",Habilitado,Limitado,https://regalospremium.cl/mugs-botellas-termos/,https://regalospremium.cl/mugs-botellas-termos/,CURRENT_FORMAT,NO,PRODUCTO,Hogar y Bebidas,Mugs y Tazas,,keyword→objeto,HIGH,0,0,0.0,1
"""tazones con logo""",Concordancia de frase,"Mugs, Botellas y Termos..",Habilitado,Limitado,https://regalospremium.cl/mugs-botellas-termos/,https://regalospremium.cl/mugs-botellas-termos/,CURRENT_FORMAT,NO,PRODUCTO,Hogar y Bebidas,Mugs y Tazas,,keyword→objeto,HIGH,0,0,0.0,1
"""tazones corporativos""",Concordancia de frase,"Mugs, Botellas y Termos..",Habilitado,Limitado,https://regalospremium.cl/mugs-botellas-termos/,https://regalospremium.cl/mugs-botellas-termos/,CURRENT_FORMAT,NO,PRODUCTO,Hogar y Bebidas,Mugs y Tazas,,keyword→objeto,HIGH,0,0,0.0,1
"""tazones de vidrio""",Concordancia de frase,"Mugs, Botellas y Termos..",Habilitado,Limitado,https://regalospremium.cl/mugs-botellas-termos/,https://regalospremium.cl/mugs-botellas-termos/,CURRENT_FORMAT,NO,PRODUCTO,Hogar y Bebidas,Mugs y Tazas,,keyword→objeto,HIGH,0,0,0.0,1
"""tazones enlozados""",Concordancia de frase,"Mugs, Botellas y Termos..",Habilitado,Limitado,https://regalospremium.cl/mugs-botellas-termos/,https://regalospremium.cl/mugs-botellas-termos/,CURRENT_FORMAT,NO,PRODUCTO,Hogar y Bebidas,Mugs y Tazas,,keyword→objeto,HIGH,0,0,0.0,1
"""tazones enlozados para sublimar""",Concordancia de frase,"Mugs, Botellas y Termos..",Habilitado,Apto,https://regalospremium.cl/mugs-botellas-termos/,https://regalospremium.cl/mugs-botellas-termos/,CURRENT_FORMAT,NO,PRODUCTO,Hogar y Bebidas,Mugs y Tazas,,keyword→objeto,HIGH,0,0,0.0,1
"""tazones impresos""",Concordancia de frase,"Mugs, Botellas y Termos..",Habilitado,Limitado,https://regalospremium.cl/mugs-botellas-termos/,https://regalospremium.cl/mugs-botellas-termos/,CURRENT_FORMAT,NO,PRODUCTO,Hogar y Bebidas,Mugs y Tazas,,keyword→objeto,HIGH,0,0,0.0,1
"""tazones impresos chile""",Concordancia de frase,"Mugs, Botellas y Termos..",Habilitado,No apto,https://regalospremium.cl/mugs-botellas-termos/,https://regalospremium.cl/mugs-botellas-termos/,CURRENT_FORMAT,NO,PRODUCTO,Hogar y Bebidas,Mugs y Tazas,,keyword→objeto,HIGH,0,0,0.0,1
"""tazones la serena""",Concordancia de frase,"Mugs, Botellas y Termos..",Habilitado,Apto,https://regalospremium.cl/mugs-botellas-termos/,https://regalospremium.cl/mugs-botellas-termos/,CURRENT_FORMAT,NO,PRODUCTO,Hogar y Bebidas,Mugs y Tazas,,keyword→objeto,HIGH,0,0,0.0,1
"""tazones metalicos""",Concordancia de frase,"Mugs, Botellas y Termos..",Habilitado,Limitado,https://regalospremium.cl/mugs-botellas-termos/,https://regalospremium.cl/mugs-botellas-termos/,CURRENT_FORMAT,NO,PRODUCTO,Hogar y Bebidas,Mugs y Tazas,,keyword→objeto,HIGH,0,0,0.0,1
"""tazones mug""",Concordancia de frase,"Mugs, Botellas y Termos..",Habilitado,Limitado,https://regalospremium.cl/mugs-botellas-termos/,https://regalospremium.cl/mugs-botellas-termos/,CURRENT_FORMAT,NO,PRODUCTO,Hogar y Bebidas,Mugs y Tazas,,keyword→objeto,HIGH,0,0,0.0,1
"""tazones mug botellas""",Concordancia de frase,"Mugs, Botellas y Termos..",Habilitado,No apto,https://regalospremium.cl/mugs-botellas-termos/,https://regalospremium.cl/mugs-botellas-termos/,CURRENT_FORMAT,NO,PRODUCTO,Hogar y Bebidas,Mugs y Tazas,,keyword→objeto,HIGH,0,0,0.0,1
"""tazones para estampar por mayor""",Concordancia de frase,"Mugs, Botellas y Termos..",Habilitado,Limitado,https://regalospremium.cl/mugs-botellas-termos/,https://regalospremium.cl/mugs-botellas-termos/,CURRENT_FORMAT,NO,PRODUCTO,Hogar y Bebidas,Mugs y Tazas,,keyword→objeto,HIGH,0,0,0.0,1
"""tazones personalizados""",Concordancia de frase,"Mugs, Botellas y Termos..",Habilitado,Limitado,https://regalospremium.cl/mugs-botellas-termos/,https://regalospremium.cl/mugs-botellas-termos/,CURRENT_FORMAT,NO,PRODUCTO,Hogar y Bebidas,Mugs y Tazas,,keyword→objeto,HIGH,0,0,0.0,1
"""tazones personalizados chile""",Concordancia de frase,"Mugs, Botellas y Termos..",Habilitado,Limitado,https://regalospremium.cl/mugs-botellas-termos/,https://regalospremium.cl/mugs-botellas-termos/,CURRENT_FORMAT,NO,PRODUCTO,Hogar y Bebidas,Mugs y Tazas,,keyword→objeto,HIGH,0,0,0.0,1
"""tazones personalizados dia del padre""",Concordancia de frase,"Mugs, Botellas y Termos..",Habilitado,Apto,https://regalospremium.cl/mugs-botellas-termos/,https://regalospremium.cl/mugs-botellas-termos/,CURRENT_FORMAT,NO,PRODUCTO,Hogar y Bebidas,Mugs y Tazas,,keyword→objeto,HIGH,0,0,0.0,1
"""tazones personalizados providencia""",Concordancia de frase,"Mugs, Botellas y Termos..",Habilitado,Limitado,https://regalospremium.cl/mugs-botellas-termos/,https://regalospremium.cl/mugs-botellas-termos/,CURRENT_FORMAT,NO,PRODUCTO,Hogar y Bebidas,Mugs y Tazas,,keyword→objeto,HIGH,0,0,0.0,1
"""tazones personalizados santiago de chile""",Concordancia de frase,"Mugs, Botellas y Termos..",Habilitado,No apto,https://regalospremium.cl/mugs-botellas-termos/,https://regalospremium.cl/mugs-botellas-termos/,CURRENT_FORMAT,NO,PRODUCTO,Hogar y Bebidas,Mugs y Tazas,,keyword→objeto,HIGH,0,0,0.0,1
"""tazones por mayor en santiago chile""",Concordancia de frase,"Mugs, Botellas y Termos..",Habilitado,No apto,https://regalospremium.cl/mugs-botellas-termos/,https://regalospremium.cl/mugs-botellas-termos/,CURRENT_FORMAT,NO,PRODUCTO,Hogar y Bebidas,Mugs y Tazas,,keyword→objeto,HIGH,0,0,0.0,1
"""tazones promocionales""",Concordancia de frase,"Mugs, Botellas y Termos..",Habilitado,Limitado,https://regalospremium.cl/mugs-botellas-termos/,https://regalospremium.cl/mugs-botellas-termos/,CURRENT_FORMAT,NO,PRODUCTO,Hogar y Bebidas,Mugs y Tazas,,keyword→objeto,HIGH,0,0,0.0,1
"""tazones providencia""",Concordancia de frase,"Mugs, Botellas y Termos..",Habilitado,Apto,https://regalospremium.cl/mugs-botellas-termos/,https://regalospremium.cl/mugs-botellas-termos/,CURRENT_FORMAT,NO,PRODUCTO,Hogar y Bebidas,Mugs y Tazas,,keyword→objeto,HIGH,0,0,0.0,1
"""tazones publicitarios""",Concordancia de frase,"Mugs, Botellas y Termos..",Habilitado,Limitado,https://regalospremium.cl/mugs-botellas-termos/,https://regalospremium.cl/mugs-botellas-termos/,CURRENT_FORMAT,NO,PRODUCTO,Hogar y Bebidas,Mugs y Tazas,,keyword→objeto,HIGH,0,0,0.0,1
"""tazones publicitarios baratos""",Concordancia de frase,"Mugs, Botellas y Termos..",Habilitado,Apto,https://regalospremium.cl/mugs-botellas-termos/,https://regalospremium.cl/mugs-botellas-termos/,CURRENT_FORMAT,NO,PRODUCTO,Hogar y Bebidas,Mugs y Tazas,,keyword→objeto,HIGH,0,0,0.0,1
"""tazones Santiago""",Concordancia de frase,"Mugs, Botellas y Termos..",Habilitado,Apto,https://regalospremium.cl/mugs-botellas-termos/,https://regalospremium.cl/mugs-botellas-termos/,CURRENT_FORMAT,NO,PRODUCTO,Hogar y Bebidas,Mugs y Tazas,,keyword→objeto,HIGH,0,0,0.0,1
"""tazones santiago chile""",Concordancia de frase,"Mugs, Botellas y Termos..",Habilitado,No apto,https://regalospremium.cl/mugs-botellas-termos/,https://regalospremium.cl/mugs-botellas-termos/,CURRENT_FORMAT,NO,PRODUCTO,Hogar y Bebidas,Mugs y Tazas,,keyword→objeto,HIGH,0,0,0.0,1
"""tazones sublimacion chile""",Concordancia de frase,"Mugs, Botellas y Termos..",Habilitado,No apto,https://regalospremium.cl/mugs-botellas-termos/,https://regalospremium.cl/mugs-botellas-termos/,CURRENT_FORMAT,NO,PRODUCTO,Hogar y Bebidas,Mugs y Tazas,,keyword→objeto,HIGH,0,0,0.0,1
"""tazones termicos""",Concordancia de frase,"Mugs, Botellas y Termos..",Habilitado,Limitado,https://regalospremium.cl/mugs-botellas-termos/,https://regalospremium.cl/mugs-botellas-termos/,CURRENT_FORMAT,NO,PRODUCTO,Hogar y Bebidas,Mugs y Tazas,,keyword→objeto,HIGH,0,0,0.0,1
"""tazones termicos en en chile""",Concordancia de frase,"Mugs, Botellas y Termos..",Habilitado,No apto,https://regalospremium.cl/mugs-botellas-termos/,https://regalospremium.cl/mugs-botellas-termos/,CURRENT_FORMAT,NO,PRODUCTO,Hogar y Bebidas,Mugs y Tazas,,keyword→objeto,HIGH,0,0,0.0,1
"""tazones y regalos publicitarios""",Concordancia de frase,"Mugs, Botellas y Termos..",Habilitado,Limitado,https://regalospremium.cl/mugs-botellas-termos/,https://regalospremium.cl/mugs-botellas-termos/,CURRENT_FORMAT,NO,PRODUCTO,Hogar y Bebidas,Mugs y Tazas,,keyword→objeto,HIGH,0,0,0.0,1
"""tazonespublicitarios cl""",Concordancia de frase,"Mugs, Botellas y Termos..",Habilitado,No apto,https://regalospremium.cl/mugs-botellas-termos/,https://regalospremium.cl/mugs-botellas-termos/,CURRENT_FORMAT,NO,PRODUCTO,Hogar y Bebidas,Mugs y Tazas,,keyword→objeto,HIGH,0,0,0.0,1
"""termo líquido""",Concordancia de frase,"Mugs, Botellas y Termos..",Habilitado,Limitado,https://regalospremium.cl/mugs-botellas-termos/,https://regalospremium.cl/mugs-botellas-termos/,CURRENT_FORMAT,NO,PRODUCTO,Hogar y Bebidas,Termos,,keyword→objeto,HIGH,0,0,0.0,1
"""termo mug""",Concordancia de frase,"Mugs, Botellas y Termos..",Habilitado,Limitado,https://regalospremium.cl/mugs-botellas-termos/,https://regalospremium.cl/mugs-botellas-termos/,CURRENT_FORMAT,NO,PRODUCTO,Hogar y Bebidas,Mugs y Tazas,,keyword→objeto,HIGH,0,0,0.0,1
"""termos""",Concordancia de frase,"Mugs, Botellas y Termos..",Habilitado,Limitado,https://regalospremium.cl/mugs-botellas-termos/,https://regalospremium.cl/mugs-botellas-termos/,CURRENT_FORMAT,NO,PRODUCTO,Hogar y Bebidas,Termos,,keyword→objeto,HIGH,0,0,0.0,1
"""termos personalizados""",Concordancia de frase,"Mugs, Botellas y Termos..",Habilitado,Limitado,https://regalospremium.cl/mugs-botellas-termos/,https://regalospremium.cl/mugs-botellas-termos/,CURRENT_FORMAT,NO,PRODUCTO,Hogar y Bebidas,Termos,,keyword→objeto,HIGH,0,0,0.0,1
"""termos por mayor""",Concordancia de frase,"Mugs, Botellas y Termos..",Habilitado,Limitado,https://regalospremium.cl/mugs-botellas-termos/,https://regalospremium.cl/mugs-botellas-termos/,CURRENT_FORMAT,NO,PRODUCTO,Hogar y Bebidas,Termos,,keyword→objeto,HIGH,0,0,0.0,1
"""termos publicitarios""",Concordancia de frase,"Mugs, Botellas y Termos..",Habilitado,Limitado,https://regalospremium.cl/mugs-botellas-termos/,https://regalospremium.cl/mugs-botellas-termos/,CURRENT_FORMAT,NO,PRODUCTO,Hogar y Bebidas,Termos,,keyword→objeto,HIGH,0,0,0.0,1
"""vaso termico""",Concordancia de frase,"Mugs, Botellas y Termos..",Habilitado,Limitado,https://regalospremium.cl/mugs-botellas-termos/,https://regalospremium.cl/mugs-botellas-termos/,CURRENT_FORMAT,NO,USO_CAMPAÑA,Hogar y Bebidas,,Bebidas,fallback grupo histórico,MEDIUM,0,0,0.0,1
vaso termicos,Concordancia amplia,"Mugs, Botellas y Termos..",Habilitado,Apto,,,EMPTY,NO,USO_CAMPAÑA,Hogar y Bebidas,,Bebidas,fallback grupo histórico,MEDIUM,0,0,0.0,1
"""vasos mug por mayor""",Concordancia de frase,"Mugs, Botellas y Termos..",Habilitado,Limitado,https://regalospremium.cl/mugs-botellas-termos/,https://regalospremium.cl/mugs-botellas-termos/,CURRENT_FORMAT,NO,PRODUCTO,Hogar y Bebidas,Mugs y Tazas,,keyword→objeto,HIGH,0,0,0.0,1
"""vasos para café térmicos""",Concordancia de frase,"Mugs, Botellas y Termos..",Habilitado,Limitado,https://regalospremium.cl/mugs-botellas-termos/,https://regalospremium.cl/mugs-botellas-termos/,CURRENT_FORMAT,NO,USO_CAMPAÑA,Hogar y Bebidas,,Bebidas,fallback grupo histórico,MEDIUM,0,0,0.0,1
"""venta de tazones al por mayor""",Concordancia de frase,"Mugs, Botellas y Termos..",Habilitado,Apto,https://regalospremium.cl/mugs-botellas-termos/,https://regalospremium.cl/mugs-botellas-termos/,CURRENT_FORMAT,NO,PRODUCTO,Hogar y Bebidas,Mugs y Tazas,,keyword→objeto,HIGH,0,0,0.0,1
"""venta de tazones navideños en chile""",Concordancia de frase,"Mugs, Botellas y Termos..",Habilitado,No apto,https://regalospremium.cl/mugs-botellas-termos/,https://regalospremium.cl/mugs-botellas-termos/,CURRENT_FORMAT,NO,PRODUCTO,Hogar y Bebidas,Mugs y Tazas,,keyword→objeto,HIGH,0,0,0.0,1
"""venta mug""",Concordancia de frase,"Mugs, Botellas y Termos..",Habilitado,Limitado,https://regalospremium.cl/mugs-botellas-termos/,https://regalospremium.cl/mugs-botellas-termos/,CURRENT_FORMAT,NO,PRODUCTO,Hogar y Bebidas,Mugs y Tazas,,keyword→objeto,HIGH,0,0,0.0,1
"""parasol auto""",Concordancia de frase,Parasol Carton,En pausa,En pausa,https://regalospremium.cl/accesorios-para-automovil/parasol-para-vehiculo.html,https://regalospremium.cl/accesorios-para-automovil/parasol-para-vehiculo.html,CURRENT_FORMAT,NO,PRODUCTO,Herramientas y Outdoor,Accesorios de Automóvil,,keyword→objeto,HIGH,0,0,0.0,1
"""parasol carton""",Concordancia de frase,Parasol Carton,En pausa,En pausa,,,EMPTY,NO,PRODUCTO,Herramientas y Outdoor,Accesorios de Automóvil,,keyword→objeto,HIGH,0,0,0.0,1
"""parasol de auto""",Concordancia de frase,Parasol Carton,En pausa,En pausa,https://regalospremium.cl/accesorios-para-automovil/parasol-para-vehiculo.html,https://regalospremium.cl/accesorios-para-automovil/parasol-para-vehiculo.html,CURRENT_FORMAT,NO,PRODUCTO,Herramientas y Outdoor,Accesorios de Automóvil,,keyword→objeto,HIGH,0,0,0.0,1
"""parasol de coche""",Concordancia de frase,Parasol Carton,En pausa,En pausa,,,EMPTY,NO,PRODUCTO,Herramientas y Outdoor,Accesorios de Automóvil,,keyword→objeto,HIGH,0,0,0.0,1
"""parasol de nylon para automoviles""",Concordancia de frase,Parasol Carton,En pausa,En pausa,https://regalospremium.cl/accesorios-para-automovil/parasol-para-vehiculo.html,https://regalospremium.cl/accesorios-para-automovil/parasol-para-vehiculo.html,CURRENT_FORMAT,NO,PRODUCTO,Herramientas y Outdoor,Accesorios de Automóvil,,keyword→objeto,HIGH,0,0,0.0,1
"""parasol enrollable para auto""",Concordancia de frase,Parasol Carton,En pausa,En pausa,https://regalospremium.cl/accesorios-para-automovil/parasol-para-vehiculo.html,https://regalospremium.cl/accesorios-para-automovil/parasol-para-vehiculo.html,CURRENT_FORMAT,NO,PRODUCTO,Herramientas y Outdoor,Accesorios de Automóvil,,keyword→objeto,HIGH,0,0,0.0,1
"""parasol lateral para auto""",Concordancia de frase,Parasol Carton,En pausa,En pausa,https://regalospremium.cl/accesorios-para-automovil/parasol-para-vehiculo.html,https://regalospremium.cl/accesorios-para-automovil/parasol-para-vehiculo.html,CURRENT_FORMAT,NO,PRODUCTO,Herramientas y Outdoor,Accesorios de Automóvil,,keyword→objeto,HIGH,0,0,0.0,1
"""parasol para autos""",Concordancia de frase,Parasol Carton,En pausa,En pausa,https://regalospremium.cl/index.php?option=com_virtuemart&view=productdetails&virtuemart_product_id=266&virtuemart_category_id=20,https://regalospremium.cl/index.php?option=com_virtuemart&view=productdetails&virtuemart_product_id=266&virtuemart_category_id=20,LEGACY_VIRTUEMART,NO,PRODUCTO,Herramientas y Outdoor,Accesorios de Automóvil,,keyword→objeto,HIGH,0,0,0.0,1
"""parasol personalizado""",Concordancia de frase,Parasol Carton,En pausa,En pausa,https://regalospremium.cl/accesorios-para-automovil/parasol-para-vehiculo.html,https://regalospremium.cl/accesorios-para-automovil/parasol-para-vehiculo.html,CURRENT_FORMAT,NO,PRODUCTO,Herramientas y Outdoor,Accesorios de Automóvil,,keyword→objeto,HIGH,0,0,0.0,1
"""parasol plegable""",Concordancia de frase,Parasol Carton,En pausa,En pausa,https://regalospremium.cl/regalos-publicitarios-para-automovil/parasol-para-vehiculo.html,https://regalospremium.cl/regalos-publicitarios-para-automovil/parasol-para-vehiculo.html,CURRENT_FORMAT,NO,PRODUCTO,Herramientas y Outdoor,Accesorios de Automóvil,,keyword→objeto,HIGH,0,0,0.0,1
"""parasol plegable para auto""",Concordancia de frase,Parasol Carton,En pausa,En pausa,https://regalospremium.cl/regalos-publicitarios-para-automovil/parasol-para-vehiculo.html,https://regalospremium.cl/regalos-publicitarios-para-automovil/parasol-para-vehiculo.html,CURRENT_FORMAT,NO,PRODUCTO,Herramientas y Outdoor,Accesorios de Automóvil,,keyword→objeto,HIGH,0,0,0.0,1
"""parasol publicitario""",Concordancia de frase,Parasol Carton,En pausa,En pausa,https://regalospremium.cl/regalos-publicitarios-para-automovil/parasol-para-vehiculo.html,https://regalospremium.cl/regalos-publicitarios-para-automovil/parasol-para-vehiculo.html,CURRENT_FORMAT,NO,PRODUCTO,Herramientas y Outdoor,Accesorios de Automóvil,,keyword→objeto,HIGH,0,0,0.0,1
"""parasol retractil para auto""",Concordancia de frase,Parasol Carton,En pausa,En pausa,https://regalospremium.cl/accesorios-para-automovil/parasol-para-vehiculo.html,https://regalospremium.cl/accesorios-para-automovil/parasol-para-vehiculo.html,CURRENT_FORMAT,NO,PRODUCTO,Herramientas y Outdoor,Accesorios de Automóvil,,keyword→objeto,HIGH,0,0,0.0,1
"""parasoles de carton""",Concordancia de frase,Parasol Carton,En pausa,En pausa,https://regalospremium.cl/accesorios-para-automovil/parasol-para-vehiculo.html,https://regalospremium.cl/accesorios-para-automovil/parasol-para-vehiculo.html,CURRENT_FORMAT,NO,PRODUCTO,Herramientas y Outdoor,Accesorios de Automóvil,,keyword→objeto,HIGH,0,0,0.0,1
"""parasoles para autos personalizados""",Concordancia de frase,Parasol Carton,En pausa,En pausa,https://regalospremium.cl/accesorios-para-automovil/parasol-para-vehiculo.html,https://regalospremium.cl/accesorios-para-automovil/parasol-para-vehiculo.html,CURRENT_FORMAT,NO,PRODUCTO,Herramientas y Outdoor,Accesorios de Automóvil,,keyword→objeto,HIGH,0,0,0.0,1
"""parasoles para vehiculos""",Concordancia de frase,Parasol Carton,En pausa,En pausa,https://regalospremium.cl/accesorios-para-automovil/parasol-para-vehiculo.html,https://regalospremium.cl/accesorios-para-automovil/parasol-para-vehiculo.html,CURRENT_FORMAT,NO,PRODUCTO,Herramientas y Outdoor,Accesorios de Automóvil,,keyword→objeto,HIGH,0,0,0.0,1
"""parasoles promocionales""",Concordancia de frase,Parasol Carton,En pausa,En pausa,https://regalospremium.cl/accesorios-para-automovil/parasol-para-vehiculo.html,https://regalospremium.cl/accesorios-para-automovil/parasol-para-vehiculo.html,CURRENT_FORMAT,NO,PRODUCTO,Herramientas y Outdoor,Accesorios de Automóvil,,keyword→objeto,HIGH,0,0,0.0,1
"""protector de sol para auto""",Concordancia de frase,Parasol Carton,En pausa,En pausa,,,EMPTY,NO,PRODUCTO,Herramientas y Outdoor,Accesorios de Automóvil,,fallback grupo histórico,MEDIUM,0,0,0.0,1
"""protector solar para auto""",Concordancia de frase,Parasol Carton,En pausa,En pausa,,,EMPTY,NO,PRODUCTO,Herramientas y Outdoor,Accesorios de Automóvil,,fallback grupo histórico,MEDIUM,0,0,0.0,1
"""protector solar para autos""",Concordancia de frase,Parasol Carton,En pausa,En pausa,,,EMPTY,NO,PRODUCTO,Herramientas y Outdoor,Accesorios de Automóvil,,fallback grupo histórico,MEDIUM,0,0,0.0,1
"""sombrilla ventana auto""",Concordancia de frase,Parasol Carton,En pausa,En pausa,https://regalospremium.cl/accesorios-para-automovil/parasol-para-vehiculo.html,https://regalospremium.cl/accesorios-para-automovil/parasol-para-vehiculo.html,CURRENT_FORMAT,NO,PRODUCTO,Herramientas y Outdoor,Accesorios de Automóvil,,fallback grupo histórico,MEDIUM,0,0,0.0,1
"""bolas desestresantes""",Concordancia de frase,Pelotas Antiestres,En pausa,En pausa,https://regalospremium.cl/regalo-publicitario-antistress/,https://regalospremium.cl/regalo-publicitario-antistress/,CURRENT_FORMAT,NO,PRODUCTO,Promocionales,Antiestrés,,fallback grupo histórico,MEDIUM,0,0,0.0,1
"""bolis publicidad baratos""",Concordancia de frase,Pelotas Antiestres,En pausa,En pausa,https://regalospremium.cl/boligrafos-y-lapices-publicitarios/,https://regalospremium.cl/boligrafos-y-lapices-publicitarios/,CURRENT_FORMAT,NO,PRODUCTO,Promocionales,Antiestrés,,fallback grupo histórico,MEDIUM,0,0,0.0,1
"""bolitas anti stress""",Concordancia de frase,Pelotas Antiestres,En pausa,En pausa,,,EMPTY,NO,PRODUCTO,Promocionales,Antiestrés,,keyword→objeto,HIGH,0,0,0.0,1
"""bolitas antiestrés""",Concordancia de frase,Pelotas Antiestres,En pausa,En pausa,https://regalospremium.cl/regalo-publicitario-antistress/,https://regalospremium.cl/regalo-publicitario-antistress/,CURRENT_FORMAT,NO,PRODUCTO,Promocionales,Antiestrés,,keyword→objeto,HIGH,0,0,0.0,1
"""bolitas de antiestrés""",Concordancia de frase,Pelotas Antiestres,En pausa,En pausa,https://regalospremium.cl/regalo-publicitario-antistress/,https://regalospremium.cl/regalo-publicitario-antistress/,CURRENT_FORMAT,NO,PRODUCTO,Promocionales,Antiestrés,,keyword→objeto,HIGH,0,0,0.0,1
"""comprar pelota antiestres""",Concordancia de frase,Pelotas Antiestres,En pausa,En pausa,https://regalospremium.cl/regalo-publicitario-antistress/,https://regalospremium.cl/regalo-publicitario-antistress/,CURRENT_FORMAT,NO,PRODUCTO,Promocionales,Antiestrés,,keyword→objeto,HIGH,0,0,0.0,1
"""comprar pelotas antiestres""",Concordancia de frase,Pelotas Antiestres,En pausa,En pausa,https://regalospremium.cl/regalo-publicitario-antistress/,https://regalospremium.cl/regalo-publicitario-antistress/,CURRENT_FORMAT,NO,PRODUCTO,Promocionales,Antiestrés,,keyword→objeto,HIGH,0,0,0.0,1
"""donde comprar una pelota antiestres""",Concordancia de frase,Pelotas Antiestres,En pausa,En pausa,https://regalospremium.cl/regalo-publicitario-antistress/,https://regalospremium.cl/regalo-publicitario-antistress/,CURRENT_FORMAT,NO,PRODUCTO,Promocionales,Antiestrés,,keyword→objeto,HIGH,0,0,0.0,1
"""donde puedo comprar pelotas antiestres""",Concordancia de frase,Pelotas Antiestres,En pausa,En pausa,https://regalospremium.cl/regalo-publicitario-antistress/,https://regalospremium.cl/regalo-publicitario-antistress/,CURRENT_FORMAT,NO,PRODUCTO,Promocionales,Antiestrés,,keyword→objeto,HIGH,0,0,0.0,1
"""donde puedo comprar una pelota antiestres""",Concordancia de frase,Pelotas Antiestres,En pausa,En pausa,https://regalospremium.cl/regalo-publicitario-antistress/,https://regalospremium.cl/regalo-publicitario-antistress/,CURRENT_FORMAT,NO,PRODUCTO,Promocionales,Antiestrés,,keyword→objeto,HIGH,0,0,0.0,1
"""donde venden pelotas antiestres""",Concordancia de frase,Pelotas Antiestres,En pausa,En pausa,https://regalospremium.cl/regalo-publicitario-antistress/,https://regalospremium.cl/regalo-publicitario-antistress/,CURRENT_FORMAT,NO,PRODUCTO,Promocionales,Antiestrés,,keyword→objeto,HIGH,0,0,0.0,1
"""figuras antiestres personalizadas""",Concordancia de frase,Pelotas Antiestres,En pausa,En pausa,https://regalospremium.cl/regalo-publicitario-antistress/,https://regalospremium.cl/regalo-publicitario-antistress/,CURRENT_FORMAT,NO,PRODUCTO,Promocionales,Antiestrés,,keyword→objeto,HIGH,0,0,0.0,1
"""pelota anti estres""",Concordancia de frase,Pelotas Antiestres,En pausa,En pausa,https://regalospremium.cl/regalo-publicitario-antistress/,https://regalospremium.cl/regalo-publicitario-antistress/,CURRENT_FORMAT,NO,PRODUCTO,Promocionales,Pelotas,,keyword→objeto,HIGH,0,0,0.0,1
"""pelota anti stress""",Concordancia de frase,Pelotas Antiestres,En pausa,En pausa,https://regalospremium.cl/regalo-publicitario-antistress/,https://regalospremium.cl/regalo-publicitario-antistress/,CURRENT_FORMAT,NO,PRODUCTO,Promocionales,Antiestrés,,keyword→objeto,HIGH,0,0,0.0,1
"""pelota antiestres""",Concordancia de frase,Pelotas Antiestres,En pausa,En pausa,https://regalospremium.cl/regalo-publicitario-antistress/,https://regalospremium.cl/regalo-publicitario-antistress/,CURRENT_FORMAT,NO,PRODUCTO,Promocionales,Antiestrés,,keyword→objeto,HIGH,0,0,0.0,1
"""pelota antiestres chile""",Concordancia de frase,Pelotas Antiestres,En pausa,En pausa,https://regalospremium.cl/regalo-publicitario-antistress/,https://regalospremium.cl/regalo-publicitario-antistress/,CURRENT_FORMAT,NO,PRODUCTO,Promocionales,Antiestrés,,keyword→objeto,HIGH,0,0,0.0,1
"""pelota antiestres con logo""",Concordancia de frase,Pelotas Antiestres,En pausa,En pausa,https://regalospremium.cl/regalo-publicitario-antistress/,https://regalospremium.cl/regalo-publicitario-antistress/,CURRENT_FORMAT,NO,PRODUCTO,Promocionales,Antiestrés,,keyword→objeto,HIGH,0,0,0.0,1
"""pelota antiestres corazon""",Concordancia de frase,Pelotas Antiestres,En pausa,En pausa,https://regalospremium.cl/regalo-publicitario-antistress/,https://regalospremium.cl/regalo-publicitario-antistress/,CURRENT_FORMAT,NO,PRODUCTO,Promocionales,Antiestrés,,keyword→objeto,HIGH,0,0,0.0,1
"""pelota antiestres donde comprar""",Concordancia de frase,Pelotas Antiestres,En pausa,En pausa,https://regalospremium.cl/regalo-publicitario-antistress/,https://regalospremium.cl/regalo-publicitario-antistress/,CURRENT_FORMAT,NO,PRODUCTO,Promocionales,Antiestrés,,keyword→objeto,HIGH,0,0,0.0,1
"""pelota antiestres en forma de corazon""",Concordancia de frase,Pelotas Antiestres,En pausa,En pausa,https://regalospremium.cl/regalo-publicitario-antistress/,https://regalospremium.cl/regalo-publicitario-antistress/,CURRENT_FORMAT,NO,PRODUCTO,Promocionales,Antiestrés,,keyword→objeto,HIGH,0,0,0.0,1
"""pelota estres""",Concordancia de frase,Pelotas Antiestres,En pausa,En pausa,https://regalospremium.cl/regalo-publicitario-antistress/,https://regalospremium.cl/regalo-publicitario-antistress/,CURRENT_FORMAT,NO,PRODUCTO,Promocionales,Pelotas,,keyword→objeto,HIGH,0,0,0.0,1
"""pelota stress""",Concordancia de frase,Pelotas Antiestres,En pausa,En pausa,https://regalospremium.cl/regalo-publicitario-antistress/,https://regalospremium.cl/regalo-publicitario-antistress/,CURRENT_FORMAT,NO,PRODUCTO,Promocionales,Pelotas,,keyword→objeto,HIGH,0,0,0.0,1
"""pelotas antiestres al por mayor""",Concordancia de frase,Pelotas Antiestres,En pausa,En pausa,https://regalospremium.cl/regalo-publicitario-antistress/,https://regalospremium.cl/regalo-publicitario-antistress/,CURRENT_FORMAT,NO,PRODUCTO,Promocionales,Antiestrés,,keyword→objeto,HIGH,0,0,0.0,1
"""pelotas antiestrés donde comprar""",Concordancia de frase,Pelotas Antiestres,En pausa,En pausa,https://regalospremium.cl/regalo-publicitario-antistress/,https://regalospremium.cl/regalo-publicitario-antistress/,CURRENT_FORMAT,NO,PRODUCTO,Promocionales,Antiestrés,,keyword→objeto,HIGH,0,0,0.0,1
"""pelotas antiestrés fabricantes""",Concordancia de frase,Pelotas Antiestres,En pausa,En pausa,,,EMPTY,NO,PRODUCTO,Promocionales,Antiestrés,,keyword→objeto,HIGH,0,0,0.0,1
"""pelotas antiestrés personalizadas""",Concordancia de frase,Pelotas Antiestres,En pausa,En pausa,https://regalospremium.cl/regalo-publicitario-antistress/,https://regalospremium.cl/regalo-publicitario-antistress/,CURRENT_FORMAT,NO,PRODUCTO,Promocionales,Antiestrés,,keyword→objeto,HIGH,0,0,0.0,1
"""pelotas antiestres por mayor""",Concordancia de frase,Pelotas Antiestres,Habilitado,Limitado,https://regalospremium.cl/regalo-publicitario-antistress/,https://regalospremium.cl/regalo-publicitario-antistress/,CURRENT_FORMAT,NO,PRODUCTO,Promocionales,Antiestrés,,keyword→objeto,HIGH,0,0,0.0,1
"""pelotas antiestres precio""",Concordancia de frase,Pelotas Antiestres,En pausa,En pausa,https://regalospremium.cl/regalo-publicitario-antistress/,https://regalospremium.cl/regalo-publicitario-antistress/,CURRENT_FORMAT,NO,PRODUCTO,Promocionales,Antiestrés,,keyword→objeto,HIGH,0,0,0.0,1
"""pelotas antiestres promocionales""",Concordancia de frase,Pelotas Antiestres,En pausa,En pausa,https://regalospremium.cl/regalo-publicitario-antistress/,https://regalospremium.cl/regalo-publicitario-antistress/,CURRENT_FORMAT,NO,PRODUCTO,Promocionales,Antiestrés,,keyword→objeto,HIGH,0,0,0.0,1
"""pelotas para la ansiedad""",Concordancia de frase,Pelotas Antiestres,En pausa,En pausa,https://regalospremium.cl/regalo-publicitario-antistress/,https://regalospremium.cl/regalo-publicitario-antistress/,CURRENT_FORMAT,NO,PRODUCTO,Promocionales,Pelotas,,keyword→objeto,HIGH,0,0,0.0,1
"""pelotas promocionales""",Concordancia de frase,Pelotas Antiestres,En pausa,En pausa,https://regalospremium.cl/regalo-publicitario-antistress/,https://regalospremium.cl/regalo-publicitario-antistress/,CURRENT_FORMAT,NO,PRODUCTO,Promocionales,Pelotas,,keyword→objeto,HIGH,0,0,0.0,1
"""pelotas relajacion""",Concordancia de frase,Pelotas Antiestres,En pausa,En pausa,https://regalospremium.cl/regalo-publicitario-antistress/,https://regalospremium.cl/regalo-publicitario-antistress/,CURRENT_FORMAT,NO,PRODUCTO,Promocionales,Pelotas,,keyword→objeto,HIGH,0,0,0.0,1
"""pelotita para el estres""",Concordancia de frase,Pelotas Antiestres,En pausa,En pausa,https://regalospremium.cl/regalo-publicitario-antistress/,https://regalospremium.cl/regalo-publicitario-antistress/,CURRENT_FORMAT,NO,PRODUCTO,Promocionales,Antiestrés,,fallback grupo histórico,MEDIUM,0,0,0.0,1
"""pelotitas antistress""",Concordancia de frase,Pelotas Antiestres,En pausa,En pausa,https://regalospremium.cl/regalo-publicitario-antistress/,https://regalospremium.cl/regalo-publicitario-antistress/,CURRENT_FORMAT,NO,PRODUCTO,Promocionales,Antiestrés,,fallback grupo histórico,MEDIUM,0,0,0.0,1
"""precio pelota antiestres""",Concordancia de frase,Pelotas Antiestres,En pausa,En pausa,https://regalospremium.cl/regalo-publicitario-antistress/,https://regalospremium.cl/regalo-publicitario-antistress/,CURRENT_FORMAT,NO,PRODUCTO,Promocionales,Antiestrés,,keyword→objeto,HIGH,0,0,0.0,1
[unidades flash usb],Concordancia exacta,Pen Drive,Habilitado,Limitado,,,EMPTY,NO,PRODUCTO,Tecnología,Pendrives,,fallback grupo histórico,MEDIUM,0,0,0.0,1
"""chile pendrive""",Concordancia de frase,Pen Drive,Habilitado,Limitado,https://regalospremium.cl/pendrive-publicitario/,https://regalospremium.cl/pendrive-publicitario/,CURRENT_FORMAT,NO,PRODUCTO,Tecnología,Pendrives,,keyword→objeto,HIGH,0,0,0.0,1
"""comprar pendrive barato""",Concordancia de frase,Pen Drive,Habilitado,Limitado,https://regalospremium.cl/pendrive-publicitario/,https://regalospremium.cl/pendrive-publicitario/,CURRENT_FORMAT,NO,PRODUCTO,Tecnología,Pendrives,,keyword→objeto,HIGH,0,0,0.0,1
"""llavero pendrive""",Concordancia de frase,Pen Drive,Habilitado,Limitado,https://regalospremium.cl/pendrive-publicitario/,https://regalospremium.cl/pendrive-publicitario/,CURRENT_FORMAT,NO,PRODUCTO,Tecnología,Pendrives,,keyword→objeto,HIGH,0,0,0.0,1
"""memoria flash 64gb""",Concordancia de frase,Pen Drive,Habilitado,Limitado,https://regalospremium.cl/pendrive-publicitario/,https://regalospremium.cl/pendrive-publicitario/,CURRENT_FORMAT,NO,PRODUCTO,Tecnología,Pendrives,,fallback grupo histórico,MEDIUM,0,0,0.0,1
"""memoria flash usb""",Concordancia de frase,Pen Drive,Habilitado,Limitado,https://regalospremium.cl/pendrive-publicitario/,https://regalospremium.cl/pendrive-publicitario/,CURRENT_FORMAT,NO,PRODUCTO,Tecnología,Pendrives,,fallback grupo histórico,MEDIUM,0,0,0.0,1
"""memoria pendrive""",Concordancia de frase,Pen Drive,Habilitado,Limitado,https://regalospremium.cl/pendrive-publicitario/,https://regalospremium.cl/pendrive-publicitario/,CURRENT_FORMAT,NO,PRODUCTO,Tecnología,Pendrives,,keyword→objeto,HIGH,0,0,0.0,1
"""memoria usb""",Concordancia de frase,Pen Drive,Habilitado,Limitado,https://regalospremium.cl/pendrive-publicitario/,https://regalospremium.cl/pendrive-publicitario/,CURRENT_FORMAT,NO,PRODUCTO,Tecnología,Pendrives,,keyword→objeto,HIGH,0,0,0.0,1
"""memorias usb precios""",Concordancia de frase,Pen Drive,Habilitado,Limitado,https://regalospremium.cl/pendrive-publicitario/,https://regalospremium.cl/pendrive-publicitario/,CURRENT_FORMAT,NO,PRODUCTO,Tecnología,Pendrives,,fallback grupo histórico,MEDIUM,0,0,0.0,1
"""pendrive""",Concordancia de frase,Pen Drive,Habilitado,Limitado,https://regalospremium.cl/pendrive-publicitario/,https://regalospremium.cl/pendrive-publicitario/,CURRENT_FORMAT,NO,PRODUCTO,Tecnología,Pendrives,,keyword→objeto,HIGH,0,0,0.0,1
"""pendrive 128 gb""",Concordancia de frase,Pen Drive,Habilitado,Limitado,,,EMPTY,NO,PRODUCTO,Tecnología,Pendrives,,keyword→objeto,HIGH,0,0,0.0,1
"""pendrive 16gb""",Concordancia de frase,Pen Drive,Habilitado,Limitado,https://regalospremium.cl/pendrive-publicitario/,https://regalospremium.cl/pendrive-publicitario/,CURRENT_FORMAT,NO,PRODUCTO,Tecnología,Pendrives,,keyword→objeto,HIGH,0,0,0.0,1
"""pendrive 2gb""",Concordancia de frase,Pen Drive,Habilitado,Limitado,https://regalospremium.cl/pendrive-publicitario/,https://regalospremium.cl/pendrive-publicitario/,CURRENT_FORMAT,NO,PRODUCTO,Tecnología,Pendrives,,keyword→objeto,HIGH,0,0,0.0,1
"""pendrive 32gb""",Concordancia de frase,Pen Drive,Habilitado,Limitado,https://regalospremium.cl/pendrive-publicitario/,https://regalospremium.cl/pendrive-publicitario/,CURRENT_FORMAT,NO,PRODUCTO,Tecnología,Pendrives,,keyword→objeto,HIGH,0,0,0.0,1
"""pendrive 4gb""",Concordancia de frase,Pen Drive,Habilitado,Limitado,https://regalospremium.cl/pendrive-publicitario/,https://regalospremium.cl/pendrive-publicitario/,CURRENT_FORMAT,NO,PRODUCTO,Tecnología,Pendrives,,keyword→objeto,HIGH,0,0,0.0,1
"""pendrive 64 gb""",Concordancia de frase,Pen Drive,Habilitado,Limitado,https://regalospremium.cl/pendrive-publicitario/,https://regalospremium.cl/pendrive-publicitario/,CURRENT_FORMAT,NO,PRODUCTO,Tecnología,Pendrives,,keyword→objeto,HIGH,0,0,0.0,1
"""pendrive 8 gb""",Concordancia de frase,Pen Drive,Habilitado,Limitado,https://regalospremium.cl/pendrive-publicitario/,https://regalospremium.cl/pendrive-publicitario/,CURRENT_FORMAT,NO,PRODUCTO,Tecnología,Pendrives,,keyword→objeto,HIGH,0,0,0.0,1
"""pendrive 8gb""",Concordancia de frase,Pen Drive,Habilitado,Limitado,https://regalospremium.cl/pendrive-publicitario/,https://regalospremium.cl/pendrive-publicitario/,CURRENT_FORMAT,NO,PRODUCTO,Tecnología,Pendrives,,keyword→objeto,HIGH,0,0,0.0,1
"""pendrive baratos al por mayor""",Concordancia de frase,Pen Drive,Habilitado,Limitado,,,EMPTY,NO,PRODUCTO,Tecnología,Pendrives,,keyword→objeto,HIGH,0,0,0.0,1
"""pendrive corporativos""",Concordancia de frase,Pen Drive,Habilitado,Limitado,https://regalospremium.cl/pendrive-publicitario/,https://regalospremium.cl/pendrive-publicitario/,CURRENT_FORMAT,NO,PRODUCTO,Tecnología,Pendrives,,keyword→objeto,HIGH,0,0,0.0,1
"""pendrive de 32""",Concordancia de frase,Pen Drive,Habilitado,Limitado,https://regalospremium.cl/pendrive-publicitario/,https://regalospremium.cl/pendrive-publicitario/,CURRENT_FORMAT,NO,PRODUCTO,Tecnología,Pendrives,,keyword→objeto,HIGH,0,0,0.0,1
"""pendrive de empresa""",Concordancia de frase,Pen Drive,Habilitado,Apto,https://regalospremium.cl/pendrive-publicitario/,https://regalospremium.cl/pendrive-publicitario/,CURRENT_FORMAT,NO,PRODUCTO,Tecnología,Pendrives,,keyword→objeto,HIGH,0,0,0.0,1
"""pendrive grabado""",Concordancia de frase,Pen Drive,Habilitado,Limitado,https://regalospremium.cl/pendrive-publicitario/,https://regalospremium.cl/pendrive-publicitario/,CURRENT_FORMAT,NO,PRODUCTO,Tecnología,Pendrives,,keyword→objeto,HIGH,0,0,0.0,1
"""pendrive madera""",Concordancia de frase,Pen Drive,Habilitado,Limitado,https://regalospremium.cl/pendrive-publicitario/,https://regalospremium.cl/pendrive-publicitario/,CURRENT_FORMAT,NO,PRODUCTO,Tecnología,Pendrives,,keyword→objeto,HIGH,0,0,0.0,1
"""pendrive personalizados""",Concordancia de frase,Pen Drive,Habilitado,Limitado,https://regalospremium.cl/pendrive-publicitario/,https://regalospremium.cl/pendrive-publicitario/,CURRENT_FORMAT,NO,PRODUCTO,Tecnología,Pendrives,,keyword→objeto,HIGH,0,0,0.0,1
"""pendrive precios""",Concordancia de frase,Pen Drive,Habilitado,Limitado,https://regalospremium.cl/pendrive-publicitario/,https://regalospremium.cl/pendrive-publicitario/,CURRENT_FORMAT,NO,PRODUCTO,Tecnología,Pendrives,,keyword→objeto,HIGH,0,0,0.0,1
"""pendrive promocional""",Concordancia de frase,Pen Drive,Habilitado,Limitado,https://regalospremium.cl/pendrive-publicitario/,https://regalospremium.cl/pendrive-publicitario/,CURRENT_FORMAT,NO,PRODUCTO,Tecnología,Pendrives,,keyword→objeto,HIGH,0,0,0.0,1
"""pendrive publicitario""",Concordancia de frase,Pen Drive,Habilitado,Limitado,https://regalospremium.cl/pendrive-publicitario/,https://regalospremium.cl/pendrive-publicitario/,CURRENT_FORMAT,NO,PRODUCTO,Tecnología,Pendrives,,keyword→objeto,HIGH,0,0,0.0,1
"""pendrives baratos""",Concordancia de frase,Pen Drive,Habilitado,Limitado,https://regalospremium.cl/pendrive-publicitario/,https://regalospremium.cl/pendrive-publicitario/,CURRENT_FORMAT,NO,PRODUCTO,Tecnología,Pendrives,,keyword→objeto,HIGH,0,0,0.0,1
"""pendrives con logo""",Concordancia de frase,Pen Drive,Habilitado,Limitado,https://regalospremium.cl/pendrive-publicitario/,https://regalospremium.cl/pendrive-publicitario/,CURRENT_FORMAT,NO,PRODUCTO,Tecnología,Pendrives,,keyword→objeto,HIGH,0,0,0.0,1
"""pendrives por mayor""",Concordancia de frase,Pen Drive,Habilitado,Limitado,https://regalospremium.cl/pendrive-publicitario/,https://regalospremium.cl/pendrive-publicitario/,CURRENT_FORMAT,NO,PRODUCTO,Tecnología,Pendrives,,keyword→objeto,HIGH,0,0,0.0,1
"""2600mah power bank""",Concordancia de frase,Power Bank,En pausa,En pausa,https://regalospremium.cl/power-bank-y-accesorios/,https://regalospremium.cl/power-bank-y-accesorios/,CURRENT_FORMAT,NO,PRODUCTO,Tecnología,Power Banks,,keyword→objeto,HIGH,0,0,0.0,1
"""5600mah power bank""",Concordancia de frase,Power Bank,En pausa,En pausa,https://regalospremium.cl/power-bank-y-accesorios/,https://regalospremium.cl/power-bank-y-accesorios/,CURRENT_FORMAT,NO,PRODUCTO,Tecnología,Power Banks,,keyword→objeto,HIGH,0,0,0.0,1
"""adaptador coche usb""",Concordancia de frase,Power Bank,En pausa,En pausa,https://regalospremium.cl/power-bank-y-accesorios/,https://regalospremium.cl/power-bank-y-accesorios/,CURRENT_FORMAT,NO,PRODUCTO,Tecnología,Cables y Adaptadores,,keyword→objeto,HIGH,0,0,0.0,1
"""bateria externa""",Concordancia de frase,Power Bank,En pausa,En pausa,https://regalospremium.cl/power-bank-y-accesorios/,https://regalospremium.cl/power-bank-y-accesorios/,CURRENT_FORMAT,NO,PRODUCTO,Tecnología,Power Banks,,keyword→objeto,HIGH,0,0,0.0,1
"""bateria externa movil""",Concordancia de frase,Power Bank,En pausa,En pausa,https://regalospremium.cl/power-bank-y-accesorios/,https://regalospremium.cl/power-bank-y-accesorios/,CURRENT_FORMAT,NO,PRODUCTO,Tecnología,Power Banks,,keyword→objeto,HIGH,0,0,0.0,1
"""bateria portátil externa""",Concordancia de frase,Power Bank,En pausa,En pausa,https://regalospremium.cl/power-bank-y-accesorios/,https://regalospremium.cl/power-bank-y-accesorios/,CURRENT_FORMAT,NO,PRODUCTO,Tecnología,Power Banks,,fallback grupo histórico,MEDIUM,0,0,0.0,1
"""bateria portatil para celular""",Concordancia de frase,Power Bank,En pausa,En pausa,https://regalospremium.cl/power-bank-y-accesorios/,https://regalospremium.cl/power-bank-y-accesorios/,CURRENT_FORMAT,NO,PRODUCTO,Tecnología,Soportes para Dispositivos,,keyword→objeto,HIGH,0,0,0.0,1
"""bateria power bank""",Concordancia de frase,Power Bank,En pausa,En pausa,https://regalospremium.cl/power-bank-y-accesorios/,https://regalospremium.cl/power-bank-y-accesorios/,CURRENT_FORMAT,NO,PRODUCTO,Tecnología,Power Banks,,keyword→objeto,HIGH,0,0,0.0,1
"""baterias externas""",Concordancia de frase,Power Bank,En pausa,En pausa,https://regalospremium.cl/power-bank-y-accesorios/,https://regalospremium.cl/power-bank-y-accesorios/,CURRENT_FORMAT,NO,PRODUCTO,Tecnología,Power Banks,,fallback grupo histórico,MEDIUM,0,0,0.0,1
"""battery pack for solar panels""",Concordancia de frase,Power Bank,En pausa,En pausa,,,EMPTY,NO,PRODUCTO,Tecnología,Power Banks,,fallback grupo histórico,MEDIUM,0,0,0.0,1
"""cargador de batería solar""",Concordancia de frase,Power Bank,En pausa,En pausa,,,EMPTY,NO,PRODUCTO,Tecnología,Cargadores,,keyword→objeto,HIGH,0,0,0.0,1
"""cargador movil portatil""",Concordancia de frase,Power Bank,En pausa,En pausa,https://regalospremium.cl/power-bank-y-accesorios/,https://regalospremium.cl/power-bank-y-accesorios/,CURRENT_FORMAT,NO,PRODUCTO,Tecnología,Cargadores,,keyword→objeto,HIGH,0,0,0.0,1
"""cargador power bank""",Concordancia de frase,Power Bank,En pausa,En pausa,https://regalospremium.cl/power-bank-y-accesorios/,https://regalospremium.cl/power-bank-y-accesorios/,CURRENT_FORMAT,NO,PRODUCTO,Tecnología,Power Banks,,keyword→objeto,HIGH,0,0,0.0,1
"""cargador solar""",Concordancia de frase,Power Bank,En pausa,En pausa,https://regalospremium.cl/power-bank-y-accesorios/,https://regalospremium.cl/power-bank-y-accesorios/,CURRENT_FORMAT,NO,PRODUCTO,Tecnología,Cargadores,,keyword→objeto,HIGH,0,0,0.0,1
"""cargador solar 8000mah""",Concordancia de frase,Power Bank,En pausa,En pausa,https://regalospremium.cl/pendrive-publicitario/,https://regalospremium.cl/pendrive-publicitario/,CURRENT_FORMAT,NO,PRODUCTO,Tecnología,Cargadores,,keyword→objeto,HIGH,0,0,0.0,1
"""cargador solar baterias""",Concordancia de frase,Power Bank,En pausa,En pausa,https://regalospremium.cl/power-bank-y-accesorios/,https://regalospremium.cl/power-bank-y-accesorios/,CURRENT_FORMAT,NO,PRODUCTO,Tecnología,Cargadores,,keyword→objeto,HIGH,0,0,0.0,1
"""cargador usb portatil""",Concordancia de frase,Power Bank,En pausa,En pausa,https://regalospremium.cl/power-bank-y-accesorios/,https://regalospremium.cl/power-bank-y-accesorios/,CURRENT_FORMAT,NO,PRODUCTO,Tecnología,Cargadores,,keyword→objeto,HIGH,0,0,0.0,1
"""comprar power bank""",Concordancia de frase,Power Bank,En pausa,En pausa,https://regalospremium.cl/power-bank-y-accesorios/,https://regalospremium.cl/power-bank-y-accesorios/,CURRENT_FORMAT,NO,PRODUCTO,Tecnología,Power Banks,,keyword→objeto,HIGH,0,0,0.0,1
"""dual usb power bank""",Concordancia de frase,Power Bank,En pausa,En pausa,https://regalospremium.cl/power-bank-y-accesorios/,https://regalospremium.cl/power-bank-y-accesorios/,CURRENT_FORMAT,NO,PRODUCTO,Tecnología,Power Banks,,keyword→objeto,HIGH,0,0,0.0,1
"""micro usb power bank""",Concordancia de frase,Power Bank,En pausa,En pausa,https://regalospremium.cl/power-bank-y-accesorios/,https://regalospremium.cl/power-bank-y-accesorios/,CURRENT_FORMAT,NO,PRODUCTO,Tecnología,Power Banks,,keyword→objeto,HIGH,0,0,0.0,1
"""mini power bank""",Concordancia de frase,Power Bank,En pausa,En pausa,https://regalospremium.cl/power-bank-y-accesorios/,https://regalospremium.cl/power-bank-y-accesorios/,CURRENT_FORMAT,NO,PRODUCTO,Tecnología,Power Banks,,keyword→objeto,HIGH,0,0,0.0,1
"""portable usb power""",Concordancia de frase,Power Bank,En pausa,En pausa,https://regalospremium.cl/power-bank-y-accesorios/,https://regalospremium.cl/power-bank-y-accesorios/,CURRENT_FORMAT,NO,PRODUCTO,Tecnología,Power Banks,,fallback grupo histórico,MEDIUM,0,0,0.0,1
"""power bank""",Concordancia de frase,Power Bank,En pausa,En pausa,https://regalospremium.cl/power-bank-y-accesorios/,https://regalospremium.cl/power-bank-y-accesorios/,CURRENT_FORMAT,NO,PRODUCTO,Tecnología,Power Banks,,keyword→objeto,HIGH,0,0,0.0,1
"""power bank 10000""",Concordancia de frase,Power Bank,En pausa,En pausa,https://regalospremium.cl/power-bank-y-accesorios/,https://regalospremium.cl/power-bank-y-accesorios/,CURRENT_FORMAT,NO,PRODUCTO,Tecnología,Power Banks,,keyword→objeto,HIGH,0,0,0.0,1
"""power bank 10000mah""",Concordancia de frase,Power Bank,En pausa,En pausa,https://regalospremium.cl/power-bank-y-accesorios/,https://regalospremium.cl/power-bank-y-accesorios/,CURRENT_FORMAT,NO,PRODUCTO,Tecnología,Power Banks,,keyword→objeto,HIGH,0,0,0.0,1
"""power bank 20000mah""",Concordancia de frase,Power Bank,En pausa,En pausa,https://regalospremium.cl/power-bank-y-accesorios/,https://regalospremium.cl/power-bank-y-accesorios/,CURRENT_FORMAT,NO,PRODUCTO,Tecnología,Power Banks,,keyword→objeto,HIGH,0,0,0.0,1
"""power bank 2000mah por mayor santiago""",Concordancia de frase,Power Bank,En pausa,En pausa,https://regalospremium.cl/power-bank-y-accesorios/,https://regalospremium.cl/power-bank-y-accesorios/,CURRENT_FORMAT,NO,PRODUCTO,Tecnología,Power Banks,,keyword→objeto,HIGH,0,0,0.0,1
"""power bank 2200""",Concordancia de frase,Power Bank,En pausa,En pausa,https://regalospremium.cl/power-bank-y-accesorios/,https://regalospremium.cl/power-bank-y-accesorios/,CURRENT_FORMAT,NO,PRODUCTO,Tecnología,Power Banks,,keyword→objeto,HIGH,0,0,0.0,1
"""power bank 5000""",Concordancia de frase,Power Bank,En pausa,En pausa,https://regalospremium.cl/power-bank-y-accesorios/,https://regalospremium.cl/power-bank-y-accesorios/,CURRENT_FORMAT,NO,PRODUCTO,Tecnología,Power Banks,,keyword→objeto,HIGH,0,0,0.0,1
"""power bank 50000mah""",Concordancia de frase,Power Bank,En pausa,En pausa,https://regalospremium.cl/power-bank-y-accesorios/,https://regalospremium.cl/power-bank-y-accesorios/,CURRENT_FORMAT,NO,PRODUCTO,Tecnología,Power Banks,,keyword→objeto,HIGH,0,0,0.0,1
"""power bank 5000mah""",Concordancia de frase,Power Bank,En pausa,En pausa,https://regalospremium.cl/power-bank-y-accesorios/,https://regalospremium.cl/power-bank-y-accesorios/,CURRENT_FORMAT,NO,PRODUCTO,Tecnología,Power Banks,,keyword→objeto,HIGH,0,0,0.0,1
"""power bank 8000""",Concordancia de frase,Power Bank,En pausa,En pausa,https://regalospremium.cl/power-bank-y-accesorios/,https://regalospremium.cl/power-bank-y-accesorios/,CURRENT_FORMAT,NO,PRODUCTO,Tecnología,Power Banks,,keyword→objeto,HIGH,0,0,0.0,1
"""power bank 8400mah""",Concordancia de frase,Power Bank,En pausa,En pausa,https://regalospremium.cl/power-bank-y-accesorios/,https://regalospremium.cl/power-bank-y-accesorios/,CURRENT_FORMAT,NO,PRODUCTO,Tecnología,Power Banks,,keyword→objeto,HIGH,0,0,0.0,1
"""power bank baratos""",Concordancia de frase,Power Bank,En pausa,En pausa,https://regalospremium.cl/power-bank-y-accesorios/,https://regalospremium.cl/power-bank-y-accesorios/,CURRENT_FORMAT,NO,PRODUCTO,Tecnología,Power Banks,,keyword→objeto,HIGH,0,0,0.0,1
"""power bank blanco""",Concordancia de frase,Power Bank,En pausa,En pausa,https://regalospremium.cl/power-bank-y-accesorios/,https://regalospremium.cl/power-bank-y-accesorios/,CURRENT_FORMAT,NO,PRODUCTO,Tecnología,Power Banks,,keyword→objeto,HIGH,0,0,0.0,1
"""power bank chile""",Concordancia de frase,Power Bank,En pausa,En pausa,https://regalospremium.cl/power-bank-y-accesorios/,https://regalospremium.cl/power-bank-y-accesorios/,CURRENT_FORMAT,NO,PRODUCTO,Tecnología,Power Banks,,keyword→objeto,HIGH,0,0,0.0,1
"""power bank comprar""",Concordancia de frase,Power Bank,En pausa,En pausa,https://regalospremium.cl/power-bank-y-accesorios/,https://regalospremium.cl/power-bank-y-accesorios/,CURRENT_FORMAT,NO,PRODUCTO,Tecnología,Power Banks,,keyword→objeto,HIGH,0,0,0.0,1
"""power bank con logo""",Concordancia de frase,Power Bank,En pausa,En pausa,https://regalospremium.cl/power-bank-y-accesorios/,https://regalospremium.cl/power-bank-y-accesorios/,CURRENT_FORMAT,NO,PRODUCTO,Tecnología,Power Banks,,keyword→objeto,HIGH,0,0,0.0,1
"""power bank economico""",Concordancia de frase,Power Bank,En pausa,En pausa,https://regalospremium.cl/power-bank-y-accesorios/,https://regalospremium.cl/power-bank-y-accesorios/,CURRENT_FORMAT,NO,PRODUCTO,Tecnología,Power Banks,,keyword→objeto,HIGH,0,0,0.0,1
"""power bank falabella""",Concordancia de frase,Power Bank,En pausa,En pausa,https://regalospremium.cl/power-bank-y-accesorios/,https://regalospremium.cl/power-bank-y-accesorios/,CURRENT_FORMAT,NO,PRODUCTO,Tecnología,Power Banks,,keyword→objeto,HIGH,0,0,0.0,1
"""power bank inalambrico""",Concordancia de frase,Power Bank,En pausa,En pausa,https://regalospremium.cl/power-bank-y-accesorios/,https://regalospremium.cl/power-bank-y-accesorios/,CURRENT_FORMAT,NO,PRODUCTO,Tecnología,Power Banks,,keyword→objeto,HIGH,0,0,0.0,1
"""power bank negro""",Concordancia de frase,Power Bank,En pausa,En pausa,https://regalospremium.cl/power-bank-y-accesorios/,https://regalospremium.cl/power-bank-y-accesorios/,CURRENT_FORMAT,NO,PRODUCTO,Tecnología,Power Banks,,keyword→objeto,HIGH,0,0,0.0,1
"""power bank online""",Concordancia de frase,Power Bank,En pausa,En pausa,https://regalospremium.cl/power-bank-y-accesorios/,https://regalospremium.cl/power-bank-y-accesorios/,CURRENT_FORMAT,NO,PRODUCTO,Tecnología,Power Banks,,keyword→objeto,HIGH,0,0,0.0,1
"""power bank para laptop""",Concordancia de frase,Power Bank,En pausa,En pausa,https://regalospremium.cl/power-bank-y-accesorios/,https://regalospremium.cl/power-bank-y-accesorios/,CURRENT_FORMAT,NO,PRODUCTO,Tecnología,Power Banks,,keyword→objeto,HIGH,0,0,0.0,1
"""power bank pc factory""",Concordancia de frase,Power Bank,En pausa,En pausa,https://regalospremium.cl/power-bank-y-accesorios/,https://regalospremium.cl/power-bank-y-accesorios/,CURRENT_FORMAT,NO,PRODUCTO,Tecnología,Power Banks,,keyword→objeto,HIGH,0,0,0.0,1
"""power bank precio""",Concordancia de frase,Power Bank,En pausa,En pausa,https://regalospremium.cl/power-bank-y-accesorios/,https://regalospremium.cl/power-bank-y-accesorios/,CURRENT_FORMAT,NO,PRODUCTO,Tecnología,Power Banks,,keyword→objeto,HIGH,0,0,0.0,1
"""power bank publicidad""",Concordancia de frase,Power Bank,En pausa,En pausa,https://regalospremium.cl/power-bank-y-accesorios/,https://regalospremium.cl/power-bank-y-accesorios/,CURRENT_FORMAT,NO,PRODUCTO,Tecnología,Power Banks,,keyword→objeto,HIGH,0,0,0.0,1
"""power bank regalo""",Concordancia de frase,Power Bank,En pausa,En pausa,https://regalospremium.cl/power-bank-y-accesorios/,https://regalospremium.cl/power-bank-y-accesorios/,CURRENT_FORMAT,NO,PRODUCTO,Tecnología,Power Banks,,keyword→objeto,HIGH,0,0,0.0,1
"""power bank ripley""",Concordancia de frase,Power Bank,En pausa,En pausa,https://regalospremium.cl/power-bank-y-accesorios/,https://regalospremium.cl/power-bank-y-accesorios/,CURRENT_FORMAT,NO,PRODUCTO,Tecnología,Power Banks,,keyword→objeto,HIGH,0,0,0.0,1
"""power bank smartphone""",Concordancia de frase,Power Bank,En pausa,En pausa,https://regalospremium.cl/power-bank-y-accesorios/,https://regalospremium.cl/power-bank-y-accesorios/,CURRENT_FORMAT,NO,PRODUCTO,Tecnología,Power Banks,,keyword→objeto,HIGH,0,0,0.0,1
"""power bank solar""",Concordancia de frase,Power Bank,En pausa,En pausa,https://regalospremium.cl/power-bank-y-accesorios/,https://regalospremium.cl/power-bank-y-accesorios/,CURRENT_FORMAT,NO,PRODUCTO,Tecnología,Power Banks,,keyword→objeto,HIGH,0,0,0.0,1
"""power bank solar chile""",Concordancia de frase,Power Bank,En pausa,En pausa,https://regalospremium.cl/power-bank-y-accesorios/,https://regalospremium.cl/power-bank-y-accesorios/,CURRENT_FORMAT,NO,PRODUCTO,Tecnología,Power Banks,,keyword→objeto,HIGH,0,0,0.0,1
"""powerbank""",Concordancia de frase,Power Bank,En pausa,En pausa,https://regalospremium.cl/power-bank-y-accesorios/,https://regalospremium.cl/power-bank-y-accesorios/,CURRENT_FORMAT,NO,PRODUCTO,Tecnología,Power Banks,,keyword→objeto,HIGH,0,0,0.0,1
"""powerbank 2600mah""",Concordancia de frase,Power Bank,En pausa,En pausa,https://regalospremium.cl/power-bank-y-accesorios/,https://regalospremium.cl/power-bank-y-accesorios/,CURRENT_FORMAT,NO,PRODUCTO,Tecnología,Power Banks,,keyword→objeto,HIGH,0,0,0.0,1
"""powerbank solar""",Concordancia de frase,Power Bank,En pausa,En pausa,https://regalospremium.cl/power-bank-y-accesorios/,https://regalospremium.cl/power-bank-y-accesorios/,CURRENT_FORMAT,NO,PRODUCTO,Tecnología,Power Banks,,keyword→objeto,HIGH,0,0,0.0,1
"""smart power bank""",Concordancia de frase,Power Bank,En pausa,En pausa,https://regalospremium.cl/power-bank-y-accesorios/,https://regalospremium.cl/power-bank-y-accesorios/,CURRENT_FORMAT,NO,PRODUCTO,Tecnología,Power Banks,,keyword→objeto,HIGH,0,0,0.0,1
"""solar phone charging""",Concordancia de frase,Power Bank,En pausa,En pausa,,,EMPTY,NO,PRODUCTO,Tecnología,Power Banks,,fallback grupo histórico,MEDIUM,0,0,0.0,1
"""solar power pack system""",Concordancia de frase,Power Bank,En pausa,En pausa,,,EMPTY,NO,PRODUCTO,Tecnología,Power Banks,,fallback grupo histórico,MEDIUM,0,0,0.0,1
"""usb power bank""",Concordancia de frase,Power Bank,En pausa,En pausa,https://regalospremium.cl/power-bank-y-accesorios/,https://regalospremium.cl/power-bank-y-accesorios/,CURRENT_FORMAT,NO,PRODUCTO,Tecnología,Power Banks,,keyword→objeto,HIGH,0,0,0.0,1
"""venta de cargadores portatiles para celulares""",Concordancia de frase,Power Bank,En pausa,En pausa,https://regalospremium.cl/power-bank-y-accesorios/,https://regalospremium.cl/power-bank-y-accesorios/,CURRENT_FORMAT,NO,PRODUCTO,Tecnología,Cargadores,,keyword→objeto,HIGH,0,0,0.0,1
"""accesorios corporativos""",Concordancia de frase,Promocionales,En pausa,En pausa,https://www.regalospremium.cl/,https://regalospremium.cl/,WWW_VARIANT,NO,USO_CAMPAÑA,,,Promocionales,fallback grupo histórico,MEDIUM,0,0,0.0,1
"""agendas regalar""",Concordancia de frase,Promocionales,En pausa,En pausa,https://www.regalospremium.cl/,https://regalospremium.cl/,WWW_VARIANT,NO,PRODUCTO,Oficina y Escritura,Libretas y Cuadernos,,keyword→objeto,HIGH,0,0,0.0,1
"""artículo promocional""",Concordancia de frase,Promocionales,En pausa,En pausa,https://www.regalospremium.cl/,https://regalospremium.cl/,WWW_VARIANT,NO,USO_CAMPAÑA,,,Promocionales,fallback grupo histórico,MEDIUM,0,0,0.0,1
"""articulo promocional""",Concordancia de frase,Promocionales,En pausa,En pausa,,,EMPTY,NO,USO_CAMPAÑA,,,Promocionales,fallback grupo histórico,MEDIUM,0,0,0.0,1
"""articulos corporativos""",Concordancia de frase,Promocionales,En pausa,En pausa,https://www.regalospremium.cl/,https://regalospremium.cl/,WWW_VARIANT,NO,USO_CAMPAÑA,,,Promocionales,fallback grupo histórico,MEDIUM,0,0,0.0,1
"""articulos corporativos para empresas""",Concordancia de frase,Promocionales,En pausa,En pausa,https://www.regalospremium.cl/,https://regalospremium.cl/,WWW_VARIANT,NO,USO_CAMPAÑA,,,Promocionales,fallback grupo histórico,MEDIUM,0,0,0.0,1
"""articulos de merchandising""",Concordancia de frase,Promocionales,En pausa,En pausa,https://www.regalospremium.cl/,https://regalospremium.cl/,WWW_VARIANT,NO,USO_CAMPAÑA,,,Promocionales,fallback grupo histórico,MEDIUM,0,0,0.0,1
"""articulos de merchandising para empresas""",Concordancia de frase,Promocionales,En pausa,En pausa,https://www.regalospremium.cl/,https://regalospremium.cl/,WWW_VARIANT,NO,USO_CAMPAÑA,,,Promocionales,fallback grupo histórico,MEDIUM,0,0,0.0,1
"""articulos merchandising""",Concordancia de frase,Promocionales,En pausa,En pausa,https://www.regalospremium.cl/,https://regalospremium.cl/,WWW_VARIANT,NO,USO_CAMPAÑA,,,Promocionales,fallback grupo histórico,MEDIUM,0,0,0.0,1
"""articulos para merchandising""",Concordancia de frase,Promocionales,En pausa,En pausa,https://www.regalospremium.cl/,https://regalospremium.cl/,WWW_VARIANT,NO,USO_CAMPAÑA,,,Promocionales,fallback grupo histórico,MEDIUM,0,0,0.0,1
"""articulos personalizados para empresas""",Concordancia de frase,Promocionales,En pausa,En pausa,https://www.regalospremium.cl/,https://regalospremium.cl/,WWW_VARIANT,NO,USO_CAMPAÑA,,,Promocionales,fallback grupo histórico,MEDIUM,0,0,0.0,1
"""articulos promocion""",Concordancia de frase,Promocionales,En pausa,En pausa,,,EMPTY,NO,USO_CAMPAÑA,,,Promocionales,fallback grupo histórico,MEDIUM,0,0,0.0,1
"""artículos promocionales""",Concordancia de frase,Promocionales,En pausa,En pausa,https://www.regalospremium.cl/,https://regalospremium.cl/,WWW_VARIANT,NO,USO_CAMPAÑA,,,Promocionales,fallback grupo histórico,MEDIUM,0,0,0.0,1
"""articulos promocionales baratos""",Concordancia de frase,Promocionales,En pausa,En pausa,https://www.regalospremium.cl/,https://regalospremium.cl/,WWW_VARIANT,NO,USO_CAMPAÑA,,,Promocionales,fallback grupo histórico,MEDIUM,0,0,0.0,1
"""articulos promocionales chile""",Concordancia de frase,Promocionales,En pausa,En pausa,https://www.regalospremium.cl/,https://regalospremium.cl/,WWW_VARIANT,NO,USO_CAMPAÑA,,,Promocionales,fallback grupo histórico,MEDIUM,0,0,0.0,1
"""articulos promocionales corporativos""",Concordancia de frase,Promocionales,En pausa,En pausa,https://www.regalospremium.cl/,https://regalospremium.cl/,WWW_VARIANT,NO,USO_CAMPAÑA,,,Promocionales,fallback grupo histórico,MEDIUM,0,0,0.0,1
"""articulos promocionales ecologicos""",Concordancia de frase,Promocionales,En pausa,En pausa,https://www.regalospremium.cl/,https://regalospremium.cl/,WWW_VARIANT,NO,USO_CAMPAÑA,,,Promocionales,fallback grupo histórico,MEDIUM,0,0,0.0,1
"""artículos promocionales económicos""",Concordancia de frase,Promocionales,En pausa,En pausa,https://www.regalospremium.cl/,https://regalospremium.cl/,WWW_VARIANT,NO,USO_CAMPAÑA,,,Promocionales,fallback grupo histórico,MEDIUM,0,0,0.0,1
"""articulos promocionales empresas""",Concordancia de frase,Promocionales,En pausa,En pausa,https://www.regalospremium.cl/,https://regalospremium.cl/,WWW_VARIANT,NO,USO_CAMPAÑA,,,Promocionales,fallback grupo histórico,MEDIUM,0,0,0.0,1
"""articulos promocionales merchandising""",Concordancia de frase,Promocionales,En pausa,En pausa,https://www.regalospremium.cl/,https://regalospremium.cl/,WWW_VARIANT,NO,USO_CAMPAÑA,,,Promocionales,fallback grupo histórico,MEDIUM,0,0,0.0,1
"""articulos promocionales novedosos""",Concordancia de frase,Promocionales,En pausa,En pausa,https://www.regalospremium.cl/,https://regalospremium.cl/,WWW_VARIANT,NO,USO_CAMPAÑA,,,Promocionales,fallback grupo histórico,MEDIUM,0,0,0.0,1
"""articulos promocionales para empresas""",Concordancia de frase,Promocionales,En pausa,En pausa,https://www.regalospremium.cl/,https://regalospremium.cl/,WWW_VARIANT,NO,USO_CAMPAÑA,,,Promocionales,fallback grupo histórico,MEDIUM,0,0,0.0,1
"""articulos promocionales personalizados""",Concordancia de frase,Promocionales,En pausa,En pausa,https://www.regalospremium.cl/,https://regalospremium.cl/,WWW_VARIANT,NO,USO_CAMPAÑA,,,Promocionales,fallback grupo histórico,MEDIUM,0,0,0.0,1
"""articulos promocionales publicidad""",Concordancia de frase,Promocionales,En pausa,En pausa,https://www.regalospremium.cl/,https://regalospremium.cl/,WWW_VARIANT,NO,USO_CAMPAÑA,,,Promocionales,fallback grupo histórico,MEDIUM,0,0,0.0,1
"""articulos publicitarios""",Concordancia de frase,Promocionales,En pausa,En pausa,https://www.regalospremium.cl/,https://regalospremium.cl/,WWW_VARIANT,NO,USO_CAMPAÑA,,,Promocionales,fallback grupo histórico,MEDIUM,0,0,0.0,1
"""articulos publicitarios baratos""",Concordancia de frase,Promocionales,En pausa,En pausa,https://www.regalospremium.cl/,https://regalospremium.cl/,WWW_VARIANT,NO,USO_CAMPAÑA,,,Promocionales,fallback grupo histórico,MEDIUM,0,0,0.0,1
"""artículos publicitarios para empresas""",Concordancia de frase,Promocionales,En pausa,En pausa,https://www.regalospremium.cl/,https://regalospremium.cl/,WWW_VARIANT,NO,USO_CAMPAÑA,,,Promocionales,fallback grupo histórico,MEDIUM,0,0,0.0,1
"""artículos publicitarios personalizados""",Concordancia de frase,Promocionales,En pausa,En pausa,https://www.regalospremium.cl/,https://regalospremium.cl/,WWW_VARIANT,NO,USO_CAMPAÑA,,,Promocionales,fallback grupo histórico,MEDIUM,0,0,0.0,1
"""articulos publicitarios personalizados""",Concordancia de frase,Promocionales,En pausa,En pausa,https://www.regalospremium.cl/,https://regalospremium.cl/,WWW_VARIANT,NO,USO_CAMPAÑA,,,Promocionales,fallback grupo histórico,MEDIUM,0,0,0.0,1
"""articulos publicitarios santiago""",Concordancia de frase,Promocionales,En pausa,En pausa,https://www.regalospremium.cl/,https://regalospremium.cl/,WWW_VARIANT,NO,USO_CAMPAÑA,,,Promocionales,fallback grupo histórico,MEDIUM,0,0,0.0,1
"""boligrafos grabados regalo""",Concordancia de frase,Promocionales,En pausa,En pausa,https://www.regalospremium.cl/,https://regalospremium.cl/,WWW_VARIANT,NO,PRODUCTO,Oficina y Escritura,Lápices y Bolígrafos,,keyword→objeto,HIGH,0,0,0.0,1
"""boligrafos para regalar""",Concordancia de frase,Promocionales,En pausa,En pausa,https://www.regalospremium.cl/,https://regalospremium.cl/,WWW_VARIANT,NO,PRODUCTO,Oficina y Escritura,Lápices y Bolígrafos,,keyword→objeto,HIGH,0,0,0.0,1
"""boligrafos personalizados baratos""",Concordancia de frase,Promocionales,En pausa,En pausa,https://www.regalospremium.cl/,https://regalospremium.cl/,WWW_VARIANT,NO,PRODUCTO,Oficina y Escritura,Lápices y Bolígrafos,,keyword→objeto,HIGH,0,0,0.0,1
"""bolsas para regalo por mayor""",Concordancia de frase,Promocionales,En pausa,En pausa,https://www.regalospremium.cl/,https://regalospremium.cl/,WWW_VARIANT,NO,PRODUCTO,Bolsos y Viaje,Bolsas,,keyword→objeto,HIGH,0,0,0.0,1
"""bolsas publicitarias""",Concordancia de frase,Promocionales,En pausa,En pausa,https://www.regalospremium.cl/,https://regalospremium.cl/,WWW_VARIANT,NO,PRODUCTO,Bolsos y Viaje,Bolsas,,keyword→objeto,HIGH,0,0,0.0,1
"""bolsas regalo por mayor""",Concordancia de frase,Promocionales,En pausa,En pausa,https://www.regalospremium.cl/,https://regalospremium.cl/,WWW_VARIANT,NO,PRODUCTO,Bolsos y Viaje,Bolsas,,keyword→objeto,HIGH,0,0,0.0,1
"""bolso tipo mochila para congreso""",Concordancia de frase,Promocionales,En pausa,En pausa,https://www.regalospremium.cl/,https://regalospremium.cl/,WWW_VARIANT,NO,PRODUCTO,Bolsos y Viaje,Mochilas,,keyword→objeto,HIGH,0,0,0.0,1
"""bolsos regalos""",Concordancia de frase,Promocionales,En pausa,En pausa,https://www.regalospremium.cl/,https://regalospremium.cl/,WWW_VARIANT,NO,PRODUCTO,Bolsos y Viaje,Bolsos,,keyword→objeto,HIGH,0,0,0.0,1
"""Carpetas corporativas""",Concordancia de frase,Promocionales,En pausa,En pausa,,,EMPTY,NO,PRODUCTO,Oficina y Escritura,Carpetas y Portafolios,,keyword→objeto,HIGH,0,0,0.0,1
"""Carpetas ecológicas""",Concordancia de frase,Promocionales,En pausa,En pausa,,,EMPTY,NO,PRODUCTO,Oficina y Escritura,Carpetas y Portafolios,,keyword→objeto,HIGH,0,0,0.0,1
"""Carpetas personalizadas""",Concordancia de frase,Promocionales,En pausa,En pausa,,,EMPTY,NO,PRODUCTO,Oficina y Escritura,Carpetas y Portafolios,,keyword→objeto,HIGH,0,0,0.0,1
"""comprar merchandising para empresas""",Concordancia de frase,Promocionales,En pausa,En pausa,https://www.regalospremium.cl/,https://regalospremium.cl/,WWW_VARIANT,NO,USO_CAMPAÑA,,,Promocionales,fallback grupo histórico,MEDIUM,0,0,0.0,1
"""Cuadernos corporativos""",Concordancia de frase,Promocionales,En pausa,En pausa,,,EMPTY,NO,PRODUCTO,Oficina y Escritura,Libretas y Cuadernos,,keyword→objeto,HIGH,0,0,0.0,1
"""Cuadernos ecológicos""",Concordancia de frase,Promocionales,En pausa,En pausa,,,EMPTY,NO,PRODUCTO,Oficina y Escritura,Libretas y Cuadernos,,keyword→objeto,HIGH,0,0,0.0,1
"""Cuadernos empresariales""",Concordancia de frase,Promocionales,En pausa,En pausa,,,EMPTY,NO,PRODUCTO,Oficina y Escritura,Libretas y Cuadernos,,keyword→objeto,HIGH,0,0,0.0,1
"""Cuadernos impresos""",Concordancia de frase,Promocionales,En pausa,En pausa,,,EMPTY,NO,PRODUCTO,Oficina y Escritura,Libretas y Cuadernos,,keyword→objeto,HIGH,0,0,0.0,1
"""Cuadernos para empresa""",Concordancia de frase,Promocionales,En pausa,En pausa,,,EMPTY,NO,PRODUCTO,Oficina y Escritura,Libretas y Cuadernos,,keyword→objeto,HIGH,0,0,0.0,1
"""Cuadernos promocionales""",Concordancia de frase,Promocionales,En pausa,En pausa,,,EMPTY,NO,PRODUCTO,Oficina y Escritura,Libretas y Cuadernos,,keyword→objeto,HIGH,0,0,0.0,1
"""Cuadernos sostenibles""",Concordancia de frase,Promocionales,En pausa,En pausa,,,EMPTY,NO,PRODUCTO,Oficina y Escritura,Libretas y Cuadernos,,keyword→objeto,HIGH,0,0,0.0,1
"""Cuadernos vinil""",Concordancia de frase,Promocionales,En pausa,En pausa,,,EMPTY,NO,PRODUCTO,Oficina y Escritura,Libretas y Cuadernos,,keyword→objeto,HIGH,0,0,0.0,1
"""dia del papa""",Concordancia de frase,Promocionales,En pausa,En pausa,,,EMPTY,NO,USO_CAMPAÑA,,,Promocionales,fallback grupo histórico,MEDIUM,0,0,0.0,1
"""empresa merchandising""",Concordancia de frase,Promocionales,En pausa,En pausa,https://www.regalospremium.cl/,https://regalospremium.cl/,WWW_VARIANT,NO,USO_CAMPAÑA,,,Promocionales,fallback grupo histórico,MEDIUM,0,0,0.0,1
"""empresa regalos""",Concordancia de frase,Promocionales,En pausa,En pausa,https://www.regalospremium.cl/,https://regalospremium.cl/,WWW_VARIANT,NO,USO_CAMPAÑA,,,Promocionales,fallback grupo histórico,MEDIUM,0,0,0.0,1
"""empresas de articulos promocionales""",Concordancia de frase,Promocionales,En pausa,En pausa,https://www.regalospremium.cl/,https://regalospremium.cl/,WWW_VARIANT,NO,USO_CAMPAÑA,,,Promocionales,fallback grupo histórico,MEDIUM,0,0,0.0,1
"""empresas de productos personalizados""",Concordancia de frase,Promocionales,En pausa,En pausa,https://www.regalospremium.cl/,https://regalospremium.cl/,WWW_VARIANT,NO,USO_CAMPAÑA,,,Promocionales,fallback grupo histórico,MEDIUM,0,0,0.0,1
"""empresas de productos promocionales""",Concordancia de frase,Promocionales,En pausa,En pausa,https://www.regalospremium.cl/,https://regalospremium.cl/,WWW_VARIANT,NO,USO_CAMPAÑA,,,Promocionales,fallback grupo histórico,MEDIUM,0,0,0.0,1
"""empresas de regalos corporativos""",Concordancia de frase,Promocionales,En pausa,En pausa,https://www.regalospremium.cl/,https://regalospremium.cl/,WWW_VARIANT,NO,USO_CAMPAÑA,,,Promocionales,fallback grupo histórico,MEDIUM,0,0,0.0,1
"""empresas de regalos publicitarios""",Concordancia de frase,Promocionales,En pausa,En pausa,https://www.regalospremium.cl/,https://regalospremium.cl/,WWW_VARIANT,NO,USO_CAMPAÑA,,,Promocionales,fallback grupo histórico,MEDIUM,0,0,0.0,1
"""gorras publicitarias""",Concordancia de frase,Promocionales,En pausa,En pausa,https://www.regalospremium.cl/,https://regalospremium.cl/,WWW_VARIANT,NO,PRODUCTO,Textil,Gorras y Sombreros,,keyword→objeto,HIGH,0,0,0.0,1
"""imanes impresos""",Concordancia de frase,Promocionales,En pausa,En pausa,,,EMPTY,NO,PRODUCTO,Promocionales,Imanes,,keyword→objeto,HIGH,0,0,0.0,1
"""imanes publicitarios""",Concordancia de frase,Promocionales,En pausa,En pausa,https://www.regalospremium.cl/,https://regalospremium.cl/,WWW_VARIANT,NO,PRODUCTO,Promocionales,Imanes,,keyword→objeto,HIGH,0,0,0.0,1
"""lapiceros merchandising""",Concordancia de frase,Promocionales,En pausa,En pausa,https://www.regalospremium.cl/,https://regalospremium.cl/,WWW_VARIANT,NO,USO_CAMPAÑA,,,Promocionales,fallback grupo histórico,MEDIUM,0,0,0.0,1
"""lapiceros publicitarios""",Concordancia de frase,Promocionales,En pausa,En pausa,https://www.regalospremium.cl/,https://regalospremium.cl/,WWW_VARIANT,NO,USO_CAMPAÑA,,,Promocionales,fallback grupo histórico,MEDIUM,0,0,0.0,1
"""lapices merchandising""",Concordancia de frase,Promocionales,En pausa,En pausa,https://www.regalospremium.cl/,https://regalospremium.cl/,WWW_VARIANT,NO,PRODUCTO,Oficina y Escritura,Lápices y Bolígrafos,,keyword→objeto,HIGH,0,0,0.0,1
"""Libretas corporativas""",Concordancia de frase,Promocionales,En pausa,En pausa,,,EMPTY,NO,PRODUCTO,Oficina y Escritura,Libretas y Cuadernos,,keyword→objeto,HIGH,0,0,0.0,1
"""Libretas de vinil""",Concordancia de frase,Promocionales,En pausa,En pausa,,,EMPTY,NO,PRODUCTO,Oficina y Escritura,Libretas y Cuadernos,,keyword→objeto,HIGH,0,0,0.0,1
"""Libretas ecológicas""",Concordancia de frase,Promocionales,En pausa,En pausa,,,EMPTY,NO,PRODUCTO,Oficina y Escritura,Libretas y Cuadernos,,keyword→objeto,HIGH,0,0,0.0,1
"""Libretas personalizadas""",Concordancia de frase,Promocionales,En pausa,En pausa,,,EMPTY,NO,PRODUCTO,Oficina y Escritura,Libretas y Cuadernos,,keyword→objeto,HIGH,0,0,0.0,1
"""Libretas promocionales""",Concordancia de frase,Promocionales,En pausa,En pausa,,,EMPTY,NO,PRODUCTO,Oficina y Escritura,Libretas y Cuadernos,,keyword→objeto,HIGH,0,0,0.0,1
"""llavero logo""",Concordancia de frase,Promocionales,En pausa,En pausa,https://www.regalospremium.cl/,https://regalospremium.cl/,WWW_VARIANT,NO,PRODUCTO,Promocionales,Llaveros,,keyword→objeto,HIGH,0,0,0.0,1
"""llaveros corporativos""",Concordancia de frase,Promocionales,En pausa,En pausa,https://www.regalospremium.cl/,https://regalospremium.cl/,WWW_VARIANT,NO,PRODUCTO,Promocionales,Llaveros,,keyword→objeto,HIGH,0,0,0.0,1
"""llaveros promocionales""",Concordancia de frase,Promocionales,En pausa,En pausa,https://www.regalospremium.cl/,https://regalospremium.cl/,WWW_VARIANT,NO,PRODUCTO,Promocionales,Llaveros,,keyword→objeto,HIGH,0,0,0.0,1
"""loncheras promocionales""",Concordancia de frase,Promocionales,En pausa,En pausa,https://www.regalospremium.cl/,https://regalospremium.cl/,WWW_VARIANT,NO,USO_CAMPAÑA,,,Promocionales,fallback grupo histórico,MEDIUM,0,0,0.0,1
"""marketing regalos promocionales""",Concordancia de frase,Promocionales,En pausa,En pausa,https://www.regalospremium.cl/,https://regalospremium.cl/,WWW_VARIANT,NO,USO_CAMPAÑA,,,Promocionales,fallback grupo histórico,MEDIUM,0,0,0.0,1
"""marketing y merchandising""",Concordancia de frase,Promocionales,En pausa,En pausa,https://www.regalospremium.cl/,https://regalospremium.cl/,WWW_VARIANT,NO,USO_CAMPAÑA,,,Promocionales,fallback grupo histórico,MEDIUM,0,0,0.0,1
"""material pop""",Concordancia de frase,Promocionales,En pausa,En pausa,https://www.regalospremium.cl/,https://regalospremium.cl/,WWW_VARIANT,NO,USO_CAMPAÑA,,,Promocionales,fallback grupo histórico,MEDIUM,0,0,0.0,1
"""material promocional""",Concordancia de frase,Promocionales,En pausa,En pausa,https://www.regalospremium.cl/,https://regalospremium.cl/,WWW_VARIANT,NO,USO_CAMPAÑA,,,Promocionales,fallback grupo histórico,MEDIUM,0,0,0.0,1
"""material promocional para empresas""",Concordancia de frase,Promocionales,En pausa,En pausa,https://www.regalospremium.cl/,https://regalospremium.cl/,WWW_VARIANT,NO,USO_CAMPAÑA,,,Promocionales,fallback grupo histórico,MEDIUM,0,0,0.0,1
"""material publicitario para empresas""",Concordancia de frase,Promocionales,En pausa,En pausa,https://www.regalospremium.cl/,https://regalospremium.cl/,WWW_VARIANT,NO,USO_CAMPAÑA,,,Promocionales,fallback grupo histórico,MEDIUM,0,0,0.0,1
"""merch corporativo""",Concordancia de frase,Promocionales,En pausa,En pausa,https://www.regalospremium.cl/,https://regalospremium.cl/,WWW_VARIANT,NO,USO_CAMPAÑA,,,Promocionales,fallback grupo histórico,MEDIUM,0,0,0.0,1
"""merchandising articulos publicitarios""",Concordancia de frase,Promocionales,En pausa,En pausa,https://www.regalospremium.cl/,https://regalospremium.cl/,WWW_VARIANT,NO,USO_CAMPAÑA,,,Promocionales,fallback grupo histórico,MEDIUM,0,0,0.0,1
"""merchandising barato personalizado""",Concordancia de frase,Promocionales,En pausa,En pausa,https://www.regalospremium.cl/,https://regalospremium.cl/,WWW_VARIANT,NO,USO_CAMPAÑA,,,Promocionales,fallback grupo histórico,MEDIUM,0,0,0.0,1
"""merchandising chile""",Concordancia de frase,Promocionales,En pausa,En pausa,https://www.regalospremium.cl/,https://regalospremium.cl/,WWW_VARIANT,NO,USO_CAMPAÑA,,,Promocionales,fallback grupo histórico,MEDIUM,0,0,0.0,1
"""merchandising con logo para clientes""",Concordancia de frase,Promocionales,En pausa,En pausa,https://www.regalospremium.cl/,https://regalospremium.cl/,WWW_VARIANT,NO,USO_CAMPAÑA,,,Promocionales,fallback grupo histórico,MEDIUM,0,0,0.0,1
"""merchandising con logo para empresas""",Concordancia de frase,Promocionales,En pausa,En pausa,https://www.regalospremium.cl/,https://regalospremium.cl/,WWW_VARIANT,NO,USO_CAMPAÑA,,,Promocionales,fallback grupo histórico,MEDIUM,0,0,0.0,1
"""merchandising con logo para publicidad""",Concordancia de frase,Promocionales,En pausa,En pausa,https://www.regalospremium.cl/,https://regalospremium.cl/,WWW_VARIANT,NO,USO_CAMPAÑA,,,Promocionales,fallback grupo histórico,MEDIUM,0,0,0.0,1
"""merchandising con tu logo""",Concordancia de frase,Promocionales,En pausa,En pausa,https://www.regalospremium.cl/,https://regalospremium.cl/,WWW_VARIANT,NO,USO_CAMPAÑA,,,Promocionales,fallback grupo histórico,MEDIUM,0,0,0.0,1
"""merchandising de empresa""",Concordancia de frase,Promocionales,En pausa,En pausa,https://www.regalospremium.cl/,https://regalospremium.cl/,WWW_VARIANT,NO,USO_CAMPAÑA,,,Promocionales,fallback grupo histórico,MEDIUM,0,0,0.0,1
"""merchandising de presentacion""",Concordancia de frase,Promocionales,En pausa,En pausa,https://www.regalospremium.cl/,https://regalospremium.cl/,WWW_VARIANT,NO,USO_CAMPAÑA,,,Promocionales,fallback grupo histórico,MEDIUM,0,0,0.0,1
"""merchandising digital""",Concordancia de frase,Promocionales,En pausa,En pausa,https://www.regalospremium.cl/,https://regalospremium.cl/,WWW_VARIANT,NO,USO_CAMPAÑA,,,Promocionales,fallback grupo histórico,MEDIUM,0,0,0.0,1
"""merchandising ecologico""",Concordancia de frase,Promocionales,En pausa,En pausa,https://www.regalospremium.cl/,https://regalospremium.cl/,WWW_VARIANT,NO,USO_CAMPAÑA,,,Promocionales,fallback grupo histórico,MEDIUM,0,0,0.0,1
"""merchandising empresarial""",Concordancia de frase,Promocionales,En pausa,En pausa,https://www.regalospremium.cl/,https://regalospremium.cl/,WWW_VARIANT,NO,USO_CAMPAÑA,,,Promocionales,fallback grupo histórico,MEDIUM,0,0,0.0,1
"""merchandising empresas barato""",Concordancia de frase,Promocionales,En pausa,En pausa,https://www.regalospremium.cl/,https://regalospremium.cl/,WWW_VARIANT,NO,USO_CAMPAÑA,,,Promocionales,fallback grupo histórico,MEDIUM,0,0,0.0,1
"""merchandising empresas chile""",Concordancia de frase,Promocionales,En pausa,En pausa,https://www.regalospremium.cl/,https://regalospremium.cl/,WWW_VARIANT,NO,USO_CAMPAÑA,,,Promocionales,fallback grupo histórico,MEDIUM,0,0,0.0,1
"""merchandising empresas original""",Concordancia de frase,Promocionales,En pausa,En pausa,https://www.regalospremium.cl/,https://regalospremium.cl/,WWW_VARIANT,NO,USO_CAMPAÑA,,,Promocionales,fallback grupo histórico,MEDIUM,0,0,0.0,1
"""merchandising marketing""",Concordancia de frase,Promocionales,En pausa,En pausa,https://www.regalospremium.cl/,https://regalospremium.cl/,WWW_VARIANT,NO,USO_CAMPAÑA,,,Promocionales,fallback grupo histórico,MEDIUM,0,0,0.0,1
"""merchandising original empresas""",Concordancia de frase,Promocionales,En pausa,En pausa,https://www.regalospremium.cl/,https://regalospremium.cl/,WWW_VARIANT,NO,USO_CAMPAÑA,,,Promocionales,fallback grupo histórico,MEDIUM,0,0,0.0,1
"""merchandising original para empresas""",Concordancia de frase,Promocionales,En pausa,En pausa,https://www.regalospremium.cl/,https://regalospremium.cl/,WWW_VARIANT,NO,USO_CAMPAÑA,,,Promocionales,fallback grupo histórico,MEDIUM,0,0,0.0,1
"""merchandising original para marcas""",Concordancia de frase,Promocionales,En pausa,En pausa,https://www.regalospremium.cl/,https://regalospremium.cl/,WWW_VARIANT,NO,USO_CAMPAÑA,,,Promocionales,fallback grupo histórico,MEDIUM,0,0,0.0,1
"""merchandising para empresas""",Concordancia de frase,Promocionales,En pausa,En pausa,https://www.regalospremium.cl/,https://regalospremium.cl/,WWW_VARIANT,NO,USO_CAMPAÑA,,,Promocionales,fallback grupo histórico,MEDIUM,0,0,0.0,1
"""merchandising para empresas barato""",Concordancia de frase,Promocionales,En pausa,En pausa,https://www.regalospremium.cl/,https://regalospremium.cl/,WWW_VARIANT,NO,USO_CAMPAÑA,,,Promocionales,fallback grupo histórico,MEDIUM,0,0,0.0,1
"""merchandising para publicidad""",Concordancia de frase,Promocionales,En pausa,En pausa,https://www.regalospremium.cl/,https://regalospremium.cl/,WWW_VARIANT,NO,USO_CAMPAÑA,,,Promocionales,fallback grupo histórico,MEDIUM,0,0,0.0,1
"""merchandising para tu empresa""",Concordancia de frase,Promocionales,En pausa,En pausa,https://www.regalospremium.cl/,https://regalospremium.cl/,WWW_VARIANT,NO,USO_CAMPAÑA,,,Promocionales,fallback grupo histórico,MEDIUM,0,0,0.0,1
"""merchandising personalizable""",Concordancia de frase,Promocionales,En pausa,En pausa,https://www.regalospremium.cl/,https://regalospremium.cl/,WWW_VARIANT,NO,USO_CAMPAÑA,,,Promocionales,fallback grupo histórico,MEDIUM,0,0,0.0,1
"""merchandising personalizado barato""",Concordancia de frase,Promocionales,En pausa,En pausa,https://www.regalospremium.cl/,https://regalospremium.cl/,WWW_VARIANT,NO,USO_CAMPAÑA,,,Promocionales,fallback grupo histórico,MEDIUM,0,0,0.0,1
"""merchandising personalizado empresas""",Concordancia de frase,Promocionales,En pausa,En pausa,https://www.regalospremium.cl/,https://regalospremium.cl/,WWW_VARIANT,NO,USO_CAMPAÑA,,,Promocionales,fallback grupo histórico,MEDIUM,0,0,0.0,1
"""merchandising personalizado para clientes""",Concordancia de frase,Promocionales,En pausa,En pausa,https://www.regalospremium.cl/,https://regalospremium.cl/,WWW_VARIANT,NO,USO_CAMPAÑA,,,Promocionales,fallback grupo histórico,MEDIUM,0,0,0.0,1
"""merchandising personalizado para empresas""",Concordancia de frase,Promocionales,En pausa,En pausa,https://www.regalospremium.cl/,https://regalospremium.cl/,WWW_VARIANT,NO,USO_CAMPAÑA,,,Promocionales,fallback grupo histórico,MEDIUM,0,0,0.0,1
"""merchandising personalizado para marketing""",Concordancia de frase,Promocionales,En pausa,En pausa,https://www.regalospremium.cl/,https://regalospremium.cl/,WWW_VARIANT,NO,USO_CAMPAÑA,,,Promocionales,fallback grupo histórico,MEDIUM,0,0,0.0,1
"""merchandising promocional""",Concordancia de frase,Promocionales,En pausa,En pausa,https://www.regalospremium.cl/,https://regalospremium.cl/,WWW_VARIANT,NO,USO_CAMPAÑA,,,Promocionales,fallback grupo histórico,MEDIUM,0,0,0.0,1
"""merchandising promocional para empresas""",Concordancia de frase,Promocionales,En pausa,En pausa,https://www.regalospremium.cl/,https://regalospremium.cl/,WWW_VARIANT,NO,USO_CAMPAÑA,,,Promocionales,fallback grupo histórico,MEDIUM,0,0,0.0,1
"""merchandising publicitario para empresas""",Concordancia de frase,Promocionales,En pausa,En pausa,https://www.regalospremium.cl/,https://regalospremium.cl/,WWW_VARIANT,NO,USO_CAMPAÑA,,,Promocionales,fallback grupo histórico,MEDIUM,0,0,0.0,1
"""merchandising regalos""",Concordancia de frase,Promocionales,En pausa,En pausa,https://www.regalospremium.cl/,https://regalospremium.cl/,WWW_VARIANT,NO,USO_CAMPAÑA,,,Promocionales,fallback grupo histórico,MEDIUM,0,0,0.0,1
"""merchandising regalos corporativos""",Concordancia de frase,Promocionales,En pausa,En pausa,https://www.regalospremium.cl/,https://regalospremium.cl/,WWW_VARIANT,NO,USO_CAMPAÑA,,,Promocionales,fallback grupo histórico,MEDIUM,0,0,0.0,1
"""merchandising regalos empresariales""",Concordancia de frase,Promocionales,En pausa,En pausa,https://www.regalospremium.cl/,https://regalospremium.cl/,WWW_VARIANT,NO,USO_CAMPAÑA,,,Promocionales,fallback grupo histórico,MEDIUM,0,0,0.0,1
"""mochilas personalizadas chile""",Concordancia de frase,Promocionales,En pausa,En pausa,https://www.regalospremium.cl/,https://regalospremium.cl/,WWW_VARIANT,NO,PRODUCTO,Bolsos y Viaje,Mochilas,,keyword→objeto,HIGH,0,0,0.0,1
"""mochilas publicitarias""",Concordancia de frase,Promocionales,En pausa,En pausa,https://www.regalospremium.cl/,https://regalospremium.cl/,WWW_VARIANT,NO,PRODUCTO,Bolsos y Viaje,Mochilas,,keyword→objeto,HIGH,0,0,0.0,1
"""morrales personalizados por mayor""",Concordancia de frase,Promocionales,En pausa,En pausa,https://www.regalospremium.cl/,https://regalospremium.cl/,WWW_VARIANT,NO,USO_CAMPAÑA,,,Promocionales,fallback grupo histórico,MEDIUM,0,0,0.0,1
"""obsequio corporativo""",Concordancia de frase,Promocionales,En pausa,En pausa,https://www.regalospremium.cl/,https://regalospremium.cl/,WWW_VARIANT,NO,USO_CAMPAÑA,,,Promocionales,fallback grupo histórico,MEDIUM,0,0,0.0,1
"""obsequios corporativos""",Concordancia de frase,Promocionales,En pausa,En pausa,https://www.regalospremium.cl/,https://regalospremium.cl/,WWW_VARIANT,NO,USO_CAMPAÑA,,,Promocionales,fallback grupo histórico,MEDIUM,0,0,0.0,1
"""obsequios empresariales""",Concordancia de frase,Promocionales,En pausa,En pausa,https://www.regalospremium.cl/,https://regalospremium.cl/,WWW_VARIANT,NO,USO_CAMPAÑA,,,Promocionales,fallback grupo histórico,MEDIUM,0,0,0.0,1
"""obsequios promocionales""",Concordancia de frase,Promocionales,En pausa,En pausa,https://www.regalospremium.cl/,https://regalospremium.cl/,WWW_VARIANT,NO,USO_CAMPAÑA,,,Promocionales,fallback grupo histórico,MEDIUM,0,0,0.0,1
"""para papa regalos""",Concordancia de frase,Promocionales,En pausa,En pausa,https://www.regalospremium.cl/,https://regalospremium.cl/,WWW_VARIANT,NO,USO_CAMPAÑA,,,Promocionales,fallback grupo histórico,MEDIUM,0,0,0.0,1
"""paraguas personalizados""",Concordancia de frase,Promocionales,En pausa,En pausa,https://www.regalospremium.cl/,https://regalospremium.cl/,WWW_VARIANT,NO,PRODUCTO,Promocionales,Paraguas,,keyword→objeto,HIGH,0,0,0.0,1
"""pen barato""",Concordancia de frase,Promocionales,En pausa,En pausa,https://www.regalospremium.cl/,https://regalospremium.cl/,WWW_VARIANT,NO,USO_CAMPAÑA,,,Promocionales,fallback grupo histórico,MEDIUM,0,0,0.0,1
"""pendrive baratos""",Concordancia de frase,Promocionales,En pausa,En pausa,https://www.regalospremium.cl/,https://regalospremium.cl/,WWW_VARIANT,NO,PRODUCTO,Tecnología,Pendrives,,keyword→objeto,HIGH,0,0,0.0,1
"""pendrive personalizado""",Concordancia de frase,Promocionales,En pausa,En pausa,https://www.regalospremium.cl/,https://regalospremium.cl/,WWW_VARIANT,NO,PRODUCTO,Tecnología,Pendrives,,keyword→objeto,HIGH,0,0,0.0,1
"""pendrives personalizados""",Concordancia de frase,Promocionales,En pausa,En pausa,https://www.regalospremium.cl/,https://regalospremium.cl/,WWW_VARIANT,NO,PRODUCTO,Tecnología,Pendrives,,keyword→objeto,HIGH,0,0,0.0,1
"""personalizados chile""",Concordancia de frase,Promocionales,En pausa,En pausa,https://www.regalospremium.cl/,https://regalospremium.cl/,WWW_VARIANT,NO,USO_CAMPAÑA,,,Promocionales,fallback grupo histórico,MEDIUM,0,0,0.0,1
"""personalizar merchandising""",Concordancia de frase,Promocionales,En pausa,En pausa,https://www.regalospremium.cl/,https://regalospremium.cl/,WWW_VARIANT,NO,USO_CAMPAÑA,,,Promocionales,fallback grupo histórico,MEDIUM,0,0,0.0,1
"""producto promocional""",Concordancia de frase,Promocionales,En pausa,En pausa,https://www.regalospremium.cl/,https://regalospremium.cl/,WWW_VARIANT,NO,USO_CAMPAÑA,,,Promocionales,fallback grupo histórico,MEDIUM,0,0,0.0,1
"""productos corporativos""",Concordancia de frase,Promocionales,En pausa,En pausa,https://www.regalospremium.cl/,https://regalospremium.cl/,WWW_VARIANT,NO,USO_CAMPAÑA,,,Promocionales,fallback grupo histórico,MEDIUM,0,0,0.0,1
"""productos corporativos para empresas""",Concordancia de frase,Promocionales,En pausa,En pausa,https://www.regalospremium.cl/,https://regalospremium.cl/,WWW_VARIANT,NO,USO_CAMPAÑA,,,Promocionales,fallback grupo histórico,MEDIUM,0,0,0.0,1
"""productos de merchandising para empresas""",Concordancia de frase,Promocionales,En pausa,En pausa,https://www.regalospremium.cl/,https://regalospremium.cl/,WWW_VARIANT,NO,USO_CAMPAÑA,,,Promocionales,fallback grupo histórico,MEDIUM,0,0,0.0,1
"""productos de publicidad""",Concordancia de frase,Promocionales,En pausa,En pausa,https://www.regalospremium.cl/,https://regalospremium.cl/,WWW_VARIANT,NO,USO_CAMPAÑA,,,Promocionales,fallback grupo histórico,MEDIUM,0,0,0.0,1
"""productos merchandising para empresas""",Concordancia de frase,Promocionales,En pausa,En pausa,https://www.regalospremium.cl/,https://regalospremium.cl/,WWW_VARIANT,NO,USO_CAMPAÑA,,,Promocionales,fallback grupo histórico,MEDIUM,0,0,0.0,1
"""productos promocionales""",Concordancia de frase,Promocionales,En pausa,En pausa,https://www.regalospremium.cl/,https://regalospremium.cl/,WWW_VARIANT,NO,USO_CAMPAÑA,,,Promocionales,fallback grupo histórico,MEDIUM,0,0,0.0,1
"""productos promocionales empresas""",Concordancia de frase,Promocionales,En pausa,En pausa,https://www.regalospremium.cl/,https://regalospremium.cl/,WWW_VARIANT,NO,USO_CAMPAÑA,,,Promocionales,fallback grupo histórico,MEDIUM,0,0,0.0,1
"""productos promocionales para empresas""",Concordancia de frase,Promocionales,En pausa,En pausa,https://www.regalospremium.cl/,https://regalospremium.cl/,WWW_VARIANT,NO,USO_CAMPAÑA,,,Promocionales,fallback grupo histórico,MEDIUM,0,0,0.0,1
"""productos publicitario""",Concordancia de frase,Promocionales,En pausa,En pausa,https://www.regalospremium.cl/,https://regalospremium.cl/,WWW_VARIANT,NO,USO_CAMPAÑA,,,Promocionales,fallback grupo histórico,MEDIUM,0,0,0.0,1
"""productos publicitarios para empresas""",Concordancia de frase,Promocionales,En pausa,En pausa,https://www.regalospremium.cl/,https://regalospremium.cl/,WWW_VARIANT,NO,USO_CAMPAÑA,,,Promocionales,fallback grupo histórico,MEDIUM,0,0,0.0,1
"""promocionales ecologicos""",Concordancia de frase,Promocionales,En pausa,En pausa,https://www.regalospremium.cl/,https://regalospremium.cl/,WWW_VARIANT,NO,USO_CAMPAÑA,,,Promocionales,fallback grupo histórico,MEDIUM,0,0,0.0,1
"""promocionales empresariales""",Concordancia de frase,Promocionales,En pausa,En pausa,https://www.regalospremium.cl/,https://regalospremium.cl/,WWW_VARIANT,NO,USO_CAMPAÑA,,,Promocionales,fallback grupo histórico,MEDIUM,0,0,0.0,1
"""promocionales para empresas""",Concordancia de frase,Promocionales,En pausa,En pausa,https://www.regalospremium.cl/,https://regalospremium.cl/,WWW_VARIANT,NO,USO_CAMPAÑA,,,Promocionales,fallback grupo histórico,MEDIUM,0,0,0.0,1
"""promocionales personalizados""",Concordancia de frase,Promocionales,En pausa,En pausa,,,EMPTY,NO,USO_CAMPAÑA,,,Promocionales,fallback grupo histórico,MEDIUM,0,0,0.0,1
"""promocionales publicitarios""",Concordancia de frase,Promocionales,En pausa,En pausa,https://www.regalospremium.cl/,https://regalospremium.cl/,WWW_VARIANT,NO,USO_CAMPAÑA,,,Promocionales,fallback grupo histórico,MEDIUM,0,0,0.0,1
"""promocionales y publicidad""",Concordancia de frase,Promocionales,En pausa,En pausa,https://www.regalospremium.cl/,https://regalospremium.cl/,WWW_VARIANT,NO,USO_CAMPAÑA,,,Promocionales,fallback grupo histórico,MEDIUM,0,0,0.0,1
"""publicidad de merchandising""",Concordancia de frase,Promocionales,En pausa,En pausa,https://www.regalospremium.cl/,https://regalospremium.cl/,WWW_VARIANT,NO,USO_CAMPAÑA,,,Promocionales,fallback grupo histórico,MEDIUM,0,0,0.0,1
"""publicidad productos""",Concordancia de frase,Promocionales,En pausa,En pausa,https://www.regalospremium.cl/,https://regalospremium.cl/,WWW_VARIANT,NO,USO_CAMPAÑA,,,Promocionales,fallback grupo histórico,MEDIUM,0,0,0.0,1
"""regalo corporativo""",Concordancia de frase,Promocionales,En pausa,En pausa,https://www.regalospremium.cl/,https://regalospremium.cl/,WWW_VARIANT,NO,USO_CAMPAÑA,,,Promocionales,fallback grupo histórico,MEDIUM,0,0,0.0,1
"""regalo corporativo original""",Concordancia de frase,Promocionales,En pausa,En pausa,https://www.regalospremium.cl/,https://regalospremium.cl/,WWW_VARIANT,NO,USO_CAMPAÑA,,,Promocionales,fallback grupo histórico,MEDIUM,0,0,0.0,1
"""regalo dia del padre""",Concordancia de frase,Promocionales,En pausa,En pausa,https://www.regalospremium.cl/,https://regalospremium.cl/,WWW_VARIANT,NO,USO_CAMPAÑA,,,Promocionales,fallback grupo histórico,MEDIUM,0,0,0.0,1
"""regalo empresarial""",Concordancia de frase,Promocionales,En pausa,En pausa,https://www.regalospremium.cl/,https://regalospremium.cl/,WWW_VARIANT,NO,USO_CAMPAÑA,,,Promocionales,fallback grupo histórico,MEDIUM,0,0,0.0,1
"""regalo papa""",Concordancia de frase,Promocionales,En pausa,En pausa,,,EMPTY,NO,USO_CAMPAÑA,,,Promocionales,fallback grupo histórico,MEDIUM,0,0,0.0,1
"""regalo promocional personalizado""",Concordancia de frase,Promocionales,En pausa,En pausa,https://www.regalospremium.cl/,https://regalospremium.cl/,WWW_VARIANT,NO,USO_CAMPAÑA,,,Promocionales,fallback grupo histórico,MEDIUM,0,0,0.0,1
"""regalo publicitarios""",Concordancia de frase,Promocionales,En pausa,En pausa,https://www.regalospremium.cl/,https://regalospremium.cl/,WWW_VARIANT,NO,USO_CAMPAÑA,,,Promocionales,fallback grupo histórico,MEDIUM,0,0,0.0,1
"""regalos clientes""",Concordancia de frase,Promocionales,En pausa,En pausa,https://www.regalospremium.cl/,https://regalospremium.cl/,WWW_VARIANT,NO,USO_CAMPAÑA,,,Promocionales,fallback grupo histórico,MEDIUM,0,0,0.0,1
"""regalos con publicidad""",Concordancia de frase,Promocionales,En pausa,En pausa,https://www.regalospremium.cl/,https://regalospremium.cl/,WWW_VARIANT,NO,USO_CAMPAÑA,,,Promocionales,fallback grupo histórico,MEDIUM,0,0,0.0,1
"""regalos coorporativos""",Concordancia de frase,Promocionales,En pausa,En pausa,https://www.regalospremium.cl/,https://regalospremium.cl/,WWW_VARIANT,NO,USO_CAMPAÑA,,,Promocionales,fallback grupo histórico,MEDIUM,0,0,0.0,1
"""regalos corporativo""",Concordancia de frase,Promocionales,En pausa,En pausa,https://www.regalospremium.cl/,https://regalospremium.cl/,WWW_VARIANT,NO,USO_CAMPAÑA,,,Promocionales,fallback grupo histórico,MEDIUM,0,0,0.0,1
"""regalos corporativos""",Concordancia de frase,Promocionales,En pausa,En pausa,https://www.regalospremium.cl/,https://regalospremium.cl/,WWW_VARIANT,NO,USO_CAMPAÑA,,,Promocionales,fallback grupo histórico,MEDIUM,0,0,0.0,1
"""regalos corporativos empresas""",Concordancia de frase,Promocionales,En pausa,En pausa,https://www.regalospremium.cl/,https://regalospremium.cl/,WWW_VARIANT,NO,USO_CAMPAÑA,,,Promocionales,fallback grupo histórico,MEDIUM,0,0,0.0,1
"""regalos corporativos gourmet""",Concordancia de frase,Promocionales,En pausa,En pausa,https://www.regalospremium.cl/,https://regalospremium.cl/,WWW_VARIANT,NO,USO_CAMPAÑA,,,Promocionales,fallback grupo histórico,MEDIUM,0,0,0.0,1
"""regalos corporativos originales""",Concordancia de frase,Promocionales,En pausa,En pausa,https://www.regalospremium.cl/,https://regalospremium.cl/,WWW_VARIANT,NO,USO_CAMPAÑA,,,Promocionales,fallback grupo histórico,MEDIUM,0,0,0.0,1
"""regalos corporativos para empresas""",Concordancia de frase,Promocionales,En pausa,En pausa,https://www.regalospremium.cl/,https://regalospremium.cl/,WWW_VARIANT,NO,USO_CAMPAÑA,,,Promocionales,fallback grupo histórico,MEDIUM,0,0,0.0,1
"""regalos corporativos personalizados""",Concordancia de frase,Promocionales,En pausa,En pausa,https://www.regalospremium.cl/,https://regalospremium.cl/,WWW_VARIANT,NO,USO_CAMPAÑA,,,Promocionales,fallback grupo histórico,MEDIUM,0,0,0.0,1
"""regalos corporativos santiago""",Concordancia de frase,Promocionales,En pausa,En pausa,https://www.regalospremium.cl/,https://regalospremium.cl/,WWW_VARIANT,NO,USO_CAMPAÑA,,,Promocionales,fallback grupo histórico,MEDIUM,0,0,0.0,1
"""regalos creativos para clientes""",Concordancia de frase,Promocionales,En pausa,En pausa,https://www.regalospremium.cl/,https://regalospremium.cl/,WWW_VARIANT,NO,USO_CAMPAÑA,,,Promocionales,fallback grupo histórico,MEDIUM,0,0,0.0,1
"""regalos de empresa baratos""",Concordancia de frase,Promocionales,En pausa,En pausa,https://www.regalospremium.cl/,https://regalospremium.cl/,WWW_VARIANT,NO,USO_CAMPAÑA,,,Promocionales,fallback grupo histórico,MEDIUM,0,0,0.0,1
"""regalos de empresas a clientes""",Concordancia de frase,Promocionales,En pausa,En pausa,https://www.regalospremium.cl/,https://regalospremium.cl/,WWW_VARIANT,NO,USO_CAMPAÑA,,,Promocionales,fallback grupo histórico,MEDIUM,0,0,0.0,1
"""regalos de promocion""",Concordancia de frase,Promocionales,En pausa,En pausa,https://www.regalospremium.cl/,https://regalospremium.cl/,WWW_VARIANT,NO,USO_CAMPAÑA,,,Promocionales,fallback grupo histórico,MEDIUM,0,0,0.0,1
"""regalos de publicidad para empresas""",Concordancia de frase,Promocionales,En pausa,En pausa,https://www.regalospremium.cl/,https://regalospremium.cl/,WWW_VARIANT,NO,USO_CAMPAÑA,,,Promocionales,fallback grupo histórico,MEDIUM,0,0,0.0,1
"""regalos dia del padre empresa""",Concordancia de frase,Promocionales,En pausa,En pausa,https://www.regalospremium.cl/,https://regalospremium.cl/,WWW_VARIANT,NO,USO_CAMPAÑA,,,Promocionales,fallback grupo histórico,MEDIUM,0,0,0.0,1
"""Regalos ecológicos""",Concordancia de frase,Promocionales,En pausa,En pausa,,,EMPTY,NO,USO_CAMPAÑA,,,Promocionales,fallback grupo histórico,MEDIUM,0,0,0.0,1
"""regalos empresa baratos""",Concordancia de frase,Promocionales,En pausa,En pausa,https://www.regalospremium.cl/,https://regalospremium.cl/,WWW_VARIANT,NO,USO_CAMPAÑA,,,Promocionales,fallback grupo histórico,MEDIUM,0,0,0.0,1
"""regalos empresa personalizados""",Concordancia de frase,Promocionales,En pausa,En pausa,https://www.regalospremium.cl/,https://regalospremium.cl/,WWW_VARIANT,NO,USO_CAMPAÑA,,,Promocionales,fallback grupo histórico,MEDIUM,0,0,0.0,1
"""Regalos empresariales""",Concordancia de frase,Promocionales,En pausa,En pausa,,,EMPTY,NO,USO_CAMPAÑA,,,Promocionales,fallback grupo histórico,MEDIUM,0,0,0.0,1
"""regalos empresariales novedosos""",Concordancia de frase,Promocionales,En pausa,En pausa,https://www.regalospremium.cl/,https://regalospremium.cl/,WWW_VARIANT,NO,USO_CAMPAÑA,,,Promocionales,fallback grupo histórico,MEDIUM,0,0,0.0,1
"""regalos empresariales originales""",Concordancia de frase,Promocionales,En pausa,En pausa,https://www.regalospremium.cl/,https://regalospremium.cl/,WWW_VARIANT,NO,USO_CAMPAÑA,,,Promocionales,fallback grupo histórico,MEDIUM,0,0,0.0,1
"""regalos empresariales personalizados""",Concordancia de frase,Promocionales,En pausa,En pausa,https://www.regalospremium.cl/,https://regalospremium.cl/,WWW_VARIANT,NO,USO_CAMPAÑA,,,Promocionales,fallback grupo histórico,MEDIUM,0,0,0.0,1
"""regalos empresariales premium""",Concordancia de frase,Promocionales,En pausa,En pausa,https://www.regalospremium.cl/,https://regalospremium.cl/,WWW_VARIANT,NO,USO_CAMPAÑA,,,Promocionales,fallback grupo histórico,MEDIUM,0,0,0.0,1
"""Regalos impresos""",Concordancia de frase,Promocionales,En pausa,En pausa,,,EMPTY,NO,USO_CAMPAÑA,,,Promocionales,fallback grupo histórico,MEDIUM,0,0,0.0,1
"""regalos institucionales""",Concordancia de frase,Promocionales,En pausa,En pausa,https://www.regalospremium.cl/,https://regalospremium.cl/,WWW_VARIANT,NO,USO_CAMPAÑA,,,Promocionales,fallback grupo histórico,MEDIUM,0,0,0.0,1
"""regalos marketing""",Concordancia de frase,Promocionales,En pausa,En pausa,https://www.regalospremium.cl/,https://regalospremium.cl/,WWW_VARIANT,NO,USO_CAMPAÑA,,,Promocionales,fallback grupo histórico,MEDIUM,0,0,0.0,1
"""regalos para clientes""",Concordancia de frase,Promocionales,En pausa,En pausa,https://www.regalospremium.cl/,https://regalospremium.cl/,WWW_VARIANT,NO,USO_CAMPAÑA,,,Promocionales,fallback grupo histórico,MEDIUM,0,0,0.0,1
"""regalos para clientes en navidad""",Concordancia de frase,Promocionales,En pausa,En pausa,https://www.regalospremium.cl/,https://regalospremium.cl/,WWW_VARIANT,NO,USO_CAMPAÑA,,,Promocionales,fallback grupo histórico,MEDIUM,0,0,0.0,1
"""regalos para clientes vip""",Concordancia de frase,Promocionales,En pausa,En pausa,https://www.regalospremium.cl/,https://regalospremium.cl/,WWW_VARIANT,NO,USO_CAMPAÑA,,,Promocionales,fallback grupo histórico,MEDIUM,0,0,0.0,1
"""regalos para el dia""",Concordancia de frase,Promocionales,En pausa,En pausa,https://www.regalospremium.cl/,https://regalospremium.cl/,WWW_VARIANT,NO,USO_CAMPAÑA,,,Promocionales,fallback grupo histórico,MEDIUM,0,0,0.0,1
"""regalos para el dia de los padres""",Concordancia de frase,Promocionales,En pausa,En pausa,https://www.regalospremium.cl/,https://regalospremium.cl/,WWW_VARIANT,NO,USO_CAMPAÑA,,,Promocionales,fallback grupo histórico,MEDIUM,0,0,0.0,1
"""regalos para empresas""",Concordancia de frase,Promocionales,En pausa,En pausa,https://www.regalospremium.cl/,https://regalospremium.cl/,WWW_VARIANT,NO,USO_CAMPAÑA,,,Promocionales,fallback grupo histórico,MEDIUM,0,0,0.0,1
"""regalos para empresas personalizados""",Concordancia de frase,Promocionales,En pausa,En pausa,https://www.regalospremium.cl/,https://regalospremium.cl/,WWW_VARIANT,NO,USO_CAMPAÑA,,,Promocionales,fallback grupo histórico,MEDIUM,0,0,0.0,1
"""regalos para fin de año empresas""",Concordancia de frase,Promocionales,En pausa,En pausa,https://www.regalospremium.cl/,https://regalospremium.cl/,WWW_VARIANT,NO,USO_CAMPAÑA,,,Promocionales,fallback grupo histórico,MEDIUM,0,0,0.0,1
"""regalos para promociones""",Concordancia de frase,Promocionales,En pausa,En pausa,https://www.regalospremium.cl/,https://regalospremium.cl/,WWW_VARIANT,NO,USO_CAMPAÑA,,,Promocionales,fallback grupo histórico,MEDIUM,0,0,0.0,1
"""regalos personalizados chile""",Concordancia de frase,Promocionales,En pausa,En pausa,https://www.regalospremium.cl/,https://regalospremium.cl/,WWW_VARIANT,NO,USO_CAMPAÑA,,,Promocionales,fallback grupo histórico,MEDIUM,0,0,0.0,1
"""regalos promocionales baratos""",Concordancia de frase,Promocionales,En pausa,En pausa,https://www.regalospremium.cl/,https://regalospremium.cl/,WWW_VARIANT,NO,USO_CAMPAÑA,,,Promocionales,fallback grupo histórico,MEDIUM,0,0,0.0,1
"""regalos promocionales de empresa""",Concordancia de frase,Promocionales,En pausa,En pausa,https://www.regalospremium.cl/,https://regalospremium.cl/,WWW_VARIANT,NO,USO_CAMPAÑA,,,Promocionales,fallback grupo histórico,MEDIUM,0,0,0.0,1
"""regalos promocionales ecologicos""",Concordancia de frase,Promocionales,En pausa,En pausa,https://www.regalospremium.cl/,https://regalospremium.cl/,WWW_VARIANT,NO,USO_CAMPAÑA,,,Promocionales,fallback grupo histórico,MEDIUM,0,0,0.0,1
"""regalos promocionales empresa""",Concordancia de frase,Promocionales,En pausa,En pausa,https://www.regalospremium.cl/,https://regalospremium.cl/,WWW_VARIANT,NO,USO_CAMPAÑA,,,Promocionales,fallback grupo histórico,MEDIUM,0,0,0.0,1
"""regalos promocionales originales""",Concordancia de frase,Promocionales,En pausa,En pausa,https://www.regalospremium.cl/,https://regalospremium.cl/,WWW_VARIANT,NO,USO_CAMPAÑA,,,Promocionales,fallback grupo histórico,MEDIUM,0,0,0.0,1
"""regalos promocionales para empresas""",Concordancia de frase,Promocionales,En pausa,En pausa,https://www.regalospremium.cl/,https://regalospremium.cl/,WWW_VARIANT,NO,USO_CAMPAÑA,,,Promocionales,fallback grupo histórico,MEDIUM,0,0,0.0,1
"""regalos promocionales personalizados""",Concordancia de frase,Promocionales,En pausa,En pausa,https://www.regalospremium.cl/,https://regalospremium.cl/,WWW_VARIANT,NO,USO_CAMPAÑA,,,Promocionales,fallback grupo histórico,MEDIUM,0,0,0.0,1
"""regalos promocionales por mayor""",Concordancia de frase,Promocionales,En pausa,En pausa,,,EMPTY,NO,USO_CAMPAÑA,,,Promocionales,fallback grupo histórico,MEDIUM,0,0,0.0,1
"""regalos promociones""",Concordancia de frase,Promocionales,En pausa,En pausa,https://www.regalospremium.cl/,https://regalospremium.cl/,WWW_VARIANT,NO,USO_CAMPAÑA,,,Promocionales,fallback grupo histórico,MEDIUM,0,0,0.0,1
"""regalos publicitarios baratos""",Concordancia de frase,Promocionales,En pausa,En pausa,https://www.regalospremium.cl/,https://regalospremium.cl/,WWW_VARIANT,NO,USO_CAMPAÑA,,,Promocionales,fallback grupo histórico,MEDIUM,0,0,0.0,1
"""regalos publicitarios creativos""",Concordancia de frase,Promocionales,En pausa,En pausa,https://www.regalospremium.cl/,https://regalospremium.cl/,WWW_VARIANT,NO,USO_CAMPAÑA,,,Promocionales,fallback grupo histórico,MEDIUM,0,0,0.0,1
"""regalos publicitarios economicos""",Concordancia de frase,Promocionales,En pausa,En pausa,https://www.regalospremium.cl/,https://regalospremium.cl/,WWW_VARIANT,NO,USO_CAMPAÑA,,,Promocionales,fallback grupo histórico,MEDIUM,0,0,0.0,1
"""regalos publicitarios empresas""",Concordancia de frase,Promocionales,En pausa,En pausa,https://www.regalospremium.cl/,https://regalospremium.cl/,WWW_VARIANT,NO,USO_CAMPAÑA,,,Promocionales,fallback grupo histórico,MEDIUM,0,0,0.0,1
"""regalos publicitarios novedosos""",Concordancia de frase,Promocionales,En pausa,En pausa,https://www.regalospremium.cl/,https://regalospremium.cl/,WWW_VARIANT,NO,USO_CAMPAÑA,,,Promocionales,fallback grupo histórico,MEDIUM,0,0,0.0,1
"""regalos publicitarios online""",Concordancia de frase,Promocionales,En pausa,En pausa,https://www.regalospremium.cl/,https://regalospremium.cl/,WWW_VARIANT,NO,USO_CAMPAÑA,,,Promocionales,fallback grupo histórico,MEDIUM,0,0,0.0,1
"""regalos publicitarios originales""",Concordancia de frase,Promocionales,En pausa,En pausa,https://www.regalospremium.cl/,https://regalospremium.cl/,WWW_VARIANT,NO,USO_CAMPAÑA,,,Promocionales,fallback grupo histórico,MEDIUM,0,0,0.0,1
"""regalos publicitarios personalizados""",Concordancia de frase,Promocionales,En pausa,En pausa,https://www.regalospremium.cl/,https://regalospremium.cl/,WWW_VARIANT,NO,USO_CAMPAÑA,,,Promocionales,fallback grupo histórico,MEDIUM,0,0,0.0,1
"""regalos publicitarios santiago""",Concordancia de frase,Promocionales,En pausa,En pausa,https://www.regalospremium.cl/,https://regalospremium.cl/,WWW_VARIANT,NO,USO_CAMPAÑA,,,Promocionales,fallback grupo histórico,MEDIUM,0,0,0.0,1
"""regalos santiago""",Concordancia de frase,Promocionales,En pausa,En pausa,https://www.regalospremium.cl/,https://regalospremium.cl/,WWW_VARIANT,NO,USO_CAMPAÑA,,,Promocionales,fallback grupo histórico,MEDIUM,0,0,0.0,1
"""regalos santiago chile""",Concordancia de frase,Promocionales,En pausa,En pausa,https://www.regalospremium.cl/,https://regalospremium.cl/,WWW_VARIANT,NO,USO_CAMPAÑA,,,Promocionales,fallback grupo histórico,MEDIUM,0,0,0.0,1
"""regalos tecnologicos""",Concordancia de frase,Promocionales,En pausa,En pausa,https://www.regalospremium.cl/,https://regalospremium.cl/,WWW_VARIANT,NO,USO_CAMPAÑA,,,Promocionales,fallback grupo histórico,MEDIUM,0,0,0.0,1
"""regalospremium.cl""",Concordancia de frase,Promocionales,En pausa,En pausa,https://www.regalospremium.cl/,https://regalospremium.cl/,WWW_VARIANT,NO,USO_CAMPAÑA,,,Promocionales,fallback grupo histórico,MEDIUM,0,0,0.0,1
"""souvenir corporativo""",Concordancia de frase,Promocionales,En pausa,En pausa,https://www.regalospremium.cl/,https://regalospremium.cl/,WWW_VARIANT,NO,USO_CAMPAÑA,,,Promocionales,fallback grupo histórico,MEDIUM,0,0,0.0,1
"""tazas empresariales""",Concordancia de frase,Promocionales,En pausa,En pausa,https://www.regalospremium.cl/,https://regalospremium.cl/,WWW_VARIANT,NO,PRODUCTO,Hogar y Bebidas,Mugs y Tazas,,keyword→objeto,HIGH,0,0,0.0,1
"""tazas publicitarias""",Concordancia de frase,Promocionales,En pausa,En pausa,https://www.regalospremium.cl/,https://regalospremium.cl/,WWW_VARIANT,NO,PRODUCTO,Hogar y Bebidas,Mugs y Tazas,,keyword→objeto,HIGH,0,0,0.0,1
"""tazones promocionales""",Concordancia de frase,Promocionales,En pausa,En pausa,https://www.regalospremium.cl/,https://regalospremium.cl/,WWW_VARIANT,NO,PRODUCTO,Hogar y Bebidas,Mugs y Tazas,,keyword→objeto,HIGH,0,0,0.0,1
"""usb personalizado""",Concordancia de frase,Promocionales,En pausa,En pausa,https://www.regalospremium.cl/,https://regalospremium.cl/,WWW_VARIANT,NO,USO_CAMPAÑA,,,Promocionales,fallback grupo histórico,MEDIUM,0,0,0.0,1
"""usb personalizados""",Concordancia de frase,Promocionales,En pausa,En pausa,https://www.regalospremium.cl/,https://regalospremium.cl/,WWW_VARIANT,NO,USO_CAMPAÑA,,,Promocionales,fallback grupo histórico,MEDIUM,0,0,0.0,1
"""usb promocionales""",Concordancia de frase,Promocionales,En pausa,En pausa,https://www.regalospremium.cl/,https://regalospremium.cl/,WWW_VARIANT,NO,USO_CAMPAÑA,,,Promocionales,fallback grupo histórico,MEDIUM,0,0,0.0,1
"""venta articulos promocionales""",Concordancia de frase,Promocionales,En pausa,En pausa,https://www.regalospremium.cl/,https://regalospremium.cl/,WWW_VARIANT,NO,USO_CAMPAÑA,,,Promocionales,fallback grupo histórico,MEDIUM,0,0,0.0,1
"""abanico brandeado""",Concordancia de frase,Regalos Publicitarios,En pausa,En pausa,,,EMPTY,NO,PRODUCTO,Promocionales,Abanicos,,keyword→objeto,HIGH,0,0,0.0,1
"""abanico con logo""",Concordancia de frase,Regalos Publicitarios,En pausa,En pausa,,,EMPTY,NO,PRODUCTO,Promocionales,Abanicos,,keyword→objeto,HIGH,0,0,0.0,1
"""abanico publicitario""",Concordancia de frase,Regalos Publicitarios,En pausa,En pausa,,,EMPTY,NO,PRODUCTO,Promocionales,Abanicos,,keyword→objeto,HIGH,0,0,0.0,1
"""abanicos publicitarios""",Concordancia de frase,Regalos Publicitarios,En pausa,En pausa,https://regalospremium.cl/,https://regalospremium.cl/,CURRENT_FORMAT,NO,PRODUCTO,Promocionales,Abanicos,,keyword→objeto,HIGH,0,0,0.0,1
"""accesorios corporativos""",Concordancia de frase,Regalos Publicitarios,En pausa,En pausa,https://www.regalospremium.cl/,https://regalospremium.cl/,WWW_VARIANT,NO,USO_CAMPAÑA,,,Regalos corporativos,fallback grupo histórico,MEDIUM,0,0,0.0,1
"""accesorios personalizados""",Concordancia de frase,Regalos Publicitarios,En pausa,En pausa,,,EMPTY,NO,USO_CAMPAÑA,,,Regalos corporativos,fallback grupo histórico,MEDIUM,0,0,0.0,1
"""accesorios publicitarios""",Concordancia de frase,Regalos Publicitarios,En pausa,En pausa,https://regalospremium.cl/,https://regalospremium.cl/,CURRENT_FORMAT,NO,USO_CAMPAÑA,,,Regalos corporativos,fallback grupo histórico,MEDIUM,0,0,0.0,1
"""accesorios vino""",Concordancia de frase,Regalos Publicitarios,En pausa,En pausa,https://regalospremium.cl/,https://regalospremium.cl/,CURRENT_FORMAT,NO,PRODUCTO,Hogar y Bebidas,Accesorios de Vino,,keyword→objeto,HIGH,0,0,0.0,1
"""agencia de marketing""",Concordancia de frase,Regalos Publicitarios,En pausa,En pausa,https://regalospremium.cl/,https://regalospremium.cl/,CURRENT_FORMAT,NO,USO_CAMPAÑA,,,Regalos corporativos,fallback grupo histórico,MEDIUM,0,0,0.0,1
"""agencia de marketing y publicidad""",Concordancia de frase,Regalos Publicitarios,En pausa,En pausa,https://regalospremium.cl/,https://regalospremium.cl/,CURRENT_FORMAT,NO,USO_CAMPAÑA,,,Regalos corporativos,fallback grupo histórico,MEDIUM,0,0,0.0,1
"""agencia de publicidad digital""",Concordancia de frase,Regalos Publicitarios,En pausa,En pausa,https://regalospremium.cl/,https://regalospremium.cl/,CURRENT_FORMAT,NO,USO_CAMPAÑA,,,Regalos corporativos,fallback grupo histórico,MEDIUM,0,0,0.0,1
"""agencia digital""",Concordancia de frase,Regalos Publicitarios,En pausa,En pausa,https://regalospremium.cl/,https://regalospremium.cl/,CURRENT_FORMAT,NO,USO_CAMPAÑA,,,Regalos corporativos,fallback grupo histórico,MEDIUM,0,0,0.0,1
"""agencia marketing""",Concordancia de frase,Regalos Publicitarios,En pausa,En pausa,https://regalospremium.cl/,https://regalospremium.cl/,CURRENT_FORMAT,NO,USO_CAMPAÑA,,,Regalos corporativos,fallback grupo histórico,MEDIUM,0,0,0.0,1
"""agencias de marketing""",Concordancia de frase,Regalos Publicitarios,En pausa,En pausa,https://regalospremium.cl/,https://regalospremium.cl/,CURRENT_FORMAT,NO,USO_CAMPAÑA,,,Regalos corporativos,fallback grupo histórico,MEDIUM,0,0,0.0,1
"""agenda ecologica""",Concordancia de frase,Regalos Publicitarios,En pausa,En pausa,https://regalospremium.cl/,https://regalospremium.cl/,CURRENT_FORMAT,NO,PRODUCTO,Oficina y Escritura,Libretas y Cuadernos,,keyword→objeto,HIGH,0,0,0.0,1
"""agendas ecologicas""",Concordancia de frase,Regalos Publicitarios,En pausa,En pausa,https://regalospremium.cl/,https://regalospremium.cl/,CURRENT_FORMAT,NO,PRODUCTO,Oficina y Escritura,Libretas y Cuadernos,,keyword→objeto,HIGH,0,0,0.0,1
"""agendas ecologicas personalizadas""",Concordancia de frase,Regalos Publicitarios,En pausa,En pausa,https://regalospremium.cl/,https://regalospremium.cl/,CURRENT_FORMAT,NO,PRODUCTO,Oficina y Escritura,Libretas y Cuadernos,,keyword→objeto,HIGH,0,0,0.0,1
"""anuncios publicitario""",Concordancia de frase,Regalos Publicitarios,En pausa,En pausa,,,EMPTY,NO,USO_CAMPAÑA,,,Regalos corporativos,fallback grupo histórico,MEDIUM,0,0,0.0,1
"""artículo promocional""",Concordancia de frase,Regalos Publicitarios,En pausa,En pausa,https://regalospremium.cl/,https://regalospremium.cl/,CURRENT_FORMAT,NO,USO_CAMPAÑA,,,Regalos corporativos,fallback grupo histórico,MEDIUM,0,0,0.0,1
"""articulo publicitario""",Concordancia de frase,Regalos Publicitarios,En pausa,En pausa,https://regalospremium.cl/,https://regalospremium.cl/,CURRENT_FORMAT,NO,USO_CAMPAÑA,,,Regalos corporativos,fallback grupo histórico,MEDIUM,0,0,0.0,1
"""articulo.mercadolibre.cl""",Concordancia de frase,Regalos Publicitarios,En pausa,En pausa,,,EMPTY,NO,USO_CAMPAÑA,,,Regalos corporativos,fallback grupo histórico,MEDIUM,0,0,0.0,1
"""articulos corporativos""",Concordancia de frase,Regalos Publicitarios,En pausa,En pausa,https://regalospremium.cl/,https://regalospremium.cl/,CURRENT_FORMAT,NO,USO_CAMPAÑA,,,Regalos corporativos,fallback grupo histórico,MEDIUM,0,0,0.0,1
"""articulos corporativos publicitarios""",Concordancia de frase,Regalos Publicitarios,En pausa,En pausa,https://www.regalospremium.cl/,https://regalospremium.cl/,WWW_VARIANT,NO,USO_CAMPAÑA,,,Regalos corporativos,fallback grupo histórico,MEDIUM,0,0,0.0,1
"""artículos de escritorio""",Concordancia de frase,Regalos Publicitarios,En pausa,En pausa,https://regalospremium.cl/,https://regalospremium.cl/,CURRENT_FORMAT,NO,USO_CAMPAÑA,,,Regalos corporativos,fallback grupo histórico,MEDIUM,0,0,0.0,1
"""articulos de merchandising""",Concordancia de frase,Regalos Publicitarios,En pausa,En pausa,https://regalospremium.cl/,https://regalospremium.cl/,CURRENT_FORMAT,NO,USO_CAMPAÑA,,,Regalos corporativos,fallback grupo histórico,MEDIUM,0,0,0.0,1
"""articulos de promocion""",Concordancia de frase,Regalos Publicitarios,En pausa,En pausa,https://regalospremium.cl/,https://regalospremium.cl/,CURRENT_FORMAT,NO,USO_CAMPAÑA,,,Regalos corporativos,fallback grupo histórico,MEDIUM,0,0,0.0,1
"""articulos de publicidad""",Concordancia de frase,Regalos Publicitarios,En pausa,En pausa,https://regalospremium.cl/,https://regalospremium.cl/,CURRENT_FORMAT,NO,USO_CAMPAÑA,,,Regalos corporativos,fallback grupo histórico,MEDIUM,0,0,0.0,1
"""artículos de publicidad""",Concordancia de frase,Regalos Publicitarios,En pausa,En pausa,https://regalospremium.cl/,https://regalospremium.cl/,CURRENT_FORMAT,NO,USO_CAMPAÑA,,,Regalos corporativos,fallback grupo histórico,MEDIUM,0,0,0.0,1
"""articulos de publicidad economicos""",Concordancia de frase,Regalos Publicitarios,En pausa,En pausa,https://regalospremium.cl/,https://regalospremium.cl/,CURRENT_FORMAT,NO,USO_CAMPAÑA,,,Regalos corporativos,fallback grupo histórico,MEDIUM,0,0,0.0,1
"""articulos de publicidad para empresas""",Concordancia de frase,Regalos Publicitarios,En pausa,En pausa,https://regalospremium.cl/,https://regalospremium.cl/,CURRENT_FORMAT,NO,USO_CAMPAÑA,,,Regalos corporativos,fallback grupo histórico,MEDIUM,0,0,0.0,1
"""Articulos de Publicidad Santiago""",Concordancia de frase,Regalos Publicitarios,En pausa,En pausa,https://regalospremium.cl/,https://regalospremium.cl/,CURRENT_FORMAT,NO,USO_CAMPAÑA,,,Regalos corporativos,fallback grupo histórico,MEDIUM,0,0,0.0,1
"""articulos de regalo""",Concordancia de frase,Regalos Publicitarios,En pausa,En pausa,https://regalospremium.cl/,https://regalospremium.cl/,CURRENT_FORMAT,NO,USO_CAMPAÑA,,,Regalos corporativos,fallback grupo histórico,MEDIUM,0,0,0.0,1
"""articulos de regalo originales""",Concordancia de frase,Regalos Publicitarios,En pausa,En pausa,https://regalospremium.cl/,https://regalospremium.cl/,CURRENT_FORMAT,NO,USO_CAMPAÑA,,,Regalos corporativos,fallback grupo histórico,MEDIUM,0,0,0.0,1
"""articulos de regalo personalizados""",Concordancia de frase,Regalos Publicitarios,En pausa,En pausa,https://www.regalospremium.cl/,https://regalospremium.cl/,WWW_VARIANT,NO,USO_CAMPAÑA,,,Regalos corporativos,fallback grupo histórico,MEDIUM,0,0,0.0,1
"""articulos de sublimacion""",Concordancia de frase,Regalos Publicitarios,En pausa,En pausa,https://regalospremium.cl/,https://regalospremium.cl/,CURRENT_FORMAT,NO,USO_CAMPAÑA,,,Regalos corporativos,fallback grupo histórico,MEDIUM,0,0,0.0,1
"""articulos de terraza""",Concordancia de frase,Regalos Publicitarios,En pausa,En pausa,https://regalospremium.cl/,https://regalospremium.cl/,CURRENT_FORMAT,NO,USO_CAMPAÑA,,,Regalos corporativos,fallback grupo histórico,MEDIUM,0,0,0.0,1
"""artículos escolares""",Concordancia de frase,Regalos Publicitarios,En pausa,En pausa,https://regalospremium.cl/,https://regalospremium.cl/,CURRENT_FORMAT,NO,USO_CAMPAÑA,,,Regalos corporativos,fallback grupo histórico,MEDIUM,0,0,0.0,1
"""articulos escolares""",Concordancia de frase,Regalos Publicitarios,En pausa,En pausa,,,EMPTY,NO,USO_CAMPAÑA,,,Regalos corporativos,fallback grupo histórico,MEDIUM,0,0,0.0,1
"""articulos para empresas""",Concordancia de frase,Regalos Publicitarios,En pausa,En pausa,https://regalospremium.cl/,https://regalospremium.cl/,CURRENT_FORMAT,NO,USO_CAMPAÑA,,,Regalos corporativos,fallback grupo histórico,MEDIUM,0,0,0.0,1
"""articulos para personalizar""",Concordancia de frase,Regalos Publicitarios,En pausa,En pausa,https://regalospremium.cl/,https://regalospremium.cl/,CURRENT_FORMAT,NO,USO_CAMPAÑA,,,Regalos corporativos,fallback grupo histórico,MEDIUM,0,0,0.0,1
"""articulos para publicidad""",Concordancia de frase,Regalos Publicitarios,En pausa,En pausa,https://regalospremium.cl/,https://regalospremium.cl/,CURRENT_FORMAT,NO,USO_CAMPAÑA,,,Regalos corporativos,fallback grupo histórico,MEDIUM,0,0,0.0,1
"""artículos para publicidad""",Concordancia de frase,Regalos Publicitarios,En pausa,En pausa,https://regalospremium.cl/,https://regalospremium.cl/,CURRENT_FORMAT,NO,USO_CAMPAÑA,,,Regalos corporativos,fallback grupo histórico,MEDIUM,0,0,0.0,1
"""articulos para publicidad empresas""",Concordancia de frase,Regalos Publicitarios,En pausa,En pausa,https://regalospremium.cl/,https://regalospremium.cl/,CURRENT_FORMAT,NO,USO_CAMPAÑA,,,Regalos corporativos,fallback grupo histórico,MEDIUM,0,0,0.0,1
"""articulos para sublimacion""",Concordancia de frase,Regalos Publicitarios,En pausa,En pausa,https://regalospremium.cl/,https://regalospremium.cl/,CURRENT_FORMAT,NO,USO_CAMPAÑA,,,Regalos corporativos,fallback grupo histórico,MEDIUM,0,0,0.0,1
"""articulos parrilleros""",Concordancia de frase,Regalos Publicitarios,En pausa,En pausa,https://regalospremium.cl/,https://regalospremium.cl/,CURRENT_FORMAT,NO,USO_CAMPAÑA,,,Regalos corporativos,fallback grupo histórico,MEDIUM,0,0,0.0,1
"""artículos personalizados""",Concordancia de frase,Regalos Publicitarios,En pausa,En pausa,https://regalospremium.cl/,https://regalospremium.cl/,CURRENT_FORMAT,NO,USO_CAMPAÑA,,,Regalos corporativos,fallback grupo histórico,MEDIUM,0,0,0.0,1
"""articulos personalizados""",Concordancia de frase,Regalos Publicitarios,En pausa,En pausa,https://regalospremium.cl/,https://regalospremium.cl/,CURRENT_FORMAT,NO,USO_CAMPAÑA,,,Regalos corporativos,fallback grupo histórico,MEDIUM,0,0,0.0,1
"""articulos personalizados para empresas""",Concordancia de frase,Regalos Publicitarios,En pausa,En pausa,https://regalospremium.cl/,https://regalospremium.cl/,CURRENT_FORMAT,NO,USO_CAMPAÑA,,,Regalos corporativos,fallback grupo histórico,MEDIUM,0,0,0.0,1
"""artículos promocionales""",Concordancia de frase,Regalos Publicitarios,En pausa,En pausa,https://regalospremium.cl/,https://regalospremium.cl/,CURRENT_FORMAT,NO,USO_CAMPAÑA,,,Regalos corporativos,fallback grupo histórico,MEDIUM,0,0,0.0,1
"""articulos promocionales""",Concordancia de frase,Regalos Publicitarios,En pausa,En pausa,https://regalospremium.cl/,https://regalospremium.cl/,CURRENT_FORMAT,NO,USO_CAMPAÑA,,,Regalos corporativos,fallback grupo histórico,MEDIUM,0,0,0.0,1
"""articulos promocionales ecologicos""",Concordancia de frase,Regalos Publicitarios,En pausa,En pausa,https://regalospremium.cl/,https://regalospremium.cl/,CURRENT_FORMAT,NO,USO_CAMPAÑA,,,Regalos corporativos,fallback grupo histórico,MEDIUM,0,0,0.0,1
"""articulos promocionales para empresas""",Concordancia de frase,Regalos Publicitarios,En pausa,En pausa,https://regalospremium.cl/,https://regalospremium.cl/,CURRENT_FORMAT,NO,USO_CAMPAÑA,,,Regalos corporativos,fallback grupo histórico,MEDIUM,0,0,0.0,1
"""articulos promocionales personalizados""",Concordancia de frase,Regalos Publicitarios,En pausa,En pausa,https://regalospremium.cl/,https://regalospremium.cl/,CURRENT_FORMAT,NO,USO_CAMPAÑA,,,Regalos corporativos,fallback grupo histórico,MEDIUM,0,0,0.0,1
"""articulos promocionales publicidad""",Concordancia de frase,Regalos Publicitarios,En pausa,En pausa,https://regalospremium.cl/,https://regalospremium.cl/,CURRENT_FORMAT,NO,USO_CAMPAÑA,,,Regalos corporativos,fallback grupo histórico,MEDIUM,0,0,0.0,1
"""articulos publicidad""",Concordancia de frase,Regalos Publicitarios,En pausa,En pausa,https://regalospremium.cl/,https://regalospremium.cl/,CURRENT_FORMAT,NO,USO_CAMPAÑA,,,Regalos corporativos,fallback grupo histórico,MEDIUM,0,0,0.0,1
"""articulos publicidad baratos""",Concordancia de frase,Regalos Publicitarios,En pausa,En pausa,https://regalospremium.cl/,https://regalospremium.cl/,CURRENT_FORMAT,NO,USO_CAMPAÑA,,,Regalos corporativos,fallback grupo histórico,MEDIUM,0,0,0.0,1
"""articulos publicidad empresas""",Concordancia de frase,Regalos Publicitarios,En pausa,En pausa,https://regalospremium.cl/,https://regalospremium.cl/,CURRENT_FORMAT,NO,USO_CAMPAÑA,,,Regalos corporativos,fallback grupo histórico,MEDIUM,0,0,0.0,1
"""articulos publicitario""",Concordancia de frase,Regalos Publicitarios,En pausa,En pausa,https://regalospremium.cl/,https://regalospremium.cl/,CURRENT_FORMAT,NO,USO_CAMPAÑA,,,Regalos corporativos,fallback grupo histórico,MEDIUM,0,0,0.0,1
"""articulos publicitarios""",Concordancia de frase,Regalos Publicitarios,En pausa,En pausa,https://regalospremium.cl/,https://regalospremium.cl/,CURRENT_FORMAT,NO,USO_CAMPAÑA,,,Regalos corporativos,fallback grupo histórico,MEDIUM,0,0,0.0,1
"""artículos publicitarios""",Concordancia de frase,Regalos Publicitarios,En pausa,En pausa,https://regalospremium.cl/,https://regalospremium.cl/,CURRENT_FORMAT,NO,USO_CAMPAÑA,,,Regalos corporativos,fallback grupo histórico,MEDIUM,0,0,0.0,1
"""articulos publicitarios chile""",Concordancia de frase,Regalos Publicitarios,En pausa,En pausa,https://www.regalospremium.cl/,https://regalospremium.cl/,WWW_VARIANT,NO,USO_CAMPAÑA,,,Regalos corporativos,fallback grupo histórico,MEDIUM,0,0,0.0,1
"""articulos publicitarios ecologicos""",Concordancia de frase,Regalos Publicitarios,En pausa,En pausa,https://regalospremium.cl/,https://regalospremium.cl/,CURRENT_FORMAT,NO,USO_CAMPAÑA,,,Regalos corporativos,fallback grupo histórico,MEDIUM,0,0,0.0,1
"""articulos publicitarios para empresas""",Concordancia de frase,Regalos Publicitarios,En pausa,En pausa,https://regalospremium.cl/,https://regalospremium.cl/,CURRENT_FORMAT,NO,USO_CAMPAÑA,,,Regalos corporativos,fallback grupo histórico,MEDIUM,0,0,0.0,1
"""artículos publicitarios para empresas""",Concordancia de frase,Regalos Publicitarios,En pausa,En pausa,https://regalospremium.cl/,https://regalospremium.cl/,CURRENT_FORMAT,NO,USO_CAMPAÑA,,,Regalos corporativos,fallback grupo histórico,MEDIUM,0,0,0.0,1
"""artículos publicitarios personalizados""",Concordancia de frase,Regalos Publicitarios,En pausa,En pausa,https://regalospremium.cl/,https://regalospremium.cl/,CURRENT_FORMAT,NO,USO_CAMPAÑA,,,Regalos corporativos,fallback grupo histórico,MEDIUM,0,0,0.0,1
"""articulos publicitarios personalizados""",Concordancia de frase,Regalos Publicitarios,En pausa,En pausa,https://regalospremium.cl/,https://regalospremium.cl/,CURRENT_FORMAT,NO,USO_CAMPAÑA,,,Regalos corporativos,fallback grupo histórico,MEDIUM,0,0,0.0,1
"""articulos regalo empresa""",Concordancia de frase,Regalos Publicitarios,En pausa,En pausa,https://regalospremium.cl/,https://regalospremium.cl/,CURRENT_FORMAT,NO,USO_CAMPAÑA,,,Regalos corporativos,fallback grupo histórico,MEDIUM,0,0,0.0,1
"""articulos sublimacion""",Concordancia de frase,Regalos Publicitarios,En pausa,En pausa,https://regalospremium.cl/,https://regalospremium.cl/,CURRENT_FORMAT,NO,USO_CAMPAÑA,,,Regalos corporativos,fallback grupo histórico,MEDIUM,0,0,0.0,1
"""boligrafo corporativo chile""",Concordancia de frase,Regalos Publicitarios,En pausa,En pausa,https://www.regalospremium.cl/,https://regalospremium.cl/,WWW_VARIANT,NO,PRODUCTO,Oficina y Escritura,Lápices y Bolígrafos,,keyword→objeto,HIGH,0,0,0.0,1
"""boligrafo personalizado""",Concordancia de frase,Regalos Publicitarios,En pausa,En pausa,https://www.regalospremium.cl/,https://regalospremium.cl/,WWW_VARIANT,NO,PRODUCTO,Oficina y Escritura,Lápices y Bolígrafos,,keyword→objeto,HIGH,0,0,0.0,1
"""boligrafos personalizados""",Concordancia de frase,Regalos Publicitarios,En pausa,En pausa,https://www.regalospremium.cl/,https://regalospremium.cl/,WWW_VARIANT,NO,PRODUCTO,Oficina y Escritura,Lápices y Bolígrafos,,keyword→objeto,HIGH,0,0,0.0,1
"""boligrafos promocionales""",Concordancia de frase,Regalos Publicitarios,En pausa,En pausa,https://regalospremium.cl/,https://regalospremium.cl/,CURRENT_FORMAT,NO,PRODUCTO,Oficina y Escritura,Lápices y Bolígrafos,,keyword→objeto,HIGH,0,0,0.0,1
"""boligrafos publicitarios""",Concordancia de frase,Regalos Publicitarios,En pausa,En pausa,https://regalospremium.cl/,https://regalospremium.cl/,CURRENT_FORMAT,NO,PRODUCTO,Oficina y Escritura,Lápices y Bolígrafos,,keyword→objeto,HIGH,0,0,0.0,1
"""bolsas para merchandising""",Concordancia de frase,Regalos Publicitarios,En pausa,En pausa,https://www.regalospremium.cl/,https://regalospremium.cl/,WWW_VARIANT,NO,PRODUCTO,Bolsos y Viaje,Bolsas,,keyword→objeto,HIGH,0,0,0.0,1
"""bolsas promocionales""",Concordancia de frase,Regalos Publicitarios,En pausa,En pausa,https://www.regalospremium.cl/,https://regalospremium.cl/,WWW_VARIANT,NO,PRODUCTO,Bolsos y Viaje,Bolsas,,keyword→objeto,HIGH,0,0,0.0,1
"""bolsas publicitarias viña""",Concordancia de frase,Regalos Publicitarios,En pausa,En pausa,https://www.regalospremium.cl/,https://regalospremium.cl/,WWW_VARIANT,NO,PRODUCTO,Bolsos y Viaje,Bolsas,,keyword→objeto,HIGH,0,0,0.0,1
"""bolsas tnt por mayor""",Concordancia de frase,Regalos Publicitarios,En pausa,En pausa,,,EMPTY,NO,PRODUCTO,Bolsos y Viaje,Bolsas,,keyword→objeto,HIGH,0,0,0.0,1
"""bolsaspublicitarias.cl""",Concordancia de frase,Regalos Publicitarios,En pausa,En pausa,https://regalospremium.cl/bolsas-publicitarias-con-logotipo/,https://regalospremium.cl/bolsas-publicitarias-con-logotipo/,CURRENT_FORMAT,NO,PRODUCTO,Bolsos y Viaje,Bolsas,,keyword→objeto,HIGH,0,0,0.0,1
"""bolsos ecologico con nombre""",Concordancia de frase,Regalos Publicitarios,En pausa,En pausa,https://www.regalospremium.cl/,https://regalospremium.cl/,WWW_VARIANT,NO,PRODUCTO,Bolsos y Viaje,Bolsos,,keyword→objeto,HIGH,0,0,0.0,1
"""bolsos publicitarios""",Concordancia de frase,Regalos Publicitarios,En pausa,En pausa,https://regalospremium.cl/,https://regalospremium.cl/,CURRENT_FORMAT,NO,PRODUCTO,Bolsos y Viaje,Bolsos,,keyword→objeto,HIGH,0,0,0.0,1
"""cajasdemarketing.com""",Concordancia de frase,Regalos Publicitarios,En pausa,En pausa,https://www.regalospremium.cl/,https://regalospremium.cl/,WWW_VARIANT,NO,USO_CAMPAÑA,,,Regalos corporativos,fallback grupo histórico,MEDIUM,0,0,0.0,1
"""caramayola publicitaria""",Concordancia de frase,Regalos Publicitarios,En pausa,En pausa,https://www.regalospremium.cl/,https://regalospremium.cl/,WWW_VARIANT,NO,USO_CAMPAÑA,,,Regalos corporativos,fallback grupo histórico,MEDIUM,0,0,0.0,1
"""caramayolas publicitarias""",Concordancia de frase,Regalos Publicitarios,En pausa,En pausa,https://www.regalospremium.cl/,https://regalospremium.cl/,WWW_VARIANT,NO,USO_CAMPAÑA,,,Regalos corporativos,fallback grupo histórico,MEDIUM,0,0,0.0,1
"""carpetas promocionales""",Concordancia de frase,Regalos Publicitarios,En pausa,En pausa,https://regalospremium.cl/,https://regalospremium.cl/,CURRENT_FORMAT,NO,PRODUCTO,Oficina y Escritura,Carpetas y Portafolios,,keyword→objeto,HIGH,0,0,0.0,1
"""chilepromo.cl""",Concordancia de frase,Regalos Publicitarios,En pausa,En pausa,,,EMPTY,NO,USO_CAMPAÑA,,,Regalos corporativos,fallback grupo histórico,MEDIUM,0,0,0.0,1
"""compra al por mayor""",Concordancia de frase,Regalos Publicitarios,En pausa,En pausa,,,EMPTY,NO,USO_CAMPAÑA,,,Regalos corporativos,fallback grupo histórico,MEDIUM,0,0,0.0,1
"""comprar regalos personalizados""",Concordancia de frase,Regalos Publicitarios,En pausa,En pausa,https://www.regalospremium.cl/,https://regalospremium.cl/,WWW_VARIANT,NO,USO_CAMPAÑA,,,Regalos corporativos,fallback grupo histórico,MEDIUM,0,0,0.0,1
"""delantal publicitario""",Concordancia de frase,Regalos Publicitarios,En pausa,En pausa,https://www.regalospremium.cl/,https://regalospremium.cl/,WWW_VARIANT,NO,PRODUCTO,Textil,Delantales,,keyword→objeto,HIGH,0,0,0.0,1
"""detalles para clientes""",Concordancia de frase,Regalos Publicitarios,En pausa,En pausa,https://www.regalospremium.cl/,https://regalospremium.cl/,WWW_VARIANT,NO,USO_CAMPAÑA,,,Regalos corporativos,fallback grupo histórico,MEDIUM,0,0,0.0,1
"""detalles para empresas""",Concordancia de frase,Regalos Publicitarios,En pausa,En pausa,https://www.regalospremium.cl/,https://regalospremium.cl/,WWW_VARIANT,NO,USO_CAMPAÑA,,,Regalos corporativos,fallback grupo histórico,MEDIUM,0,0,0.0,1
"""detalles y regalos""",Concordancia de frase,Regalos Publicitarios,En pausa,En pausa,,,EMPTY,NO,USO_CAMPAÑA,,,Regalos corporativos,fallback grupo histórico,MEDIUM,0,0,0.0,1
"""distranex.cl""",Concordancia de frase,Regalos Publicitarios,En pausa,En pausa,,,EMPTY,NO,USO_CAMPAÑA,,,Regalos corporativos,fallback grupo histórico,MEDIUM,0,0,0.0,1
"""empresa de marketing y publicidad""",Concordancia de frase,Regalos Publicitarios,En pausa,En pausa,https://regalospremium.cl/,https://regalospremium.cl/,CURRENT_FORMAT,NO,USO_CAMPAÑA,,,Regalos corporativos,fallback grupo histórico,MEDIUM,0,0,0.0,1
"""empresa de regalos""",Concordancia de frase,Regalos Publicitarios,En pausa,En pausa,https://www.regalospremium.cl/,https://regalospremium.cl/,WWW_VARIANT,NO,USO_CAMPAÑA,,,Regalos corporativos,fallback grupo histórico,MEDIUM,0,0,0.0,1
"""empresa marketing y publicidad""",Concordancia de frase,Regalos Publicitarios,En pausa,En pausa,https://regalospremium.cl/,https://regalospremium.cl/,CURRENT_FORMAT,NO,USO_CAMPAÑA,,,Regalos corporativos,fallback grupo histórico,MEDIUM,0,0,0.0,1
"""empresas de articulos publicitarios""",Concordancia de frase,Regalos Publicitarios,En pausa,En pausa,https://regalospremium.cl/,https://regalospremium.cl/,CURRENT_FORMAT,NO,USO_CAMPAÑA,,,Regalos corporativos,fallback grupo histórico,MEDIUM,0,0,0.0,1
"""empresas de merchandising chile""",Concordancia de frase,Regalos Publicitarios,En pausa,En pausa,https://www.regalospremium.cl/,https://regalospremium.cl/,WWW_VARIANT,NO,USO_CAMPAÑA,,,Regalos corporativos,fallback grupo histórico,MEDIUM,0,0,0.0,1
"""empresas de productos de regalo""",Concordancia de frase,Regalos Publicitarios,En pausa,En pausa,https://www.regalospremium.cl/,https://regalospremium.cl/,WWW_VARIANT,NO,USO_CAMPAÑA,,,Regalos corporativos,fallback grupo histórico,MEDIUM,0,0,0.0,1
"""empresas de productos personalizados""",Concordancia de frase,Regalos Publicitarios,En pausa,En pausa,https://www.regalospremium.cl/,https://regalospremium.cl/,WWW_VARIANT,NO,USO_CAMPAÑA,,,Regalos corporativos,fallback grupo histórico,MEDIUM,0,0,0.0,1
"""empresas de productos promocionales""",Concordancia de frase,Regalos Publicitarios,En pausa,En pausa,https://regalospremium.cl/,https://regalospremium.cl/,CURRENT_FORMAT,NO,USO_CAMPAÑA,,,Regalos corporativos,fallback grupo histórico,MEDIUM,0,0,0.0,1
"""empresas de regalos""",Concordancia de frase,Regalos Publicitarios,En pausa,En pausa,https://regalospremium.cl/,https://regalospremium.cl/,CURRENT_FORMAT,NO,USO_CAMPAÑA,,,Regalos corporativos,fallback grupo histórico,MEDIUM,0,0,0.0,1
"""empresas de regalos personalizados""",Concordancia de frase,Regalos Publicitarios,En pausa,En pausa,https://regalospremium.cl/,https://regalospremium.cl/,CURRENT_FORMAT,NO,USO_CAMPAÑA,,,Regalos corporativos,fallback grupo histórico,MEDIUM,0,0,0.0,1
"""empresas regalos corporativos""",Concordancia de frase,Regalos Publicitarios,En pausa,En pausa,https://www.regalospremium.cl/,https://regalospremium.cl/,WWW_VARIANT,NO,USO_CAMPAÑA,,,Regalos corporativos,fallback grupo histórico,MEDIUM,0,0,0.0,1
"""fosforos publicitarios por mayor en chile""",Concordancia de frase,Regalos Publicitarios,En pausa,En pausa,https://www.regalospremium.cl/,https://regalospremium.cl/,WWW_VARIANT,NO,USO_CAMPAÑA,,,Regalos corporativos,fallback grupo histórico,MEDIUM,0,0,0.0,1
"""gorras promocionales""",Concordancia de frase,Regalos Publicitarios,En pausa,En pausa,https://regalospremium.cl/,https://regalospremium.cl/,CURRENT_FORMAT,NO,PRODUCTO,Textil,Gorras y Sombreros,,keyword→objeto,HIGH,0,0,0.0,1
"""ideas promocionales""",Concordancia de frase,Regalos Publicitarios,En pausa,En pausa,https://www.regalospremium.cl/,https://regalospremium.cl/,WWW_VARIANT,NO,USO_CAMPAÑA,,,Regalos corporativos,fallback grupo histórico,MEDIUM,0,0,0.0,1
"""insumos publicitarios chile""",Concordancia de frase,Regalos Publicitarios,En pausa,En pausa,https://www.regalospremium.cl/,https://regalospremium.cl/,WWW_VARIANT,NO,USO_CAMPAÑA,,,Regalos corporativos,fallback grupo histórico,MEDIUM,0,0,0.0,1
"""jaraprint.cl""",Concordancia de frase,Regalos Publicitarios,En pausa,En pausa,https://www.regalospremium.cl/,https://regalospremium.cl/,WWW_VARIANT,NO,USO_CAMPAÑA,,,Regalos corporativos,fallback grupo histórico,MEDIUM,0,0,0.0,1
"""la publicidad""",Concordancia de frase,Regalos Publicitarios,En pausa,En pausa,,,EMPTY,NO,USO_CAMPAÑA,,,Regalos corporativos,fallback grupo histórico,MEDIUM,0,0,0.0,1
"""lapicera personalizada""",Concordancia de frase,Regalos Publicitarios,En pausa,En pausa,https://www.regalospremium.cl/,https://regalospremium.cl/,WWW_VARIANT,NO,USO_CAMPAÑA,,,Regalos corporativos,fallback grupo histórico,MEDIUM,0,0,0.0,1
"""lapiceros merchandising chile""",Concordancia de frase,Regalos Publicitarios,En pausa,En pausa,https://www.regalospremium.cl/,https://regalospremium.cl/,WWW_VARIANT,NO,USO_CAMPAÑA,,,Regalos corporativos,fallback grupo histórico,MEDIUM,0,0,0.0,1
"""lapiceros personalizados""",Concordancia de frase,Regalos Publicitarios,En pausa,En pausa,https://www.regalospremium.cl/,https://regalospremium.cl/,WWW_VARIANT,NO,USO_CAMPAÑA,,,Regalos corporativos,fallback grupo histórico,MEDIUM,0,0,0.0,1
"""lapices con caja ecologicos""",Concordancia de frase,Regalos Publicitarios,En pausa,En pausa,https://www.regalospremium.cl/,https://regalospremium.cl/,WWW_VARIANT,NO,PRODUCTO,Oficina y Escritura,Lápices y Bolígrafos,,keyword→objeto,HIGH,0,0,0.0,1
"""lapices con logo""",Concordancia de frase,Regalos Publicitarios,En pausa,En pausa,https://www.regalospremium.cl/,https://regalospremium.cl/,WWW_VARIANT,NO,PRODUCTO,Oficina y Escritura,Lápices y Bolígrafos,,keyword→objeto,HIGH,0,0,0.0,1
"""lapices corporativos""",Concordancia de frase,Regalos Publicitarios,En pausa,En pausa,https://www.regalospremium.cl/,https://regalospremium.cl/,WWW_VARIANT,NO,PRODUCTO,Oficina y Escritura,Lápices y Bolígrafos,,keyword→objeto,HIGH,0,0,0.0,1
"""lápices corporativosprecios""",Concordancia de frase,Regalos Publicitarios,En pausa,En pausa,https://www.regalospremium.cl/,https://regalospremium.cl/,WWW_VARIANT,NO,PRODUCTO,Oficina y Escritura,Lápices y Bolígrafos,,keyword→objeto,HIGH,0,0,0.0,1
"""lapices de madera es ecologica""",Concordancia de frase,Regalos Publicitarios,En pausa,En pausa,https://www.regalospremium.cl/,https://regalospremium.cl/,WWW_VARIANT,NO,PRODUCTO,Oficina y Escritura,Lápices y Bolígrafos,,keyword→objeto,HIGH,0,0,0.0,1
"""lápices ecológicos""",Concordancia de frase,Regalos Publicitarios,En pausa,En pausa,https://www.regalospremium.cl/,https://regalospremium.cl/,WWW_VARIANT,NO,PRODUCTO,Oficina y Escritura,Lápices y Bolígrafos,,keyword→objeto,HIGH,0,0,0.0,1
"""lapices ecologicos""",Concordancia de frase,Regalos Publicitarios,En pausa,En pausa,https://www.regalospremium.cl/,https://regalospremium.cl/,WWW_VARIANT,NO,PRODUCTO,Oficina y Escritura,Lápices y Bolígrafos,,keyword→objeto,HIGH,0,0,0.0,1
"""lapices ecologicos con logo""",Concordancia de frase,Regalos Publicitarios,En pausa,En pausa,https://www.regalospremium.cl/,https://regalospremium.cl/,WWW_VARIANT,NO,PRODUCTO,Oficina y Escritura,Lápices y Bolígrafos,,keyword→objeto,HIGH,0,0,0.0,1
"""lapices ecologicos publicitarios""",Concordancia de frase,Regalos Publicitarios,En pausa,En pausa,https://www.regalospremium.cl/,https://regalospremium.cl/,WWW_VARIANT,NO,PRODUCTO,Oficina y Escritura,Lápices y Bolígrafos,,keyword→objeto,HIGH,0,0,0.0,1
"""lapices empresa""",Concordancia de frase,Regalos Publicitarios,En pausa,En pausa,https://www.regalospremium.cl/,https://regalospremium.cl/,WWW_VARIANT,NO,PRODUCTO,Oficina y Escritura,Lápices y Bolígrafos,,keyword→objeto,HIGH,0,0,0.0,1
"""lapices para empresas""",Concordancia de frase,Regalos Publicitarios,En pausa,En pausa,https://www.regalospremium.cl/,https://regalospremium.cl/,WWW_VARIANT,NO,PRODUCTO,Oficina y Escritura,Lápices y Bolígrafos,,keyword→objeto,HIGH,0,0,0.0,1
"""lapices para empresass""",Concordancia de frase,Regalos Publicitarios,En pausa,En pausa,https://www.regalospremium.cl/,https://regalospremium.cl/,WWW_VARIANT,NO,PRODUCTO,Oficina y Escritura,Lápices y Bolígrafos,,keyword→objeto,HIGH,0,0,0.0,1
"""lapices promocionales""",Concordancia de frase,Regalos Publicitarios,En pausa,En pausa,https://regalospremium.cl/,https://regalospremium.cl/,CURRENT_FORMAT,NO,PRODUCTO,Oficina y Escritura,Lápices y Bolígrafos,,keyword→objeto,HIGH,0,0,0.0,1
"""lapiz biodegradable""",Concordancia de frase,Regalos Publicitarios,En pausa,En pausa,,,EMPTY,NO,PRODUCTO,Oficina y Escritura,Lápices y Bolígrafos,,keyword→objeto,HIGH,0,0,0.0,1
"""lapiz con destacador""",Concordancia de frase,Regalos Publicitarios,En pausa,En pausa,https://www.regalospremium.cl/,https://regalospremium.cl/,WWW_VARIANT,NO,PRODUCTO,Oficina y Escritura,Lápices y Bolígrafos,,keyword→objeto,HIGH,0,0,0.0,1
"""lapiz de regalo""",Concordancia de frase,Regalos Publicitarios,En pausa,En pausa,https://regalospremium.cl/,https://regalospremium.cl/,CURRENT_FORMAT,NO,PRODUCTO,Oficina y Escritura,Lápices y Bolígrafos,,keyword→objeto,HIGH,0,0,0.0,1
"""lapiz ecologico""",Concordancia de frase,Regalos Publicitarios,En pausa,En pausa,https://regalospremium.cl/,https://regalospremium.cl/,CURRENT_FORMAT,NO,PRODUCTO,Oficina y Escritura,Lápices y Bolígrafos,,keyword→objeto,HIGH,0,0,0.0,1
"""libretas ecologicas precio""",Concordancia de frase,Regalos Publicitarios,En pausa,En pausa,https://www.regalospremium.cl/,https://regalospremium.cl/,WWW_VARIANT,NO,PRODUCTO,Oficina y Escritura,Libretas y Cuadernos,,keyword→objeto,HIGH,0,0,0.0,1
"""linterna led llavero""",Concordancia de frase,Regalos Publicitarios,En pausa,En pausa,https://regalospremium.cl/,https://regalospremium.cl/,CURRENT_FORMAT,NO,PRODUCTO,Tecnología,Linternas,,keyword→objeto,HIGH,0,0,0.0,1
"""listado.mercadolibre.cl""",Concordancia de frase,Regalos Publicitarios,En pausa,En pausa,https://www.regalospremium.cl/,https://regalospremium.cl/,WWW_VARIANT,NO,USO_CAMPAÑA,,,Regalos corporativos,fallback grupo histórico,MEDIUM,0,0,0.0,1
"""llaveros corporativos""",Concordancia de frase,Regalos Publicitarios,En pausa,En pausa,https://regalospremium.cl/,https://regalospremium.cl/,CURRENT_FORMAT,NO,PRODUCTO,Promocionales,Llaveros,,keyword→objeto,HIGH,0,0,0.0,1
"""llaveros de publicidad""",Concordancia de frase,Regalos Publicitarios,En pausa,En pausa,https://regalospremium.cl/,https://regalospremium.cl/,CURRENT_FORMAT,NO,PRODUCTO,Promocionales,Llaveros,,keyword→objeto,HIGH,0,0,0.0,1
"""llaveros metalicos grabados""",Concordancia de frase,Regalos Publicitarios,En pausa,En pausa,https://regalospremium.cl/,https://regalospremium.cl/,CURRENT_FORMAT,NO,PRODUCTO,Promocionales,Llaveros,,keyword→objeto,HIGH,0,0,0.0,1
"""llaveros metalicos personalizados""",Concordancia de frase,Regalos Publicitarios,En pausa,En pausa,https://regalospremium.cl/,https://regalospremium.cl/,CURRENT_FORMAT,NO,PRODUCTO,Promocionales,Llaveros,,keyword→objeto,HIGH,0,0,0.0,1
"""llaveros personalizados""",Concordancia de frase,Regalos Publicitarios,En pausa,En pausa,https://regalospremium.cl/,https://regalospremium.cl/,CURRENT_FORMAT,NO,PRODUCTO,Promocionales,Llaveros,,keyword→objeto,HIGH,0,0,0.0,1
"""llaveros personalizados baratos""",Concordancia de frase,Regalos Publicitarios,En pausa,En pausa,https://regalospremium.cl/,https://regalospremium.cl/,CURRENT_FORMAT,NO,PRODUCTO,Promocionales,Llaveros,,keyword→objeto,HIGH,0,0,0.0,1
"""llaveros por mayor""",Concordancia de frase,Regalos Publicitarios,En pausa,En pausa,,,EMPTY,NO,PRODUCTO,Promocionales,Llaveros,,keyword→objeto,HIGH,0,0,0.0,1
"""llaveros promocionales""",Concordancia de frase,Regalos Publicitarios,En pausa,En pausa,https://regalospremium.cl/,https://regalospremium.cl/,CURRENT_FORMAT,NO,PRODUCTO,Promocionales,Llaveros,,keyword→objeto,HIGH,0,0,0.0,1
"""llaveros publicitarios""",Concordancia de frase,Regalos Publicitarios,En pausa,En pausa,https://regalospremium.cl/,https://regalospremium.cl/,CURRENT_FORMAT,NO,PRODUCTO,Promocionales,Llaveros,,keyword→objeto,HIGH,0,0,0.0,1
"""llaveros publicitarios de goma""",Concordancia de frase,Regalos Publicitarios,En pausa,En pausa,https://www.regalospremium.cl/,https://regalospremium.cl/,WWW_VARIANT,NO,PRODUCTO,Promocionales,Llaveros,,keyword→objeto,HIGH,0,0,0.0,1
"""magneticos publicitarios""",Concordancia de frase,Regalos Publicitarios,En pausa,En pausa,https://www.regalospremium.cl/,https://regalospremium.cl/,WWW_VARIANT,NO,PRODUCTO,Promocionales,Imanes,,keyword→objeto,HIGH,0,0,0.0,1
"""marketing empresa""",Concordancia de frase,Regalos Publicitarios,En pausa,En pausa,https://www.regalospremium.cl/,https://regalospremium.cl/,WWW_VARIANT,NO,USO_CAMPAÑA,,,Regalos corporativos,fallback grupo histórico,MEDIUM,0,0,0.0,1
"""marketing promocional""",Concordancia de frase,Regalos Publicitarios,En pausa,En pausa,https://regalospremium.cl/,https://regalospremium.cl/,CURRENT_FORMAT,NO,USO_CAMPAÑA,,,Regalos corporativos,fallback grupo histórico,MEDIUM,0,0,0.0,1
"""marketing publicidad""",Concordancia de frase,Regalos Publicitarios,En pausa,En pausa,https://regalospremium.cl/,https://regalospremium.cl/,CURRENT_FORMAT,NO,USO_CAMPAÑA,,,Regalos corporativos,fallback grupo histórico,MEDIUM,0,0,0.0,1
"""marketing publicitario""",Concordancia de frase,Regalos Publicitarios,En pausa,En pausa,https://www.regalospremium.cl/,https://regalospremium.cl/,WWW_VARIANT,NO,USO_CAMPAÑA,,,Regalos corporativos,fallback grupo histórico,MEDIUM,0,0,0.0,1
"""material publicitario chile""",Concordancia de frase,Regalos Publicitarios,En pausa,En pausa,https://www.regalospremium.cl/,https://regalospremium.cl/,WWW_VARIANT,NO,USO_CAMPAÑA,,,Regalos corporativos,fallback grupo histórico,MEDIUM,0,0,0.0,1
"""merchandisiding""",Concordancia de frase,Regalos Publicitarios,En pausa,En pausa,https://www.regalospremium.cl/,https://regalospremium.cl/,WWW_VARIANT,NO,USO_CAMPAÑA,,,Regalos corporativos,fallback grupo histórico,MEDIUM,0,0,0.0,1
"""merchandising barato""",Concordancia de frase,Regalos Publicitarios,En pausa,En pausa,https://www.regalospremium.cl/,https://regalospremium.cl/,WWW_VARIANT,NO,USO_CAMPAÑA,,,Regalos corporativos,fallback grupo histórico,MEDIUM,0,0,0.0,1
"""merchandising chile""",Concordancia de frase,Regalos Publicitarios,En pausa,En pausa,https://www.regalospremium.cl/,https://regalospremium.cl/,WWW_VARIANT,NO,USO_CAMPAÑA,,,Regalos corporativos,fallback grupo histórico,MEDIUM,0,0,0.0,1
"""merchandising corporativo""",Concordancia de frase,Regalos Publicitarios,En pausa,En pausa,https://regalospremium.cl/,https://regalospremium.cl/,CURRENT_FORMAT,NO,USO_CAMPAÑA,,,Regalos corporativos,fallback grupo histórico,MEDIUM,0,0,0.0,1
"""merchandising ecologico""",Concordancia de frase,Regalos Publicitarios,En pausa,En pausa,https://regalospremium.cl/,https://regalospremium.cl/,CURRENT_FORMAT,NO,USO_CAMPAÑA,,,Regalos corporativos,fallback grupo histórico,MEDIUM,0,0,0.0,1
"""merchandising empresarial""",Concordancia de frase,Regalos Publicitarios,En pausa,En pausa,https://regalospremium.cl/,https://regalospremium.cl/,CURRENT_FORMAT,NO,USO_CAMPAÑA,,,Regalos corporativos,fallback grupo histórico,MEDIUM,0,0,0.0,1
"""merchandising empresas""",Concordancia de frase,Regalos Publicitarios,En pausa,En pausa,https://regalospremium.cl/,https://regalospremium.cl/,CURRENT_FORMAT,NO,USO_CAMPAÑA,,,Regalos corporativos,fallback grupo histórico,MEDIUM,0,0,0.0,1
"""merchandising eventos""",Concordancia de frase,Regalos Publicitarios,En pausa,En pausa,https://www.regalospremium.cl/,https://regalospremium.cl/,WWW_VARIANT,NO,USO_CAMPAÑA,,,Regalos corporativos,fallback grupo histórico,MEDIUM,0,0,0.0,1
"""merchandising para empresas""",Concordancia de frase,Regalos Publicitarios,En pausa,En pausa,https://regalospremium.cl/,https://regalospremium.cl/,CURRENT_FORMAT,NO,USO_CAMPAÑA,,,Regalos corporativos,fallback grupo histórico,MEDIUM,0,0,0.0,1
"""merchandising para eventos""",Concordancia de frase,Regalos Publicitarios,En pausa,En pausa,https://www.regalospremium.cl/,https://regalospremium.cl/,WWW_VARIANT,NO,USO_CAMPAÑA,,,Regalos corporativos,fallback grupo histórico,MEDIUM,0,0,0.0,1
"""merchandising para publicidad""",Concordancia de frase,Regalos Publicitarios,En pausa,En pausa,https://regalospremium.cl/,https://regalospremium.cl/,CURRENT_FORMAT,NO,USO_CAMPAÑA,,,Regalos corporativos,fallback grupo histórico,MEDIUM,0,0,0.0,1
"""merchandising personalizado""",Concordancia de frase,Regalos Publicitarios,En pausa,En pausa,https://www.regalospremium.cl/,https://regalospremium.cl/,WWW_VARIANT,NO,USO_CAMPAÑA,,,Regalos corporativos,fallback grupo histórico,MEDIUM,0,0,0.0,1
"""merchandising promocional""",Concordancia de frase,Regalos Publicitarios,En pausa,En pausa,https://www.regalospremium.cl,https://regalospremium.cl/,WWW_VARIANT,NO,USO_CAMPAÑA,,,Regalos corporativos,fallback grupo histórico,MEDIUM,0,0,0.0,1
"""merchandising publicitario""",Concordancia de frase,Regalos Publicitarios,En pausa,En pausa,https://regalospremium.cl/,https://regalospremium.cl/,CURRENT_FORMAT,NO,USO_CAMPAÑA,,,Regalos corporativos,fallback grupo histórico,MEDIUM,0,0,0.0,1
"""merchandising regalos""",Concordancia de frase,Regalos Publicitarios,En pausa,En pausa,https://www.regalospremium.cl/,https://regalospremium.cl/,WWW_VARIANT,NO,USO_CAMPAÑA,,,Regalos corporativos,fallback grupo histórico,MEDIUM,0,0,0.0,1
"""mini linterna""",Concordancia de frase,Regalos Publicitarios,En pausa,En pausa,https://regalospremium.cl/,https://regalospremium.cl/,CURRENT_FORMAT,NO,PRODUCTO,Tecnología,Linternas,,keyword→objeto,HIGH,0,0,0.0,1
"""mochilas promocionales""",Concordancia de frase,Regalos Publicitarios,En pausa,En pausa,https://www.regalospremium.cl/,https://regalospremium.cl/,WWW_VARIANT,NO,PRODUCTO,Bolsos y Viaje,Mochilas,,keyword→objeto,HIGH,0,0,0.0,1
"""mug grabados por mayor""",Concordancia de frase,Regalos Publicitarios,En pausa,En pausa,https://www.regalospremium.cl/,https://regalospremium.cl/,WWW_VARIANT,NO,PRODUCTO,Hogar y Bebidas,Mugs y Tazas,,keyword→objeto,HIGH,0,0,0.0,1
"""objetos personalizados""",Concordancia de frase,Regalos Publicitarios,En pausa,En pausa,,,EMPTY,NO,USO_CAMPAÑA,,,Regalos corporativos,fallback grupo histórico,MEDIUM,0,0,0.0,1
"""obsequios corporativos""",Concordancia de frase,Regalos Publicitarios,En pausa,En pausa,https://www.regalospremium.cl/,https://regalospremium.cl/,WWW_VARIANT,NO,USO_CAMPAÑA,,,Regalos corporativos,fallback grupo histórico,MEDIUM,0,0,0.0,1
"""obsequios empresariales""",Concordancia de frase,Regalos Publicitarios,En pausa,En pausa,https://regalospremium.cl/,https://regalospremium.cl/,CURRENT_FORMAT,NO,USO_CAMPAÑA,,,Regalos corporativos,fallback grupo histórico,MEDIUM,0,0,0.0,1
"""obsequios personalizados""",Concordancia de frase,Regalos Publicitarios,En pausa,En pausa,https://www.regalospremium.cl/,https://regalospremium.cl/,WWW_VARIANT,NO,USO_CAMPAÑA,,,Regalos corporativos,fallback grupo histórico,MEDIUM,0,0,0.0,1
"""obsequios publicitarios""",Concordancia de frase,Regalos Publicitarios,En pausa,En pausa,https://regalospremium.cl/,https://regalospremium.cl/,CURRENT_FORMAT,NO,USO_CAMPAÑA,,,Regalos corporativos,fallback grupo histórico,MEDIUM,0,0,0.0,1
"""para regalos de empresa""",Concordancia de frase,Regalos Publicitarios,En pausa,En pausa,https://regalospremium.cl/,https://regalospremium.cl/,CURRENT_FORMAT,NO,USO_CAMPAÑA,,,Regalos corporativos,fallback grupo histórico,MEDIUM,0,0,0.0,1
"""paraguas empresa""",Concordancia de frase,Regalos Publicitarios,En pausa,En pausa,,,EMPTY,NO,PRODUCTO,Promocionales,Paraguas,,keyword→objeto,HIGH,0,0,0.0,1
"""paraguas promocionales""",Concordancia de frase,Regalos Publicitarios,En pausa,En pausa,,,EMPTY,NO,PRODUCTO,Promocionales,Paraguas,,keyword→objeto,HIGH,0,0,0.0,1
"""paraguas publicitarios""",Concordancia de frase,Regalos Publicitarios,En pausa,En pausa,https://regalospremium.cl/,https://regalospremium.cl/,CURRENT_FORMAT,NO,PRODUCTO,Promocionales,Paraguas,,keyword→objeto,HIGH,0,0,0.0,1
"""pendrive 8gb con logo""",Concordancia de frase,Regalos Publicitarios,En pausa,En pausa,https://www.regalospremium.cl/,https://regalospremium.cl/,WWW_VARIANT,NO,PRODUCTO,Tecnología,Pendrives,,keyword→objeto,HIGH,0,0,0.0,1
"""pendrive con logotipo""",Concordancia de frase,Regalos Publicitarios,En pausa,En pausa,https://www.regalospremium.cl/,https://regalospremium.cl/,WWW_VARIANT,NO,PRODUCTO,Tecnología,Pendrives,,keyword→objeto,HIGH,0,0,0.0,1
"""pendrive corporativos""",Concordancia de frase,Regalos Publicitarios,En pausa,En pausa,https://www.regalospremium.cl/,https://regalospremium.cl/,WWW_VARIANT,NO,PRODUCTO,Tecnología,Pendrives,,keyword→objeto,HIGH,0,0,0.0,1
"""pendrive promocional""",Concordancia de frase,Regalos Publicitarios,En pausa,En pausa,https://www.regalospremium.cl/,https://regalospremium.cl/,WWW_VARIANT,NO,PRODUCTO,Tecnología,Pendrives,,keyword→objeto,HIGH,0,0,0.0,1
"""pendrive publicitario""",Concordancia de frase,Regalos Publicitarios,En pausa,En pausa,https://www.regalospremium.cl/,https://regalospremium.cl/,WWW_VARIANT,NO,PRODUCTO,Tecnología,Pendrives,,keyword→objeto,HIGH,0,0,0.0,1
"""pendrives con logo""",Concordancia de frase,Regalos Publicitarios,En pausa,En pausa,https://www.regalospremium.cl/,https://regalospremium.cl/,WWW_VARIANT,NO,PRODUCTO,Tecnología,Pendrives,,keyword→objeto,HIGH,0,0,0.0,1
"""pendrives por mayor""",Concordancia de frase,Regalos Publicitarios,En pausa,En pausa,,,EMPTY,NO,PRODUCTO,Tecnología,Pendrives,,keyword→objeto,HIGH,0,0,0.0,1
"""por mayor""",Concordancia de frase,Regalos Publicitarios,En pausa,En pausa,,,EMPTY,NO,USO_CAMPAÑA,,,Regalos corporativos,fallback grupo histórico,MEDIUM,0,0,0.0,1
"""power bank regalospremium""",Concordancia de frase,Regalos Publicitarios,En pausa,En pausa,https://www.regalospremium.cl/,https://regalospremium.cl/,WWW_VARIANT,NO,PRODUCTO,Tecnología,Power Banks,,keyword→objeto,HIGH,0,0,0.0,1
"""productos corporativos""",Concordancia de frase,Regalos Publicitarios,En pausa,En pausa,https://www.regalospremium.cl/,https://regalospremium.cl/,WWW_VARIANT,NO,USO_CAMPAÑA,,,Regalos corporativos,fallback grupo histórico,MEDIUM,0,0,0.0,1
"""productos de merchandising""",Concordancia de frase,Regalos Publicitarios,En pausa,En pausa,https://www.regalospremium.cl/,https://regalospremium.cl/,WWW_VARIANT,NO,USO_CAMPAÑA,,,Regalos corporativos,fallback grupo histórico,MEDIUM,0,0,0.0,1
"""productos de publicidad""",Concordancia de frase,Regalos Publicitarios,En pausa,En pausa,https://regalospremium.cl/,https://regalospremium.cl/,CURRENT_FORMAT,NO,USO_CAMPAÑA,,,Regalos corporativos,fallback grupo histórico,MEDIUM,0,0,0.0,1
"""productos para personalizar""",Concordancia de frase,Regalos Publicitarios,En pausa,En pausa,https://regalospremium.cl/,https://regalospremium.cl/,CURRENT_FORMAT,NO,USO_CAMPAÑA,,,Regalos corporativos,fallback grupo histórico,MEDIUM,0,0,0.0,1
"""productos para publicidad""",Concordancia de frase,Regalos Publicitarios,En pausa,En pausa,https://regalospremium.cl/,https://regalospremium.cl/,CURRENT_FORMAT,NO,USO_CAMPAÑA,,,Regalos corporativos,fallback grupo histórico,MEDIUM,0,0,0.0,1
"""productos para sublimación""",Concordancia de frase,Regalos Publicitarios,En pausa,En pausa,https://regalospremium.cl/,https://regalospremium.cl/,CURRENT_FORMAT,NO,USO_CAMPAÑA,,,Regalos corporativos,fallback grupo histórico,MEDIUM,0,0,0.0,1
"""productos para sublimar""",Concordancia de frase,Regalos Publicitarios,En pausa,En pausa,,,EMPTY,NO,USO_CAMPAÑA,,,Regalos corporativos,fallback grupo histórico,MEDIUM,0,0,0.0,1
"""productos personalizados""",Concordancia de frase,Regalos Publicitarios,En pausa,En pausa,https://regalospremium.cl/,https://regalospremium.cl/,CURRENT_FORMAT,NO,USO_CAMPAÑA,,,Regalos corporativos,fallback grupo histórico,MEDIUM,0,0,0.0,1
"""productos personalizados empresa""",Concordancia de frase,Regalos Publicitarios,En pausa,En pausa,https://www.regalospremium.cl/,https://regalospremium.cl/,WWW_VARIANT,NO,USO_CAMPAÑA,,,Regalos corporativos,fallback grupo histórico,MEDIUM,0,0,0.0,1
"""productos personalizados para empresas""",Concordancia de frase,Regalos Publicitarios,En pausa,En pausa,https://www.regalospremium.cl/,https://regalospremium.cl/,WWW_VARIANT,NO,USO_CAMPAÑA,,,Regalos corporativos,fallback grupo histórico,MEDIUM,0,0,0.0,1
"""productos promocionales""",Concordancia de frase,Regalos Publicitarios,En pausa,En pausa,https://regalospremium.cl/,https://regalospremium.cl/,CURRENT_FORMAT,NO,USO_CAMPAÑA,,,Regalos corporativos,fallback grupo histórico,MEDIUM,0,0,0.0,1
"""productos promocionales ecologicos""",Concordancia de frase,Regalos Publicitarios,En pausa,En pausa,https://regalospremium.cl/,https://regalospremium.cl/,CURRENT_FORMAT,NO,USO_CAMPAÑA,,,Regalos corporativos,fallback grupo histórico,MEDIUM,0,0,0.0,1
"""productos promocionales para empresas""",Concordancia de frase,Regalos Publicitarios,En pausa,En pausa,https://regalospremium.cl/,https://regalospremium.cl/,CURRENT_FORMAT,NO,USO_CAMPAÑA,,,Regalos corporativos,fallback grupo histórico,MEDIUM,0,0,0.0,1
"""productos promocionales personalizados""",Concordancia de frase,Regalos Publicitarios,En pausa,En pausa,https://www.regalospremium.cl/,https://regalospremium.cl/,WWW_VARIANT,NO,USO_CAMPAÑA,,,Regalos corporativos,fallback grupo histórico,MEDIUM,0,0,0.0,1
"""productos publicitarios""",Concordancia de frase,Regalos Publicitarios,En pausa,En pausa,https://regalospremium.cl/,https://regalospremium.cl/,CURRENT_FORMAT,NO,USO_CAMPAÑA,,,Regalos corporativos,fallback grupo histórico,MEDIUM,0,0,0.0,1
"""productos publicitarios para empresas""",Concordancia de frase,Regalos Publicitarios,En pausa,En pausa,https://www.regalospremium.cl/,https://regalospremium.cl/,WWW_VARIANT,NO,USO_CAMPAÑA,,,Regalos corporativos,fallback grupo histórico,MEDIUM,0,0,0.0,1
"""productos publicitarios personalizados""",Concordancia de frase,Regalos Publicitarios,En pausa,En pausa,https://www.regalospremium.cl/,https://regalospremium.cl/,WWW_VARIANT,NO,USO_CAMPAÑA,,,Regalos corporativos,fallback grupo histórico,MEDIUM,0,0,0.0,1
"""productos publicitarios talca""",Concordancia de frase,Regalos Publicitarios,En pausa,En pausa,https://www.regalospremium.cl/,https://regalospremium.cl/,WWW_VARIANT,NO,USO_CAMPAÑA,,,Regalos corporativos,fallback grupo histórico,MEDIUM,0,0,0.0,1
productos relacionados,Concordancia amplia,Regalos Publicitarios,En pausa,En pausa,https://regalospremium.cl/,https://regalospremium.cl/,CURRENT_FORMAT,NO,USO_CAMPAÑA,,,Regalos corporativos,fallback grupo histórico,MEDIUM,0,0,0.0,1
"""productos sublimables""",Concordancia de frase,Regalos Publicitarios,En pausa,En pausa,,,EMPTY,NO,USO_CAMPAÑA,,,Regalos corporativos,fallback grupo histórico,MEDIUM,0,0,0.0,1
"""promocion marketing""",Concordancia de frase,Regalos Publicitarios,En pausa,En pausa,https://www.regalospremium.cl/,https://regalospremium.cl/,WWW_VARIANT,NO,USO_CAMPAÑA,,,Regalos corporativos,fallback grupo histórico,MEDIUM,0,0,0.0,1
"""promocional""",Concordancia de frase,Regalos Publicitarios,En pausa,En pausa,https://regalospremium.cl/,https://regalospremium.cl/,CURRENT_FORMAT,NO,USO_CAMPAÑA,,,Regalos corporativos,fallback grupo histórico,MEDIUM,0,0,0.0,1
"""promocionales""",Concordancia de frase,Regalos Publicitarios,En pausa,En pausa,https://regalospremium.cl/,https://regalospremium.cl/,CURRENT_FORMAT,NO,USO_CAMPAÑA,,,Regalos corporativos,fallback grupo histórico,MEDIUM,0,0,0.0,1
"""promocionales chile 2016""",Concordancia de frase,Regalos Publicitarios,En pausa,En pausa,https://www.regalospremium.cl/,https://regalospremium.cl/,WWW_VARIANT,NO,USO_CAMPAÑA,,,Regalos corporativos,fallback grupo histórico,MEDIUM,0,0,0.0,1
"""promocionales corporativos""",Concordancia de frase,Regalos Publicitarios,En pausa,En pausa,https://www.regalospremium.cl/,https://regalospremium.cl/,WWW_VARIANT,NO,USO_CAMPAÑA,,,Regalos corporativos,fallback grupo histórico,MEDIUM,0,0,0.0,1
"""promocionales ecologicos""",Concordancia de frase,Regalos Publicitarios,En pausa,En pausa,https://regalospremium.cl/,https://regalospremium.cl/,CURRENT_FORMAT,NO,USO_CAMPAÑA,,,Regalos corporativos,fallback grupo histórico,MEDIUM,0,0,0.0,1
"""promocionales para empresas""",Concordancia de frase,Regalos Publicitarios,En pausa,En pausa,https://regalospremium.cl/,https://regalospremium.cl/,CURRENT_FORMAT,NO,USO_CAMPAÑA,,,Regalos corporativos,fallback grupo histórico,MEDIUM,0,0,0.0,1
"""promocionales personalizados""",Concordancia de frase,Regalos Publicitarios,En pausa,En pausa,https://regalospremium.cl/,https://regalospremium.cl/,CURRENT_FORMAT,NO,USO_CAMPAÑA,,,Regalos corporativos,fallback grupo histórico,MEDIUM,0,0,0.0,1
"""promocionales publicitarios""",Concordancia de frase,Regalos Publicitarios,En pausa,En pausa,https://regalospremium.cl/,https://regalospremium.cl/,CURRENT_FORMAT,NO,USO_CAMPAÑA,,,Regalos corporativos,fallback grupo histórico,MEDIUM,0,0,0.0,1
"""promocionales regalos""",Concordancia de frase,Regalos Publicitarios,En pausa,En pausa,https://regalospremium.cl/,https://regalospremium.cl/,CURRENT_FORMAT,NO,USO_CAMPAÑA,,,Regalos corporativos,fallback grupo histórico,MEDIUM,0,0,0.0,1
"""promocionales y publicidad""",Concordancia de frase,Regalos Publicitarios,En pausa,En pausa,https://www.regalospremium.cl/,https://regalospremium.cl/,WWW_VARIANT,NO,USO_CAMPAÑA,,,Regalos corporativos,fallback grupo histórico,MEDIUM,0,0,0.0,1
"""promocionales y regalos""",Concordancia de frase,Regalos Publicitarios,En pausa,En pausa,https://www.regalospremium.cl/,https://regalospremium.cl/,WWW_VARIANT,NO,USO_CAMPAÑA,,,Regalos corporativos,fallback grupo histórico,MEDIUM,0,0,0.0,1
"""promocionar tu marca""",Concordancia de frase,Regalos Publicitarios,En pausa,En pausa,https://regalospremium.cl/,https://regalospremium.cl/,CURRENT_FORMAT,NO,USO_CAMPAÑA,,,Regalos corporativos,fallback grupo histórico,MEDIUM,0,0,0.0,1
"""proveedor al por mayor""",Concordancia de frase,Regalos Publicitarios,En pausa,En pausa,,,EMPTY,NO,USO_CAMPAÑA,,,Regalos corporativos,fallback grupo histórico,MEDIUM,0,0,0.0,1
"""proveedor de productos promocionales""",Concordancia de frase,Regalos Publicitarios,En pausa,En pausa,https://regalospremium.cl/,https://regalospremium.cl/,CURRENT_FORMAT,NO,USO_CAMPAÑA,,,Regalos corporativos,fallback grupo histórico,MEDIUM,0,0,0.0,1
"""proveedores al mayor""",Concordancia de frase,Regalos Publicitarios,En pausa,En pausa,,,EMPTY,NO,USO_CAMPAÑA,,,Regalos corporativos,fallback grupo histórico,MEDIUM,0,0,0.0,1
"""proveedores merchandising""",Concordancia de frase,Regalos Publicitarios,En pausa,En pausa,https://www.regalospremium.cl/,https://regalospremium.cl/,WWW_VARIANT,NO,USO_CAMPAÑA,,,Regalos corporativos,fallback grupo histórico,MEDIUM,0,0,0.0,1
"""publicidad articulos promocionales""",Concordancia de frase,Regalos Publicitarios,En pausa,En pausa,https://regalospremium.cl/,https://regalospremium.cl/,CURRENT_FORMAT,NO,USO_CAMPAÑA,,,Regalos corporativos,fallback grupo histórico,MEDIUM,0,0,0.0,1
"""publicidad cafe""",Concordancia de frase,Regalos Publicitarios,En pausa,En pausa,https://regalospremium.cl/,https://regalospremium.cl/,CURRENT_FORMAT,NO,USO_CAMPAÑA,,,Regalos corporativos,fallback grupo histórico,MEDIUM,0,0,0.0,1
"""publicidad de regalos""",Concordancia de frase,Regalos Publicitarios,En pausa,En pausa,https://regalospremium.cl/,https://regalospremium.cl/,CURRENT_FORMAT,NO,USO_CAMPAÑA,,,Regalos corporativos,fallback grupo histórico,MEDIUM,0,0,0.0,1
"""publicidad en articulos promocionales""",Concordancia de frase,Regalos Publicitarios,En pausa,En pausa,https://regalospremium.cl/,https://regalospremium.cl/,CURRENT_FORMAT,NO,USO_CAMPAÑA,,,Regalos corporativos,fallback grupo histórico,MEDIUM,0,0,0.0,1
"""publicidad llaveros""",Concordancia de frase,Regalos Publicitarios,En pausa,En pausa,https://regalospremium.cl/,https://regalospremium.cl/,CURRENT_FORMAT,NO,PRODUCTO,Promocionales,Llaveros,,keyword→objeto,HIGH,0,0,0.0,1
"""publicidad productos""",Concordancia de frase,Regalos Publicitarios,En pausa,En pausa,https://regalospremium.cl/,https://regalospremium.cl/,CURRENT_FORMAT,NO,USO_CAMPAÑA,,,Regalos corporativos,fallback grupo histórico,MEDIUM,0,0,0.0,1
"""publicidad promocional""",Concordancia de frase,Regalos Publicitarios,En pausa,En pausa,https://regalospremium.cl/,https://regalospremium.cl/,CURRENT_FORMAT,NO,USO_CAMPAÑA,,,Regalos corporativos,fallback grupo histórico,MEDIUM,0,0,0.0,1
"""publicidad roller market""",Concordancia de frase,Regalos Publicitarios,En pausa,En pausa,https://regalospremium.cl/,https://regalospremium.cl/,CURRENT_FORMAT,NO,USO_CAMPAÑA,,,Regalos corporativos,fallback grupo histórico,MEDIUM,0,0,0.0,1
"""Publicidad y Marketing""",Concordancia de frase,Regalos Publicitarios,En pausa,En pausa,https://regalospremium.cl/,https://regalospremium.cl/,CURRENT_FORMAT,NO,USO_CAMPAÑA,,,Regalos corporativos,fallback grupo histórico,MEDIUM,0,0,0.0,1
"""publicitarias bolsas""",Concordancia de frase,Regalos Publicitarios,En pausa,En pausa,https://regalospremium.cl/,https://regalospremium.cl/,CURRENT_FORMAT,NO,PRODUCTO,Bolsos y Viaje,Bolsas,,keyword→objeto,HIGH,0,0,0.0,1
"""publicitario""",Concordancia de frase,Regalos Publicitarios,En pausa,En pausa,https://regalospremium.cl/,https://regalospremium.cl/,CURRENT_FORMAT,NO,USO_CAMPAÑA,,,Regalos corporativos,fallback grupo histórico,MEDIUM,0,0,0.0,1
"""publicitario chile""",Concordancia de frase,Regalos Publicitarios,En pausa,En pausa,https://www.regalospremium.cl/,https://regalospremium.cl/,WWW_VARIANT,NO,USO_CAMPAÑA,,,Regalos corporativos,fallback grupo histórico,MEDIUM,0,0,0.0,1
"""publicitario con""",Concordancia de frase,Regalos Publicitarios,En pausa,En pausa,https://regalospremium.cl/,https://regalospremium.cl/,CURRENT_FORMAT,NO,USO_CAMPAÑA,,,Regalos corporativos,fallback grupo histórico,MEDIUM,0,0,0.0,1
"""publicitarios""",Concordancia de frase,Regalos Publicitarios,En pausa,En pausa,https://regalospremium.cl/,https://regalospremium.cl/,CURRENT_FORMAT,NO,USO_CAMPAÑA,,,Regalos corporativos,fallback grupo histórico,MEDIUM,0,0,0.0,1
"""publicitarios chile""",Concordancia de frase,Regalos Publicitarios,En pausa,En pausa,https://www.regalospremium.cl/,https://regalospremium.cl/,WWW_VARIANT,NO,USO_CAMPAÑA,,,Regalos corporativos,fallback grupo histórico,MEDIUM,0,0,0.0,1
"""publicitarios llaveros""",Concordancia de frase,Regalos Publicitarios,En pausa,En pausa,https://regalospremium.cl/,https://regalospremium.cl/,CURRENT_FORMAT,NO,PRODUCTO,Promocionales,Llaveros,,keyword→objeto,HIGH,0,0,0.0,1
"""publicitarios para""",Concordancia de frase,Regalos Publicitarios,En pausa,En pausa,https://regalospremium.cl/,https://regalospremium.cl/,CURRENT_FORMAT,NO,USO_CAMPAÑA,,,Regalos corporativos,fallback grupo histórico,MEDIUM,0,0,0.0,1
"""publicitarios regalos""",Concordancia de frase,Regalos Publicitarios,En pausa,En pausa,https://regalospremium.cl/,https://regalospremium.cl/,CURRENT_FORMAT,NO,USO_CAMPAÑA,,,Regalos corporativos,fallback grupo histórico,MEDIUM,0,0,0.0,1
"""publicitarios regalos corporativos""",Concordancia de frase,Regalos Publicitarios,En pausa,En pausa,https://regalospremium.cl/,https://regalospremium.cl/,CURRENT_FORMAT,NO,USO_CAMPAÑA,,,Regalos corporativos,fallback grupo histórico,MEDIUM,0,0,0.0,1
"""publicitarios regalos promocionales""",Concordancia de frase,Regalos Publicitarios,En pausa,En pausa,https://regalospremium.cl/,https://regalospremium.cl/,CURRENT_FORMAT,NO,USO_CAMPAÑA,,,Regalos corporativos,fallback grupo histórico,MEDIUM,0,0,0.0,1
"""regala tu marca""",Concordancia de frase,Regalos Publicitarios,En pausa,En pausa,https://regalospremium.cl/,https://regalospremium.cl/,CURRENT_FORMAT,NO,USO_CAMPAÑA,,,Regalos corporativos,fallback grupo histórico,MEDIUM,0,0,0.0,1
"""regalo corporativo""",Concordancia de frase,Regalos Publicitarios,En pausa,En pausa,https://regalospremium.cl/,https://regalospremium.cl/,CURRENT_FORMAT,NO,USO_CAMPAÑA,,,Regalos corporativos,fallback grupo histórico,MEDIUM,0,0,0.0,1
"""regalo corporativo ideal""",Concordancia de frase,Regalos Publicitarios,En pausa,En pausa,https://regalospremium.cl/,https://regalospremium.cl/,CURRENT_FORMAT,NO,USO_CAMPAÑA,,,Regalos corporativos,fallback grupo histórico,MEDIUM,0,0,0.0,1
"""regalo corporativo ideal para""",Concordancia de frase,Regalos Publicitarios,En pausa,En pausa,https://regalospremium.cl/,https://regalospremium.cl/,CURRENT_FORMAT,NO,USO_CAMPAÑA,,,Regalos corporativos,fallback grupo histórico,MEDIUM,0,0,0.0,1
"""regalo corporativos""",Concordancia de frase,Regalos Publicitarios,En pausa,En pausa,https://www.regalospremium.cl/,https://regalospremium.cl/,WWW_VARIANT,NO,USO_CAMPAÑA,,,Regalos corporativos,fallback grupo histórico,MEDIUM,0,0,0.0,1
"""regalo de empresa barato""",Concordancia de frase,Regalos Publicitarios,En pausa,En pausa,https://www.regalospremium.cl/,https://regalospremium.cl/,WWW_VARIANT,NO,USO_CAMPAÑA,,,Regalos corporativos,fallback grupo histórico,MEDIUM,0,0,0.0,1
"""regalo ecologico""",Concordancia de frase,Regalos Publicitarios,En pausa,En pausa,https://regalospremium.cl/,https://regalospremium.cl/,CURRENT_FORMAT,NO,USO_CAMPAÑA,,,Regalos corporativos,fallback grupo histórico,MEDIUM,0,0,0.0,1
"""regalo empresa""",Concordancia de frase,Regalos Publicitarios,En pausa,En pausa,https://regalospremium.cl/,https://regalospremium.cl/,CURRENT_FORMAT,NO,USO_CAMPAÑA,,,Regalos corporativos,fallback grupo histórico,MEDIUM,0,0,0.0,1
"""regalo empresarial""",Concordancia de frase,Regalos Publicitarios,En pausa,En pausa,https://regalospremium.cl/,https://regalospremium.cl/,CURRENT_FORMAT,NO,USO_CAMPAÑA,,,Regalos corporativos,fallback grupo histórico,MEDIUM,0,0,0.0,1
"""regalo empresas""",Concordancia de frase,Regalos Publicitarios,En pausa,En pausa,https://regalospremium.cl/,https://regalospremium.cl/,CURRENT_FORMAT,NO,USO_CAMPAÑA,,,Regalos corporativos,fallback grupo histórico,MEDIUM,0,0,0.0,1
"""regalo escritorio""",Concordancia de frase,Regalos Publicitarios,En pausa,En pausa,https://regalospremium.cl/,https://regalospremium.cl/,CURRENT_FORMAT,NO,USO_CAMPAÑA,,,Regalos corporativos,fallback grupo histórico,MEDIUM,0,0,0.0,1
"""regalo para empresa""",Concordancia de frase,Regalos Publicitarios,En pausa,En pausa,https://www.regalospremium.cl/,https://regalospremium.cl/,WWW_VARIANT,NO,USO_CAMPAÑA,,,Regalos corporativos,fallback grupo histórico,MEDIUM,0,0,0.0,1
"""regalo para empresas""",Concordancia de frase,Regalos Publicitarios,En pausa,En pausa,https://regalospremium.cl/,https://regalospremium.cl/,CURRENT_FORMAT,NO,USO_CAMPAÑA,,,Regalos corporativos,fallback grupo histórico,MEDIUM,0,0,0.0,1
"""regalo personalizado""",Concordancia de frase,Regalos Publicitarios,En pausa,En pausa,https://regalospremium.cl/,https://regalospremium.cl/,CURRENT_FORMAT,NO,USO_CAMPAÑA,,,Regalos corporativos,fallback grupo histórico,MEDIUM,0,0,0.0,1
"""regalo promocional""",Concordancia de frase,Regalos Publicitarios,En pausa,En pausa,https://regalospremium.cl/,https://regalospremium.cl/,CURRENT_FORMAT,NO,USO_CAMPAÑA,,,Regalos corporativos,fallback grupo histórico,MEDIUM,0,0,0.0,1
"""regalo promocional barato""",Concordancia de frase,Regalos Publicitarios,En pausa,En pausa,https://www.regalospremium.cl/,https://regalospremium.cl/,WWW_VARIANT,NO,USO_CAMPAÑA,,,Regalos corporativos,fallback grupo histórico,MEDIUM,0,0,0.0,1
"""regalo promocional personalizado""",Concordancia de frase,Regalos Publicitarios,En pausa,En pausa,https://www.regalospremium.cl/,https://regalospremium.cl/,WWW_VARIANT,NO,USO_CAMPAÑA,,,Regalos corporativos,fallback grupo histórico,MEDIUM,0,0,0.0,1
"""regalo publicidad""",Concordancia de frase,Regalos Publicitarios,En pausa,En pausa,https://regalospremium.cl/,https://regalospremium.cl/,CURRENT_FORMAT,NO,USO_CAMPAÑA,,,Regalos corporativos,fallback grupo histórico,MEDIUM,0,0,0.0,1
"""regalo publicitario""",Concordancia de frase,Regalos Publicitarios,En pausa,En pausa,https://www.regalospremium.cl/,https://regalospremium.cl/,WWW_VARIANT,NO,USO_CAMPAÑA,,,Regalos corporativos,fallback grupo histórico,MEDIUM,0,0,0.0,1
"""regalo publicitarios""",Concordancia de frase,Regalos Publicitarios,En pausa,En pausa,https://regalospremium.cl/,https://regalospremium.cl/,CURRENT_FORMAT,NO,USO_CAMPAÑA,,,Regalos corporativos,fallback grupo histórico,MEDIUM,0,0,0.0,1
"""regalopublicitario""",Concordancia de frase,Regalos Publicitarios,En pausa,En pausa,https://regalospremium.cl/,https://regalospremium.cl/,CURRENT_FORMAT,NO,USO_CAMPAÑA,,,Regalos corporativos,fallback grupo histórico,MEDIUM,0,0,0.0,1
"""regalos""",Concordancia de frase,Regalos Publicitarios,En pausa,En pausa,https://regalospremium.cl/,https://regalospremium.cl/,CURRENT_FORMAT,NO,USO_CAMPAÑA,,,Regalos corporativos,fallback grupo histórico,MEDIUM,0,0,0.0,1
"""regalos chile""",Concordancia de frase,Regalos Publicitarios,En pausa,En pausa,https://regalospremium.cl/,https://regalospremium.cl/,CURRENT_FORMAT,NO,USO_CAMPAÑA,,,Regalos corporativos,fallback grupo histórico,MEDIUM,0,0,0.0,1
"""regalos con logo""",Concordancia de frase,Regalos Publicitarios,En pausa,En pausa,https://regalospremium.cl/,https://regalospremium.cl/,CURRENT_FORMAT,NO,USO_CAMPAÑA,,,Regalos corporativos,fallback grupo histórico,MEDIUM,0,0,0.0,1
"""regalos con logotipo""",Concordancia de frase,Regalos Publicitarios,En pausa,En pausa,https://www.regalospremium.cl/,https://regalospremium.cl/,WWW_VARIANT,NO,USO_CAMPAÑA,,,Regalos corporativos,fallback grupo histórico,MEDIUM,0,0,0.0,1
"""regalos corporativo""",Concordancia de frase,Regalos Publicitarios,En pausa,En pausa,https://www.regalospremium.cl/,https://regalospremium.cl/,WWW_VARIANT,NO,USO_CAMPAÑA,,,Regalos corporativos,fallback grupo histórico,MEDIUM,0,0,0.0,1
"""Regalos Corporativos""",Concordancia de frase,Regalos Publicitarios,En pausa,En pausa,https://regalospremium.cl/,https://regalospremium.cl/,CURRENT_FORMAT,NO,USO_CAMPAÑA,,,Regalos corporativos,fallback grupo histórico,MEDIUM,0,0,0.0,2
"""regalos corporativos chile""",Concordancia de frase,Regalos Publicitarios,En pausa,En pausa,https://regalospremium.cl/,https://regalospremium.cl/,CURRENT_FORMAT,NO,USO_CAMPAÑA,,,Regalos corporativos,fallback grupo histórico,MEDIUM,0,0,0.0,1
"""regalos corporativos ecologicos""",Concordancia de frase,Regalos Publicitarios,En pausa,En pausa,https://regalospremium.cl/,https://regalospremium.cl/,CURRENT_FORMAT,NO,USO_CAMPAÑA,,,Regalos corporativos,fallback grupo histórico,MEDIUM,0,0,0.0,1
"""regalos corporativos ecológicos""",Concordancia de frase,Regalos Publicitarios,En pausa,En pausa,https://www.regalospremium.cl/,https://regalospremium.cl/,WWW_VARIANT,NO,USO_CAMPAÑA,,,Regalos corporativos,fallback grupo histórico,MEDIUM,0,0,0.0,1
"""regalos corporativos económicos""",Concordancia de frase,Regalos Publicitarios,En pausa,En pausa,https://www.regalospremium.cl/,https://regalospremium.cl/,WWW_VARIANT,NO,USO_CAMPAÑA,,,Regalos corporativos,fallback grupo histórico,MEDIUM,0,0,0.0,1
"""regalos corporativos empresas""",Concordancia de frase,Regalos Publicitarios,En pausa,En pausa,https://www.regalospremium.cl/,https://regalospremium.cl/,WWW_VARIANT,NO,USO_CAMPAÑA,,,Regalos corporativos,fallback grupo histórico,MEDIUM,0,0,0.0,1
"""regalos corporativos gourmet""",Concordancia de frase,Regalos Publicitarios,En pausa,En pausa,,,EMPTY,NO,USO_CAMPAÑA,,,Regalos corporativos,fallback grupo histórico,MEDIUM,0,0,0.0,1
"""regalos corporativos hombres 2016""",Concordancia de frase,Regalos Publicitarios,En pausa,En pausa,https://www.regalospremium.cl/,https://regalospremium.cl/,WWW_VARIANT,NO,USO_CAMPAÑA,,,Regalos corporativos,fallback grupo histórico,MEDIUM,0,0,0.0,1
"""regalos corporativos navidad""",Concordancia de frase,Regalos Publicitarios,En pausa,En pausa,https://regalospremium.cl/,https://regalospremium.cl/,CURRENT_FORMAT,NO,USO_CAMPAÑA,,,Regalos corporativos,fallback grupo histórico,MEDIUM,0,0,0.0,1
"""regalos corporativos novedosos""",Concordancia de frase,Regalos Publicitarios,En pausa,En pausa,https://regalospremium.cl/,https://regalospremium.cl/,CURRENT_FORMAT,NO,USO_CAMPAÑA,,,Regalos corporativos,fallback grupo histórico,MEDIUM,0,0,0.0,1
"""regalos corporativos originales""",Concordancia de frase,Regalos Publicitarios,En pausa,En pausa,https://regalospremium.cl/,https://regalospremium.cl/,CURRENT_FORMAT,NO,USO_CAMPAÑA,,,Regalos corporativos,fallback grupo histórico,MEDIUM,0,0,0.0,1
"""regalos corporativos originales chile""",Concordancia de frase,Regalos Publicitarios,En pausa,En pausa,https://regalospremium.cl/,https://regalospremium.cl/,CURRENT_FORMAT,NO,USO_CAMPAÑA,,,Regalos corporativos,fallback grupo histórico,MEDIUM,0,0,0.0,1
"""regalos corporativos para""",Concordancia de frase,Regalos Publicitarios,En pausa,En pausa,https://regalospremium.cl/,https://regalospremium.cl/,CURRENT_FORMAT,NO,USO_CAMPAÑA,,,Regalos corporativos,fallback grupo histórico,MEDIUM,0,0,0.0,1
"""regalos corporativos para empresas""",Concordancia de frase,Regalos Publicitarios,En pausa,En pausa,https://www.regalospremium.cl/,https://regalospremium.cl/,WWW_VARIANT,NO,USO_CAMPAÑA,,,Regalos corporativos,fallback grupo histórico,MEDIUM,0,0,0.0,1
"""regalos corporativos patronato""",Concordancia de frase,Regalos Publicitarios,En pausa,En pausa,https://www.regalospremium.cl/,https://regalospremium.cl/,WWW_VARIANT,NO,USO_CAMPAÑA,,,Regalos corporativos,fallback grupo histórico,MEDIUM,0,0,0.0,1
"""regalos corporativos personalizados""",Concordancia de frase,Regalos Publicitarios,En pausa,En pausa,https://www.regalospremium.cl/,https://regalospremium.cl/,WWW_VARIANT,NO,USO_CAMPAÑA,,,Regalos corporativos,fallback grupo histórico,MEDIUM,0,0,0.0,1
"""regalos corporativos personalizados chile""",Concordancia de frase,Regalos Publicitarios,En pausa,En pausa,https://regalospremium.cl/,https://regalospremium.cl/,CURRENT_FORMAT,NO,USO_CAMPAÑA,,,Regalos corporativos,fallback grupo histórico,MEDIUM,0,0,0.0,1
"""regalos corporativos premium""",Concordancia de frase,Regalos Publicitarios,En pausa,En pausa,https://www.regalospremium.cl/,https://regalospremium.cl/,WWW_VARIANT,NO,USO_CAMPAÑA,,,Regalos corporativos,fallback grupo histórico,MEDIUM,0,0,0.0,1
"""regalos corporativos santiago""",Concordancia de frase,Regalos Publicitarios,En pausa,En pausa,https://www.regalospremium.cl/,https://regalospremium.cl/,WWW_VARIANT,NO,USO_CAMPAÑA,,,Regalos corporativos,fallback grupo histórico,MEDIUM,0,0,0.0,1
"""regalos corporativos viña del mar""",Concordancia de frase,Regalos Publicitarios,En pausa,En pausa,https://www.regalospremium.cl/,https://regalospremium.cl/,WWW_VARIANT,NO,USO_CAMPAÑA,,,Regalos corporativos,fallback grupo histórico,MEDIUM,0,0,0.0,1
"""regalos corporativos y merchandising""",Concordancia de frase,Regalos Publicitarios,En pausa,En pausa,https://regalospremium.cl/,https://regalospremium.cl/,CURRENT_FORMAT,NO,USO_CAMPAÑA,,,Regalos corporativos,fallback grupo histórico,MEDIUM,0,0,0.0,1
"""regalos corporativos y promocionales""",Concordancia de frase,Regalos Publicitarios,En pausa,En pausa,https://regalospremium.cl/,https://regalospremium.cl/,CURRENT_FORMAT,NO,USO_CAMPAÑA,,,Regalos corporativos,fallback grupo histórico,MEDIUM,0,0,0.0,1
"""regalos corporativos y publicitarios""",Concordancia de frase,Regalos Publicitarios,En pausa,En pausa,https://regalospremium.cl/,https://regalospremium.cl/,CURRENT_FORMAT,NO,USO_CAMPAÑA,,,Regalos corporativos,fallback grupo histórico,MEDIUM,0,0,0.0,1
"""regalos de empresa""",Concordancia de frase,Regalos Publicitarios,En pausa,En pausa,https://regalospremium.cl/,https://regalospremium.cl/,CURRENT_FORMAT,NO,USO_CAMPAÑA,,,Regalos corporativos,fallback grupo histórico,MEDIUM,0,0,0.0,1
"""regalos de empresa originales""",Concordancia de frase,Regalos Publicitarios,En pausa,En pausa,https://regalospremium.cl/,https://regalospremium.cl/,CURRENT_FORMAT,NO,USO_CAMPAÑA,,,Regalos corporativos,fallback grupo histórico,MEDIUM,0,0,0.0,1
"""regalos de empresa personalizados""",Concordancia de frase,Regalos Publicitarios,En pausa,En pausa,https://regalospremium.cl/,https://regalospremium.cl/,CURRENT_FORMAT,NO,USO_CAMPAÑA,,,Regalos corporativos,fallback grupo histórico,MEDIUM,0,0,0.0,1
"""Regalos de Empresa Santiago""",Concordancia de frase,Regalos Publicitarios,En pausa,En pausa,https://www.regalospremium.cl/,https://regalospremium.cl/,WWW_VARIANT,NO,USO_CAMPAÑA,,,Regalos corporativos,fallback grupo histórico,MEDIUM,0,0,0.0,1
"""regalos de empresas""",Concordancia de frase,Regalos Publicitarios,En pausa,En pausa,https://regalospremium.cl/,https://regalospremium.cl/,CURRENT_FORMAT,NO,USO_CAMPAÑA,,,Regalos corporativos,fallback grupo histórico,MEDIUM,0,0,0.0,1
"""regalos de fin de año para empleados""",Concordancia de frase,Regalos Publicitarios,En pausa,En pausa,https://regalospremium.cl/,https://regalospremium.cl/,CURRENT_FORMAT,NO,USO_CAMPAÑA,,,Regalos corporativos,fallback grupo histórico,MEDIUM,0,0,0.0,1
"""regalos de merchandising""",Concordancia de frase,Regalos Publicitarios,En pausa,En pausa,https://www.regalospremium.cl/,https://regalospremium.cl/,WWW_VARIANT,NO,USO_CAMPAÑA,,,Regalos corporativos,fallback grupo histórico,MEDIUM,0,0,0.0,1
"""regalos de navidad para clientes""",Concordancia de frase,Regalos Publicitarios,En pausa,En pausa,https://regalospremium.cl/,https://regalospremium.cl/,CURRENT_FORMAT,NO,USO_CAMPAÑA,,,Regalos corporativos,fallback grupo histórico,MEDIUM,0,0,0.0,1
"""regalos de oficina""",Concordancia de frase,Regalos Publicitarios,En pausa,En pausa,https://regalospremium.cl/,https://regalospremium.cl/,CURRENT_FORMAT,NO,USO_CAMPAÑA,,,Regalos corporativos,fallback grupo histórico,MEDIUM,0,0,0.0,1
"""regalos de promocion""",Concordancia de frase,Regalos Publicitarios,En pausa,En pausa,https://www.regalospremium.cl/,https://regalospremium.cl/,WWW_VARIANT,NO,USO_CAMPAÑA,,,Regalos corporativos,fallback grupo histórico,MEDIUM,0,0,0.0,1
"""regalos de publicidad""",Concordancia de frase,Regalos Publicitarios,En pausa,En pausa,https://regalospremium.cl/,https://regalospremium.cl/,CURRENT_FORMAT,NO,USO_CAMPAÑA,,,Regalos corporativos,fallback grupo histórico,MEDIUM,0,0,0.0,1
"""regalos dia del padre""",Concordancia de frase,Regalos Publicitarios,En pausa,En pausa,https://regalospremium.cl/,https://regalospremium.cl/,CURRENT_FORMAT,NO,USO_CAMPAÑA,,,Regalos corporativos,fallback grupo histórico,MEDIUM,0,0,0.0,1
"""regalos eco friendly""",Concordancia de frase,Regalos Publicitarios,En pausa,En pausa,https://regalospremium.cl/,https://regalospremium.cl/,CURRENT_FORMAT,NO,USO_CAMPAÑA,,,Regalos corporativos,fallback grupo histórico,MEDIUM,0,0,0.0,1
"""regalos ecológicos""",Concordancia de frase,Regalos Publicitarios,En pausa,En pausa,https://regalospremium.cl/,https://regalospremium.cl/,CURRENT_FORMAT,NO,USO_CAMPAÑA,,,Regalos corporativos,fallback grupo histórico,MEDIUM,0,0,0.0,1
"""regalos ecologicos""",Concordancia de frase,Regalos Publicitarios,En pausa,En pausa,https://www.regalospremium.cl/,https://regalospremium.cl/,WWW_VARIANT,NO,USO_CAMPAÑA,,,Regalos corporativos,fallback grupo histórico,MEDIUM,0,0,0.0,1
"""regalos ecologicos bambu""",Concordancia de frase,Regalos Publicitarios,En pausa,En pausa,https://regalospremium.cl/,https://regalospremium.cl/,CURRENT_FORMAT,NO,USO_CAMPAÑA,,,Regalos corporativos,fallback grupo histórico,MEDIUM,0,0,0.0,1
"""regalos ecologicos con logo""",Concordancia de frase,Regalos Publicitarios,En pausa,En pausa,https://regalospremium.cl/,https://regalospremium.cl/,CURRENT_FORMAT,NO,USO_CAMPAÑA,,,Regalos corporativos,fallback grupo histórico,MEDIUM,0,0,0.0,1
"""regalos economicos""",Concordancia de frase,Regalos Publicitarios,En pausa,En pausa,https://www.regalospremium.cl/,https://regalospremium.cl/,WWW_VARIANT,NO,USO_CAMPAÑA,,,Regalos corporativos,fallback grupo histórico,MEDIUM,0,0,0.0,1
"""regalos empresariales""",Concordancia de frase,Regalos Publicitarios,En pausa,En pausa,https://regalospremium.cl/,https://regalospremium.cl/,CURRENT_FORMAT,NO,USO_CAMPAÑA,,,Regalos corporativos,fallback grupo histórico,MEDIUM,0,0,0.0,1
"""regalos empresariales chile""",Concordancia de frase,Regalos Publicitarios,En pausa,En pausa,https://regalospremium.cl/,https://regalospremium.cl/,CURRENT_FORMAT,NO,USO_CAMPAÑA,,,Regalos corporativos,fallback grupo histórico,MEDIUM,0,0,0.0,1
"""regalos empresariales ecologicos""",Concordancia de frase,Regalos Publicitarios,En pausa,En pausa,https://regalospremium.cl/,https://regalospremium.cl/,CURRENT_FORMAT,NO,USO_CAMPAÑA,,,Regalos corporativos,fallback grupo histórico,MEDIUM,0,0,0.0,1
"""regalos empresariales navidad""",Concordancia de frase,Regalos Publicitarios,En pausa,En pausa,https://regalospremium.cl/,https://regalospremium.cl/,CURRENT_FORMAT,NO,USO_CAMPAÑA,,,Regalos corporativos,fallback grupo histórico,MEDIUM,0,0,0.0,1
"""regalos empresariales originales""",Concordancia de frase,Regalos Publicitarios,En pausa,En pausa,https://regalospremium.cl/,https://regalospremium.cl/,CURRENT_FORMAT,NO,USO_CAMPAÑA,,,Regalos corporativos,fallback grupo histórico,MEDIUM,0,0,0.0,1
"""regalos empresariales personalizados""",Concordancia de frase,Regalos Publicitarios,En pausa,En pausa,https://regalospremium.cl/,https://regalospremium.cl/,CURRENT_FORMAT,NO,USO_CAMPAÑA,,,Regalos corporativos,fallback grupo histórico,MEDIUM,0,0,0.0,1
"""regalos empresas""",Concordancia de frase,Regalos Publicitarios,En pausa,En pausa,https://www.regalospremium.cl/,https://regalospremium.cl/,WWW_VARIANT,NO,USO_CAMPAÑA,,,Regalos corporativos,fallback grupo histórico,MEDIUM,0,0,0.0,1
"""regalos empresas personalizados""",Concordancia de frase,Regalos Publicitarios,En pausa,En pausa,https://www.regalospremium.cl/,https://regalospremium.cl/,WWW_VARIANT,NO,USO_CAMPAÑA,,,Regalos corporativos,fallback grupo histórico,MEDIUM,0,0,0.0,1
"""regalos fiestas patrias""",Concordancia de frase,Regalos Publicitarios,En pausa,En pausa,https://www.regalospremium.cl/,https://regalospremium.cl/,WWW_VARIANT,NO,USO_CAMPAÑA,,,Regalos corporativos,fallback grupo histórico,MEDIUM,0,0,0.0,1
"""regalos marketing""",Concordancia de frase,Regalos Publicitarios,En pausa,En pausa,https://www.regalospremium.cl/,https://regalospremium.cl/,WWW_VARIANT,NO,USO_CAMPAÑA,,,Regalos corporativos,fallback grupo histórico,MEDIUM,0,0,0.0,1
"""regalos merchandising""",Concordancia de frase,Regalos Publicitarios,En pausa,En pausa,https://www.regalospremium.cl,https://regalospremium.cl/,WWW_VARIANT,NO,USO_CAMPAÑA,,,Regalos corporativos,fallback grupo histórico,MEDIUM,0,0,0.0,1
"""regalos novedosos chile""",Concordancia de frase,Regalos Publicitarios,En pausa,En pausa,https://www.regalospremium.cl/,https://regalospremium.cl/,WWW_VARIANT,NO,USO_CAMPAÑA,,,Regalos corporativos,fallback grupo histórico,MEDIUM,0,0,0.0,1
"""regalos oficina""",Concordancia de frase,Regalos Publicitarios,En pausa,En pausa,https://www.regalospremium.cl/,https://regalospremium.cl/,WWW_VARIANT,NO,USO_CAMPAÑA,,,Regalos corporativos,fallback grupo histórico,MEDIUM,0,0,0.0,1
"""regalos oficina personalizados""",Concordancia de frase,Regalos Publicitarios,En pausa,En pausa,https://www.regalospremium.cl/,https://regalospremium.cl/,WWW_VARIANT,NO,USO_CAMPAÑA,,,Regalos corporativos,fallback grupo histórico,MEDIUM,0,0,0.0,1
"""regalos originales chile""",Concordancia de frase,Regalos Publicitarios,En pausa,En pausa,https://regalospremium.cl/,https://regalospremium.cl/,CURRENT_FORMAT,NO,USO_CAMPAÑA,,,Regalos corporativos,fallback grupo histórico,MEDIUM,0,0,0.0,1
"""regalos originales para hombres""",Concordancia de frase,Regalos Publicitarios,En pausa,En pausa,https://regalospremium.cl/,https://regalospremium.cl/,CURRENT_FORMAT,NO,USO_CAMPAÑA,,,Regalos corporativos,fallback grupo histórico,MEDIUM,0,0,0.0,1
"""regalos originales personalizados""",Concordancia de frase,Regalos Publicitarios,En pausa,En pausa,https://www.regalospremium.cl/,https://regalospremium.cl/,WWW_VARIANT,NO,USO_CAMPAÑA,,,Regalos corporativos,fallback grupo histórico,MEDIUM,0,0,0.0,1
"""regalos para""",Concordancia de frase,Regalos Publicitarios,En pausa,En pausa,https://www.regalospremium.cl/,https://regalospremium.cl/,WWW_VARIANT,NO,USO_CAMPAÑA,,,Regalos corporativos,fallback grupo histórico,MEDIUM,0,0,0.0,1
"""regalos para abogados""",Concordancia de frase,Regalos Publicitarios,En pausa,En pausa,https://regalospremium.cl/,https://regalospremium.cl/,CURRENT_FORMAT,NO,USO_CAMPAÑA,,,Regalos corporativos,fallback grupo histórico,MEDIUM,0,0,0.0,1
"""regalos para clientes""",Concordancia de frase,Regalos Publicitarios,En pausa,En pausa,https://www.regalospremium.cl/,https://regalospremium.cl/,WWW_VARIANT,NO,USO_CAMPAÑA,,,Regalos corporativos,fallback grupo histórico,MEDIUM,0,0,0.0,1
"""regalos para clientes baratos""",Concordancia de frase,Regalos Publicitarios,En pausa,En pausa,https://regalospremium.cl/,https://regalospremium.cl/,CURRENT_FORMAT,NO,USO_CAMPAÑA,,,Regalos corporativos,fallback grupo histórico,MEDIUM,0,0,0.0,1
"""regalos para clientes de empresas""",Concordancia de frase,Regalos Publicitarios,En pausa,En pausa,https://www.regalospremium.cl/,https://regalospremium.cl/,WWW_VARIANT,NO,USO_CAMPAÑA,,,Regalos corporativos,fallback grupo histórico,MEDIUM,0,0,0.0,1
"""regalos para el dia del trabajador""",Concordancia de frase,Regalos Publicitarios,En pausa,En pausa,https://regalospremium.cl/,https://regalospremium.cl/,CURRENT_FORMAT,NO,USO_CAMPAÑA,,,Regalos corporativos,fallback grupo histórico,MEDIUM,0,0,0.0,1
"""regalos para el escritorio""",Concordancia de frase,Regalos Publicitarios,En pausa,En pausa,https://www.regalospremium.cl/,https://regalospremium.cl/,WWW_VARIANT,NO,USO_CAMPAÑA,,,Regalos corporativos,fallback grupo histórico,MEDIUM,0,0,0.0,1
"""regalos para empleados""",Concordancia de frase,Regalos Publicitarios,En pausa,En pausa,https://regalospremium.cl/,https://regalospremium.cl/,CURRENT_FORMAT,NO,USO_CAMPAÑA,,,Regalos corporativos,fallback grupo histórico,MEDIUM,0,0,0.0,1
"""regalos para empresa""",Concordancia de frase,Regalos Publicitarios,En pausa,En pausa,https://regalospremium.cl/,https://regalospremium.cl/,CURRENT_FORMAT,NO,USO_CAMPAÑA,,,Regalos corporativos,fallback grupo histórico,MEDIUM,0,0,0.0,1
"""Regalos para Empresas""",Concordancia de frase,Regalos Publicitarios,En pausa,En pausa,https://regalospremium.cl/,https://regalospremium.cl/,CURRENT_FORMAT,NO,USO_CAMPAÑA,,,Regalos corporativos,fallback grupo histórico,MEDIUM,0,0,0.0,2
"""regalos para empresas chile""",Concordancia de frase,Regalos Publicitarios,En pausa,En pausa,https://www.regalospremium.cl/,https://regalospremium.cl/,WWW_VARIANT,NO,USO_CAMPAÑA,,,Regalos corporativos,fallback grupo histórico,MEDIUM,0,0,0.0,1
"""regalos para empresas personalizados""",Concordancia de frase,Regalos Publicitarios,En pausa,En pausa,https://regalospremium.cl/,https://regalospremium.cl/,CURRENT_FORMAT,NO,USO_CAMPAÑA,,,Regalos corporativos,fallback grupo histórico,MEDIUM,0,0,0.0,1
"""regalos para escritorio""",Concordancia de frase,Regalos Publicitarios,En pausa,En pausa,https://www.regalospremium.cl/,https://regalospremium.cl/,WWW_VARIANT,NO,USO_CAMPAÑA,,,Regalos corporativos,fallback grupo histórico,MEDIUM,0,0,0.0,1
"""regalos para eventos""",Concordancia de frase,Regalos Publicitarios,En pausa,En pausa,https://regalospremium.cl/,https://regalospremium.cl/,CURRENT_FORMAT,NO,USO_CAMPAÑA,,,Regalos corporativos,fallback grupo histórico,MEDIUM,0,0,0.0,1
"""regalos para oficina""",Concordancia de frase,Regalos Publicitarios,En pausa,En pausa,https://www.regalospremium.cl/,https://regalospremium.cl/,WWW_VARIANT,NO,USO_CAMPAÑA,,,Regalos corporativos,fallback grupo histórico,MEDIUM,0,0,0.0,1
"""regalos para parrilleros""",Concordancia de frase,Regalos Publicitarios,En pausa,En pausa,https://www.regalospremium.cl/,https://regalospremium.cl/,WWW_VARIANT,NO,USO_CAMPAÑA,,,Regalos corporativos,fallback grupo histórico,MEDIUM,0,0,0.0,1
"""regalos para personalizar""",Concordancia de frase,Regalos Publicitarios,En pausa,En pausa,https://www.regalospremium.cl/,https://regalospremium.cl/,WWW_VARIANT,NO,USO_CAMPAÑA,,,Regalos corporativos,fallback grupo histórico,MEDIUM,0,0,0.0,1
"""regalos para promociones""",Concordancia de frase,Regalos Publicitarios,En pausa,En pausa,https://www.regalospremium.cl/,https://regalospremium.cl/,WWW_VARIANT,NO,USO_CAMPAÑA,,,Regalos corporativos,fallback grupo histórico,MEDIUM,0,0,0.0,1
"""regalos para publicidad""",Concordancia de frase,Regalos Publicitarios,En pausa,En pausa,https://regalospremium.cl/pendrive-publicitario/,https://regalospremium.cl/pendrive-publicitario/,CURRENT_FORMAT,NO,USO_CAMPAÑA,,,Regalos corporativos,fallback grupo histórico,MEDIUM,0,0,0.0,1
"""regalos para regalar""",Concordancia de frase,Regalos Publicitarios,En pausa,En pausa,,,EMPTY,NO,USO_CAMPAÑA,,,Regalos corporativos,fallback grupo histórico,MEDIUM,0,0,0.0,1
"""regalos para trabajadores""",Concordancia de frase,Regalos Publicitarios,En pausa,En pausa,https://regalospremium.cl/,https://regalospremium.cl/,CURRENT_FORMAT,NO,USO_CAMPAÑA,,,Regalos corporativos,fallback grupo histórico,MEDIUM,0,0,0.0,1
"""regalos para un parrillero""",Concordancia de frase,Regalos Publicitarios,En pausa,En pausa,https://www.regalospremium.cl/,https://regalospremium.cl/,WWW_VARIANT,NO,USO_CAMPAÑA,,,Regalos corporativos,fallback grupo histórico,MEDIUM,0,0,0.0,1
"""regalos parrilleros""",Concordancia de frase,Regalos Publicitarios,En pausa,En pausa,https://www.regalospremium.cl/,https://regalospremium.cl/,WWW_VARIANT,NO,USO_CAMPAÑA,,,Regalos corporativos,fallback grupo histórico,MEDIUM,0,0,0.0,1
"""regalos personalizados""",Concordancia de frase,Regalos Publicitarios,En pausa,En pausa,https://regalospremium.cl/,https://regalospremium.cl/,CURRENT_FORMAT,NO,USO_CAMPAÑA,,,Regalos corporativos,fallback grupo histórico,MEDIUM,0,0,0.0,1
"""regalos personalizados baratos""",Concordancia de frase,Regalos Publicitarios,En pausa,En pausa,https://www.regalospremium.cl/,https://regalospremium.cl/,WWW_VARIANT,NO,USO_CAMPAÑA,,,Regalos corporativos,fallback grupo histórico,MEDIUM,0,0,0.0,1
"""regalos personalizados chile""",Concordancia de frase,Regalos Publicitarios,En pausa,En pausa,https://regalospremium.cl/,https://regalospremium.cl/,CURRENT_FORMAT,NO,USO_CAMPAÑA,,,Regalos corporativos,fallback grupo histórico,MEDIUM,0,0,0.0,1
"""regalos personalizados con foto para el dia del padre""",Concordancia de frase,Regalos Publicitarios,En pausa,En pausa,https://www.regalospremium.cl/,https://regalospremium.cl/,WWW_VARIANT,NO,USO_CAMPAÑA,,,Regalos corporativos,fallback grupo histórico,MEDIUM,0,0,0.0,1
"""regalos personalizados para empresas santiago""",Concordancia de frase,Regalos Publicitarios,En pausa,En pausa,https://www.regalospremium.cl/,https://regalospremium.cl/,WWW_VARIANT,NO,USO_CAMPAÑA,,,Regalos corporativos,fallback grupo histórico,MEDIUM,0,0,0.0,1
"""regalos prara trabajadores""",Concordancia de frase,Regalos Publicitarios,En pausa,En pausa,https://www.regalospremium.cl/,https://regalospremium.cl/,WWW_VARIANT,NO,USO_CAMPAÑA,,,Regalos corporativos,fallback grupo histórico,MEDIUM,0,0,0.0,1
"""regalos premium""",Concordancia de frase,Regalos Publicitarios,En pausa,En pausa,https://regalospremium.cl/,https://regalospremium.cl/,CURRENT_FORMAT,NO,USO_CAMPAÑA,,,Regalos corporativos,fallback grupo histórico,MEDIUM,0,0,0.0,1
"""regalos premium por mayor""",Concordancia de frase,Regalos Publicitarios,En pausa,En pausa,https://www.regalospremium.cl/,https://regalospremium.cl/,WWW_VARIANT,NO,USO_CAMPAÑA,,,Regalos corporativos,fallback grupo histórico,MEDIUM,0,0,0.0,1
"""regalos promocionales""",Concordancia de frase,Regalos Publicitarios,En pausa,En pausa,https://regalospremium.cl/,https://regalospremium.cl/,CURRENT_FORMAT,NO,USO_CAMPAÑA,,,Regalos corporativos,fallback grupo histórico,MEDIUM,0,0,0.0,2
"""regalos promocionales baratos""",Concordancia de frase,Regalos Publicitarios,En pausa,En pausa,https://regalospremium.cl/,https://regalospremium.cl/,CURRENT_FORMAT,NO,USO_CAMPAÑA,,,Regalos corporativos,fallback grupo histórico,MEDIUM,0,0,0.0,1
"""regalos promocionales chile""",Concordancia de frase,Regalos Publicitarios,En pausa,En pausa,https://regalospremium.cl/,https://regalospremium.cl/,CURRENT_FORMAT,NO,USO_CAMPAÑA,,,Regalos corporativos,fallback grupo histórico,MEDIUM,0,0,0.0,1
"""regalos promocionales ecologicos""",Concordancia de frase,Regalos Publicitarios,En pausa,En pausa,https://regalospremium.cl/,https://regalospremium.cl/,CURRENT_FORMAT,NO,USO_CAMPAÑA,,,Regalos corporativos,fallback grupo histórico,MEDIUM,0,0,0.0,1
"""regalos promocionales empresa""",Concordancia de frase,Regalos Publicitarios,En pausa,En pausa,https://regalospremium.cl/,https://regalospremium.cl/,CURRENT_FORMAT,NO,USO_CAMPAÑA,,,Regalos corporativos,fallback grupo histórico,MEDIUM,0,0,0.0,1
"""regalos promocionales empresas""",Concordancia de frase,Regalos Publicitarios,En pausa,En pausa,https://regalospremium.cl/,https://regalospremium.cl/,CURRENT_FORMAT,NO,USO_CAMPAÑA,,,Regalos corporativos,fallback grupo histórico,MEDIUM,0,0,0.0,1
"""regalos promocionales originales""",Concordancia de frase,Regalos Publicitarios,En pausa,En pausa,https://regalospremium.cl/,https://regalospremium.cl/,CURRENT_FORMAT,NO,USO_CAMPAÑA,,,Regalos corporativos,fallback grupo histórico,MEDIUM,0,0,0.0,1
"""Regalos Promocionales para Empresas""",Concordancia de frase,Regalos Publicitarios,En pausa,En pausa,https://www.regalospremium.cl/,https://regalospremium.cl/,WWW_VARIANT,NO,USO_CAMPAÑA,,,Regalos corporativos,fallback grupo histórico,MEDIUM,0,0,0.0,1
"""regalos promocionales personalizados""",Concordancia de frase,Regalos Publicitarios,En pausa,En pausa,https://regalospremium.cl/,https://regalospremium.cl/,CURRENT_FORMAT,NO,USO_CAMPAÑA,,,Regalos corporativos,fallback grupo histórico,MEDIUM,0,0,0.0,1
"""regalos publicidad""",Concordancia de frase,Regalos Publicitarios,En pausa,En pausa,https://regalospremium.cl/,https://regalospremium.cl/,CURRENT_FORMAT,NO,USO_CAMPAÑA,,,Regalos corporativos,fallback grupo histórico,MEDIUM,0,0,0.0,1
"""regalos publicidad empresas""",Concordancia de frase,Regalos Publicitarios,En pausa,En pausa,https://www.regalospremium.cl/,https://regalospremium.cl/,WWW_VARIANT,NO,USO_CAMPAÑA,,,Regalos corporativos,fallback grupo histórico,MEDIUM,0,0,0.0,1
"""regalos publicidad para empresas baratos""",Concordancia de frase,Regalos Publicitarios,En pausa,En pausa,https://www.regalospremium.cl/,https://regalospremium.cl/,WWW_VARIANT,NO,USO_CAMPAÑA,,,Regalos corporativos,fallback grupo histórico,MEDIUM,0,0,0.0,1
"""regalos publicitario""",Concordancia de frase,Regalos Publicitarios,En pausa,En pausa,https://regalospremium.cl/,https://regalospremium.cl/,CURRENT_FORMAT,NO,USO_CAMPAÑA,,,Regalos corporativos,fallback grupo histórico,MEDIUM,0,0,0.0,1
"""Regalos Publicitarios""",Concordancia de frase,Regalos Publicitarios,En pausa,En pausa,https://regalospremium.cl/,https://regalospremium.cl/,CURRENT_FORMAT,NO,USO_CAMPAÑA,,,Regalos corporativos,fallback grupo histórico,MEDIUM,0,0,0.0,2
"""regalos publicitarios bamoo""",Concordancia de frase,Regalos Publicitarios,En pausa,En pausa,https://www.regalospremium.cl/,https://regalospremium.cl/,WWW_VARIANT,NO,USO_CAMPAÑA,,,Regalos corporativos,fallback grupo histórico,MEDIUM,0,0,0.0,1
"""regalos publicitarios baratos""",Concordancia de frase,Regalos Publicitarios,En pausa,En pausa,https://www.regalospremium.cl/,https://regalospremium.cl/,WWW_VARIANT,NO,USO_CAMPAÑA,,,Regalos corporativos,fallback grupo histórico,MEDIUM,0,0,0.0,1
"""regalos publicitarios chile""",Concordancia de frase,Regalos Publicitarios,En pausa,En pausa,https://regalospremium.cl/,https://regalospremium.cl/,CURRENT_FORMAT,NO,USO_CAMPAÑA,,,Regalos corporativos,fallback grupo histórico,MEDIUM,0,0,0.0,1
"""regalos publicitarios ecológicos""",Concordancia de frase,Regalos Publicitarios,En pausa,En pausa,https://regalospremium.cl/,https://regalospremium.cl/,CURRENT_FORMAT,NO,USO_CAMPAÑA,,,Regalos corporativos,fallback grupo histórico,MEDIUM,0,0,0.0,1
"""regalos publicitarios economicos""",Concordancia de frase,Regalos Publicitarios,En pausa,En pausa,https://www.regalospremium.cl/,https://regalospremium.cl/,WWW_VARIANT,NO,USO_CAMPAÑA,,,Regalos corporativos,fallback grupo histórico,MEDIUM,0,0,0.0,1
"""regalos publicitarios empresa""",Concordancia de frase,Regalos Publicitarios,En pausa,En pausa,https://regalospremium.cl/,https://regalospremium.cl/,CURRENT_FORMAT,NO,USO_CAMPAÑA,,,Regalos corporativos,fallback grupo histórico,MEDIUM,0,0,0.0,1
"""regalos publicitarios empresas""",Concordancia de frase,Regalos Publicitarios,En pausa,En pausa,https://regalospremium.cl/,https://regalospremium.cl/,CURRENT_FORMAT,NO,USO_CAMPAÑA,,,Regalos corporativos,fallback grupo histórico,MEDIUM,0,0,0.0,1
"""regalos publicitarios para""",Concordancia de frase,Regalos Publicitarios,En pausa,En pausa,https://regalospremium.cl/,https://regalospremium.cl/,CURRENT_FORMAT,NO,USO_CAMPAÑA,,,Regalos corporativos,fallback grupo histórico,MEDIUM,0,0,0.0,1
"""regalos publicitarios para empresas""",Concordancia de frase,Regalos Publicitarios,En pausa,En pausa,https://regalospremium.cl/,https://regalospremium.cl/,CURRENT_FORMAT,NO,USO_CAMPAÑA,,,Regalos corporativos,fallback grupo histórico,MEDIUM,0,0,0.0,1
"""regalos publicitarios personalizados""",Concordancia de frase,Regalos Publicitarios,En pausa,En pausa,https://www.regalospremium.cl/,https://regalospremium.cl/,WWW_VARIANT,NO,USO_CAMPAÑA,,,Regalos corporativos,fallback grupo histórico,MEDIUM,0,0,0.0,1
"""regalos publicitarios por mayor""",Concordancia de frase,Regalos Publicitarios,En pausa,En pausa,https://regalospremium.cl/,https://regalospremium.cl/,CURRENT_FORMAT,NO,USO_CAMPAÑA,,,Regalos corporativos,fallback grupo histórico,MEDIUM,0,0,0.0,1
"""regalos publicitarios regalos""",Concordancia de frase,Regalos Publicitarios,En pausa,En pausa,https://regalospremium.cl/,https://regalospremium.cl/,CURRENT_FORMAT,NO,USO_CAMPAÑA,,,Regalos corporativos,fallback grupo histórico,MEDIUM,0,0,0.0,1
"""regalos publicitarios regalos promocionales""",Concordancia de frase,Regalos Publicitarios,En pausa,En pausa,https://regalospremium.cl/,https://regalospremium.cl/,CURRENT_FORMAT,NO,USO_CAMPAÑA,,,Regalos corporativos,fallback grupo histórico,MEDIUM,0,0,0.0,1
"""regalos publicitarios santiago""",Concordancia de frase,Regalos Publicitarios,En pausa,En pausa,https://www.regalospremium.cl/,https://regalospremium.cl/,WWW_VARIANT,NO,USO_CAMPAÑA,,,Regalos corporativos,fallback grupo histórico,MEDIUM,0,0,0.0,1
"""regalos y bolsos publicitarios""",Concordancia de frase,Regalos Publicitarios,En pausa,En pausa,https://www.regalospremium.cl/,https://regalospremium.cl/,WWW_VARIANT,NO,PRODUCTO,Bolsos y Viaje,Bolsos,,keyword→objeto,HIGH,0,0,0.0,1
"""regalos y publicidad""",Concordancia de frase,Regalos Publicitarios,En pausa,En pausa,https://regalospremium.cl/,https://regalospremium.cl/,CURRENT_FORMAT,NO,USO_CAMPAÑA,,,Regalos corporativos,fallback grupo histórico,MEDIUM,0,0,0.0,1
"""regalospremium.cl""",Concordancia de frase,Regalos Publicitarios,En pausa,En pausa,,,EMPTY,NO,USO_CAMPAÑA,,,Regalos corporativos,fallback grupo histórico,MEDIUM,0,0,0.0,1
"""regalospremium.cl por mayor""",Concordancia de frase,Regalos Publicitarios,En pausa,En pausa,https://www.regalospremium.cl/,https://regalospremium.cl/,WWW_VARIANT,NO,USO_CAMPAÑA,,,Regalos corporativos,fallback grupo histórico,MEDIUM,0,0,0.0,1
"""regalospromocionales bamboo""",Concordancia de frase,Regalos Publicitarios,En pausa,En pausa,https://www.regalospremium.cl/,https://regalospremium.cl/,WWW_VARIANT,NO,USO_CAMPAÑA,,,Regalos corporativos,fallback grupo histórico,MEDIUM,0,0,0.0,1
"""regalospublicitarios""",Concordancia de frase,Regalos Publicitarios,En pausa,En pausa,https://regalospremium.cl/,https://regalospremium.cl/,CURRENT_FORMAT,NO,USO_CAMPAÑA,,,Regalos corporativos,fallback grupo histórico,MEDIUM,0,0,0.0,1
"""regalospublicitarioschile.cl""",Concordancia de frase,Regalos Publicitarios,En pausa,En pausa,https://regalospremium.cl/,https://regalospremium.cl/,CURRENT_FORMAT,NO,USO_CAMPAÑA,,,Regalos corporativos,fallback grupo histórico,MEDIUM,0,0,0.0,1
"""soluciones publicitarias chile""",Concordancia de frase,Regalos Publicitarios,En pausa,En pausa,https://www.regalospremium.cl/,https://regalospremium.cl/,WWW_VARIANT,NO,USO_CAMPAÑA,,,Regalos corporativos,fallback grupo histórico,MEDIUM,0,0,0.0,1
"""souvenir corporativo""",Concordancia de frase,Regalos Publicitarios,En pausa,En pausa,https://www.regalospremium.cl/,https://regalospremium.cl/,WWW_VARIANT,NO,USO_CAMPAÑA,,,Regalos corporativos,fallback grupo histórico,MEDIUM,0,0,0.0,1
"""tazas ecologicas personalizadas""",Concordancia de frase,Regalos Publicitarios,En pausa,En pausa,https://regalospremium.cl/,https://regalospremium.cl/,CURRENT_FORMAT,NO,PRODUCTO,Hogar y Bebidas,Mugs y Tazas,,keyword→objeto,HIGH,0,0,0.0,1
"""tazas promocionales""",Concordancia de frase,Regalos Publicitarios,En pausa,En pausa,https://regalospremium.cl/,https://regalospremium.cl/,CURRENT_FORMAT,NO,PRODUCTO,Hogar y Bebidas,Mugs y Tazas,,keyword→objeto,HIGH,0,0,0.0,1
"""tazones corporativos""",Concordancia de frase,Regalos Publicitarios,En pausa,En pausa,https://www.regalospremium.cl/,https://regalospremium.cl/,WWW_VARIANT,NO,PRODUCTO,Hogar y Bebidas,Mugs y Tazas,,keyword→objeto,HIGH,0,0,0.0,1
"""termos personalizados chile""",Concordancia de frase,Regalos Publicitarios,En pausa,En pausa,https://www.regalospremium.cl/,https://regalospremium.cl/,WWW_VARIANT,NO,PRODUCTO,Hogar y Bebidas,Termos,,keyword→objeto,HIGH,0,0,0.0,1
"""tienda al por mayor""",Concordancia de frase,Regalos Publicitarios,En pausa,En pausa,,,EMPTY,NO,USO_CAMPAÑA,,,Regalos corporativos,fallback grupo histórico,MEDIUM,0,0,0.0,1
"""tiendas de venta al por mayor""",Concordancia de frase,Regalos Publicitarios,En pausa,En pausa,,,EMPTY,NO,USO_CAMPAÑA,,,Regalos corporativos,fallback grupo histórico,MEDIUM,0,0,0.0,1
"""tiendas mayorista""",Concordancia de frase,Regalos Publicitarios,En pausa,En pausa,,,EMPTY,NO,USO_CAMPAÑA,,,Regalos corporativos,fallback grupo histórico,MEDIUM,0,0,0.0,1
"""venta al mayor""",Concordancia de frase,Regalos Publicitarios,En pausa,En pausa,,,EMPTY,NO,USO_CAMPAÑA,,,Regalos corporativos,fallback grupo histórico,MEDIUM,0,0,0.0,1
"""venta bolsas ecologicas""",Concordancia de frase,Regalos Publicitarios,En pausa,En pausa,https://regalospremium.cl/,https://regalospremium.cl/,CURRENT_FORMAT,NO,PRODUCTO,Bolsos y Viaje,Bolsas,,keyword→objeto,HIGH,0,0,0.0,1
"""venta de bolsas ecologicas""",Concordancia de frase,Regalos Publicitarios,En pausa,En pausa,https://regalospremium.cl/,https://regalospremium.cl/,CURRENT_FORMAT,NO,PRODUCTO,Bolsos y Viaje,Bolsas,,keyword→objeto,HIGH,0,0,0.0,1
"""venta de bolsas ecologicas por mayor""",Concordancia de frase,Regalos Publicitarios,En pausa,En pausa,https://regalospremium.cl/,https://regalospremium.cl/,CURRENT_FORMAT,NO,PRODUCTO,Bolsos y Viaje,Bolsas,,keyword→objeto,HIGH,0,0,0.0,1
"""venta de lápices con logos""",Concordancia de frase,Regalos Publicitarios,En pausa,En pausa,https://www.regalospremium.cl/,https://regalospremium.cl/,WWW_VARIANT,NO,PRODUCTO,Oficina y Escritura,Lápices y Bolígrafos,,keyword→objeto,HIGH,0,0,0.0,1
"""venta de lapices por mayor""",Concordancia de frase,Regalos Publicitarios,En pausa,En pausa,https://www.regalospremium.cl/,https://regalospremium.cl/,WWW_VARIANT,NO,PRODUCTO,Oficina y Escritura,Lápices y Bolígrafos,,keyword→objeto,HIGH,0,0,0.0,1
"""venta de libretas ecologicas""",Concordancia de frase,Regalos Publicitarios,En pausa,En pausa,https://regalospremium.cl/,https://regalospremium.cl/,CURRENT_FORMAT,NO,PRODUCTO,Oficina y Escritura,Libretas y Cuadernos,,keyword→objeto,HIGH,0,0,0.0,1
"""venta de llaveros metalicos al por mayor""",Concordancia de frase,Regalos Publicitarios,En pausa,En pausa,https://regalospremium.cl/,https://regalospremium.cl/,CURRENT_FORMAT,NO,PRODUCTO,Promocionales,Llaveros,,keyword→objeto,HIGH,0,0,0.0,1
"""venta de mochilas con ruedas en santiago""",Concordancia de frase,Regalos Publicitarios,En pausa,En pausa,https://regalospremium.cl/,https://regalospremium.cl/,CURRENT_FORMAT,NO,PRODUCTO,Bolsos y Viaje,Mochilas,,keyword→objeto,HIGH,0,0,0.0,1
"""venta de mochilas de poliester""",Concordancia de frase,Regalos Publicitarios,En pausa,En pausa,https://regalospremium.cl/,https://regalospremium.cl/,CURRENT_FORMAT,NO,PRODUCTO,Bolsos y Viaje,Mochilas,,keyword→objeto,HIGH,0,0,0.0,1
"""venta de mochilas en patronato""",Concordancia de frase,Regalos Publicitarios,En pausa,En pausa,https://regalospremium.cl/,https://regalospremium.cl/,CURRENT_FORMAT,NO,PRODUCTO,Bolsos y Viaje,Mochilas,,keyword→objeto,HIGH,0,0,0.0,1
"""venta de mochilas para niñas en concepcion""",Concordancia de frase,Regalos Publicitarios,En pausa,En pausa,https://regalospremium.cl/,https://regalospremium.cl/,CURRENT_FORMAT,NO,PRODUCTO,Bolsos y Viaje,Mochilas,,keyword→objeto,HIGH,0,0,0.0,1
"""venta de pendrive""",Concordancia de frase,Regalos Publicitarios,En pausa,En pausa,https://regalospremium.cl/,https://regalospremium.cl/,CURRENT_FORMAT,NO,PRODUCTO,Tecnología,Pendrives,,keyword→objeto,HIGH,0,0,0.0,1
"""venta de productos al por mayor""",Concordancia de frase,Regalos Publicitarios,En pausa,En pausa,,,EMPTY,NO,USO_CAMPAÑA,,,Regalos corporativos,fallback grupo histórico,MEDIUM,0,0,0.0,1
"""venta de quitasol""",Concordancia de frase,Regalos Publicitarios,En pausa,En pausa,https://regalospremium.cl/,https://regalospremium.cl/,CURRENT_FORMAT,NO,USO_CAMPAÑA,,,Regalos corporativos,fallback grupo histórico,MEDIUM,0,0,0.0,1
"""venta de quitasoles""",Concordancia de frase,Regalos Publicitarios,En pausa,En pausa,https://regalospremium.cl/,https://regalospremium.cl/,CURRENT_FORMAT,NO,USO_CAMPAÑA,,,Regalos corporativos,fallback grupo histórico,MEDIUM,0,0,0.0,1
"""venta de regalos publicitarios""",Concordancia de frase,Regalos Publicitarios,En pausa,En pausa,https://regalospremium.cl/,https://regalospremium.cl/,CURRENT_FORMAT,NO,USO_CAMPAÑA,,,Regalos corporativos,fallback grupo histórico,MEDIUM,0,0,0.0,1
"""venta de tazones por mayor""",Concordancia de frase,Regalos Publicitarios,En pausa,En pausa,https://regalospremium.cl/,https://regalospremium.cl/,CURRENT_FORMAT,NO,PRODUCTO,Hogar y Bebidas,Mugs y Tazas,,keyword→objeto,HIGH,0,0,0.0,1
"""venta lapices""",Concordancia de frase,Regalos Publicitarios,En pausa,En pausa,https://regalospremium.cl/,https://regalospremium.cl/,CURRENT_FORMAT,NO,PRODUCTO,Oficina y Escritura,Lápices y Bolígrafos,,keyword→objeto,HIGH,0,0,0.0,1
"""venta lapices por mayor""",Concordancia de frase,Regalos Publicitarios,En pausa,En pausa,https://www.regalospremium.cl/,https://regalospremium.cl/,WWW_VARIANT,NO,PRODUCTO,Oficina y Escritura,Lápices y Bolígrafos,,keyword→objeto,HIGH,0,0,0.0,1
"""venta mochilas baratas chile santiago online""",Concordancia de frase,Regalos Publicitarios,En pausa,En pausa,https://regalospremium.cl/,https://regalospremium.cl/,CURRENT_FORMAT,NO,PRODUCTO,Bolsos y Viaje,Mochilas,,keyword→objeto,HIGH,0,0,0.0,1
"""venta mochilas para bordar por mayor""",Concordancia de frase,Regalos Publicitarios,En pausa,En pausa,https://regalospremium.cl/,https://regalospremium.cl/,CURRENT_FORMAT,NO,PRODUCTO,Bolsos y Viaje,Mochilas,,keyword→objeto,HIGH,0,0,0.0,1
"""venta mug""",Concordancia de frase,Regalos Publicitarios,En pausa,En pausa,https://regalospremium.cl/,https://regalospremium.cl/,CURRENT_FORMAT,NO,PRODUCTO,Hogar y Bebidas,Mugs y Tazas,,keyword→objeto,HIGH,0,0,0.0,1
"""venta por mayor de""",Concordancia de frase,Regalos Publicitarios,En pausa,En pausa,,,EMPTY,NO,USO_CAMPAÑA,,,Regalos corporativos,fallback grupo histórico,MEDIUM,0,0,0.0,1
"""venta por mayor libretas ecologicas""",Concordancia de frase,Regalos Publicitarios,En pausa,En pausa,https://regalospremium.cl/,https://regalospremium.cl/,CURRENT_FORMAT,NO,PRODUCTO,Oficina y Escritura,Libretas y Cuadernos,,keyword→objeto,HIGH,0,0,0.0,1
"""venta productos al por mayor""",Concordancia de frase,Regalos Publicitarios,En pausa,En pausa,,,EMPTY,NO,USO_CAMPAÑA,,,Regalos corporativos,fallback grupo histórico,MEDIUM,0,0,0.0,1
"""viseras publicitarias en chile""",Concordancia de frase,Regalos Publicitarios,En pausa,En pausa,https://www.regalospremium.cl/,https://regalospremium.cl/,WWW_VARIANT,NO,USO_CAMPAÑA,,,Regalos corporativos,fallback grupo histórico,MEDIUM,0,0,0.0,1
"""20000mah""",Concordancia de frase,Tecnologicos,En pausa,En pausa,https://regalospremium.cl/pendrive-publicitario/,https://regalospremium.cl/pendrive-publicitario/,CURRENT_FORMAT,NO,USO_CAMPAÑA,Tecnología,,Tecnología,fallback grupo histórico,MEDIUM,0,0,0.0,1
"""adaptador auxiliar a usb para auto""",Concordancia de frase,Tecnologicos,En pausa,En pausa,https://regalospremium.cl/busqueda?controller=search&s=adaptador+usb,https://regalospremium.cl/busqueda?controller=search&s=adaptador+usb,INTERNAL_SEARCH,NO,PRODUCTO,Tecnología,Cables y Adaptadores,,keyword→objeto,HIGH,0,0,0.0,1
"""adaptador auxiliar usb""",Concordancia de frase,Tecnologicos,En pausa,En pausa,https://regalospremium.cl/busqueda?controller=search&s=adaptador+usb,https://regalospremium.cl/busqueda?controller=search&s=adaptador+usb,INTERNAL_SEARCH,NO,PRODUCTO,Tecnología,Cables y Adaptadores,,keyword→objeto,HIGH,0,0,0.0,1
"""adaptador de usb para auto""",Concordancia de frase,Tecnologicos,En pausa,En pausa,https://regalospremium.cl/busqueda?controller=search&s=adaptador+usb,https://regalospremium.cl/busqueda?controller=search&s=adaptador+usb,INTERNAL_SEARCH,NO,PRODUCTO,Tecnología,Cables y Adaptadores,,keyword→objeto,HIGH,0,0,0.0,1
"""altavoces publicitarios""",Concordancia de frase,Tecnologicos,En pausa,En pausa,https://regalospremium.cl/audio/,https://regalospremium.cl/audio/,CURRENT_FORMAT,NO,USO_CAMPAÑA,Tecnología,,Tecnología,fallback grupo histórico,MEDIUM,0,0,0.0,1
"""audifono bluetooth inalambrico""",Concordancia de frase,Tecnologicos,En pausa,En pausa,https://regalospremium.cl/audio/,https://regalospremium.cl/audio/,CURRENT_FORMAT,NO,PRODUCTO,Tecnología,Audífonos y Auriculares,,keyword→objeto,HIGH,0,0,0.0,1
"""audifono con bluetooth""",Concordancia de frase,Tecnologicos,En pausa,En pausa,https://regalospremium.cl/audio/,https://regalospremium.cl/audio/,CURRENT_FORMAT,NO,PRODUCTO,Tecnología,Audífonos y Auriculares,,keyword→objeto,HIGH,0,0,0.0,1
"""audifono con bluetooth inalambrico""",Concordancia de frase,Tecnologicos,En pausa,En pausa,https://regalospremium.cl/audio/,https://regalospremium.cl/audio/,CURRENT_FORMAT,NO,PRODUCTO,Tecnología,Audífonos y Auriculares,,keyword→objeto,HIGH,0,0,0.0,1
"""audifono inalambrico""",Concordancia de frase,Tecnologicos,En pausa,En pausa,https://regalospremium.cl/audio/,https://regalospremium.cl/audio/,CURRENT_FORMAT,NO,PRODUCTO,Tecnología,Audífonos y Auriculares,,keyword→objeto,HIGH,0,0,0.0,1
"""audifono inalambricos""",Concordancia de frase,Tecnologicos,En pausa,En pausa,https://regalospremium.cl/audio/,https://regalospremium.cl/audio/,CURRENT_FORMAT,NO,PRODUCTO,Tecnología,Audífonos y Auriculares,,keyword→objeto,HIGH,0,0,0.0,1
"""audifonos a bluetooth""",Concordancia de frase,Tecnologicos,En pausa,En pausa,https://regalospremium.cl/audio/,https://regalospremium.cl/audio/,CURRENT_FORMAT,NO,PRODUCTO,Tecnología,Audífonos y Auriculares,,keyword→objeto,HIGH,0,0,0.0,1
"""audífonos audífonos inalámbricos""",Concordancia de frase,Tecnologicos,En pausa,En pausa,https://regalospremium.cl/audio/,https://regalospremium.cl/audio/,CURRENT_FORMAT,NO,PRODUCTO,Tecnología,Audífonos y Auriculares,,keyword→objeto,HIGH,0,0,0.0,1
"""audifonos auriculares bluetooth""",Concordancia de frase,Tecnologicos,En pausa,En pausa,https://regalospremium.cl/audio/,https://regalospremium.cl/audio/,CURRENT_FORMAT,NO,PRODUCTO,Tecnología,Audífonos y Auriculares,,keyword→objeto,HIGH,0,0,0.0,1
"""audifonos bluetooth precio""",Concordancia de frase,Tecnologicos,En pausa,En pausa,https://regalospremium.cl/audio/,https://regalospremium.cl/audio/,CURRENT_FORMAT,NO,PRODUCTO,Tecnología,Audífonos y Auriculares,,keyword→objeto,HIGH,0,0,0.0,1
"""audifonos bluetooth wireless""",Concordancia de frase,Tecnologicos,En pausa,En pausa,https://regalospremium.cl/audio/,https://regalospremium.cl/audio/,CURRENT_FORMAT,NO,PRODUCTO,Tecnología,Audífonos y Auriculares,,keyword→objeto,HIGH,0,0,0.0,1
"""audifonos enrollables""",Concordancia de frase,Tecnologicos,En pausa,En pausa,https://regalospremium.cl/audio/,https://regalospremium.cl/audio/,CURRENT_FORMAT,NO,PRODUCTO,Tecnología,Audífonos y Auriculares,,keyword→objeto,HIGH,0,0,0.0,1
"""audífonos inalambricos""",Concordancia de frase,Tecnologicos,En pausa,En pausa,https://regalospremium.cl/audio/,https://regalospremium.cl/audio/,CURRENT_FORMAT,NO,PRODUCTO,Tecnología,Audífonos y Auriculares,,keyword→objeto,HIGH,0,0,0.0,1
"""audifonos inalambricos""",Concordancia de frase,Tecnologicos,En pausa,En pausa,https://regalospremium.cl/audio/,https://regalospremium.cl/audio/,CURRENT_FORMAT,NO,PRODUCTO,Tecnología,Audífonos y Auriculares,,keyword→objeto,HIGH,0,0,0.0,1
"""audifonos inalambricos bluetooth""",Concordancia de frase,Tecnologicos,En pausa,En pausa,https://regalospremium.cl/audio/,https://regalospremium.cl/audio/,CURRENT_FORMAT,NO,PRODUCTO,Tecnología,Audífonos y Auriculares,,keyword→objeto,HIGH,0,0,0.0,1
"""audífonos inalámbricos bluetooth precio""",Concordancia de frase,Tecnologicos,En pausa,En pausa,https://regalospremium.cl/audio/,https://regalospremium.cl/audio/,CURRENT_FORMAT,NO,PRODUCTO,Tecnología,Audífonos y Auriculares,,keyword→objeto,HIGH,0,0,0.0,1
"""audifonos inalambricos comprar""",Concordancia de frase,Tecnologicos,En pausa,En pausa,https://regalospremium.cl/audio/,https://regalospremium.cl/audio/,CURRENT_FORMAT,NO,PRODUCTO,Tecnología,Audífonos y Auriculares,,keyword→objeto,HIGH,0,0,0.0,1
"""audifonos inalambricos mp3""",Concordancia de frase,Tecnologicos,En pausa,En pausa,https://regalospremium.cl/audio/,https://regalospremium.cl/audio/,CURRENT_FORMAT,NO,PRODUCTO,Tecnología,Audífonos y Auriculares,,keyword→objeto,HIGH,0,0,0.0,1
"""audifonos inalambricos precio""",Concordancia de frase,Tecnologicos,En pausa,En pausa,https://regalospremium.cl/audio/,https://regalospremium.cl/audio/,CURRENT_FORMAT,NO,PRODUCTO,Tecnología,Audífonos y Auriculares,,keyword→objeto,HIGH,0,0,0.0,1
"""audifonos inalambricos wireless""",Concordancia de frase,Tecnologicos,En pausa,En pausa,https://regalospremium.cl/audio/,https://regalospremium.cl/audio/,CURRENT_FORMAT,NO,PRODUCTO,Tecnología,Audífonos y Auriculares,,keyword→objeto,HIGH,0,0,0.0,1
"""audifonos mp3""",Concordancia de frase,Tecnologicos,En pausa,En pausa,https://regalospremium.cl/audio/,https://regalospremium.cl/audio/,CURRENT_FORMAT,NO,PRODUCTO,Tecnología,Audífonos y Auriculares,,keyword→objeto,HIGH,0,0,0.0,1
"""audifonos por bluetooth""",Concordancia de frase,Tecnologicos,En pausa,En pausa,https://regalospremium.cl/audio/,https://regalospremium.cl/audio/,CURRENT_FORMAT,NO,PRODUCTO,Tecnología,Audífonos y Auriculares,,keyword→objeto,HIGH,0,0,0.0,1
"""audifonos promocionales""",Concordancia de frase,Tecnologicos,En pausa,En pausa,https://regalospremium.cl/audio/,https://regalospremium.cl/audio/,CURRENT_FORMAT,NO,PRODUCTO,Tecnología,Audífonos y Auriculares,,keyword→objeto,HIGH,0,0,0.0,1
"""audifonos publicidad""",Concordancia de frase,Tecnologicos,En pausa,En pausa,https://regalospremium.cl/audio/,https://regalospremium.cl/audio/,CURRENT_FORMAT,NO,PRODUCTO,Tecnología,Audífonos y Auriculares,,keyword→objeto,HIGH,0,0,0.0,1
"""audifonos wireless headphones""",Concordancia de frase,Tecnologicos,En pausa,En pausa,https://regalospremium.cl/audio/,https://regalospremium.cl/audio/,CURRENT_FORMAT,NO,PRODUCTO,Tecnología,Audífonos y Auriculares,,keyword→objeto,HIGH,0,0,0.0,1
"""audifonos wireless headset""",Concordancia de frase,Tecnologicos,En pausa,En pausa,https://regalospremium.cl/audio/,https://regalospremium.cl/audio/,CURRENT_FORMAT,NO,PRODUCTO,Tecnología,Audífonos y Auriculares,,keyword→objeto,HIGH,0,0,0.0,1
"""audifonos wireless precio""",Concordancia de frase,Tecnologicos,En pausa,En pausa,https://regalospremium.cl/audio/,https://regalospremium.cl/audio/,CURRENT_FORMAT,NO,PRODUCTO,Tecnología,Audífonos y Auriculares,,keyword→objeto,HIGH,0,0,0.0,1
"""auricular bluetooth""",Concordancia de frase,Tecnologicos,En pausa,En pausa,https://regalospremium.cl/audio/,https://regalospremium.cl/audio/,CURRENT_FORMAT,NO,PRODUCTO,Tecnología,Audífonos y Auriculares,,keyword→objeto,HIGH,0,0,0.0,1
"""auricular bluetooth inalambrico""",Concordancia de frase,Tecnologicos,En pausa,En pausa,https://regalospremium.cl/audio/,https://regalospremium.cl/audio/,CURRENT_FORMAT,NO,PRODUCTO,Tecnología,Audífonos y Auriculares,,keyword→objeto,HIGH,0,0,0.0,1
"""auriculares""",Concordancia de frase,Tecnologicos,En pausa,En pausa,https://regalospremium.cl/audio/,https://regalospremium.cl/audio/,CURRENT_FORMAT,NO,PRODUCTO,Tecnología,Audífonos y Auriculares,,keyword→objeto,HIGH,0,0,0.0,1
"""auriculares personalizados""",Concordancia de frase,Tecnologicos,En pausa,En pausa,https://regalospremium.cl/audio/,https://regalospremium.cl/audio/,CURRENT_FORMAT,NO,PRODUCTO,Tecnología,Audífonos y Auriculares,,keyword→objeto,HIGH,0,0,0.0,1
"""bateria externa solar para celulares""",Concordancia de frase,Tecnologicos,En pausa,En pausa,,,EMPTY,NO,PRODUCTO,Tecnología,Power Banks,,keyword→objeto,HIGH,0,0,0.0,1
"""bluetooth audifonos inalambricos""",Concordancia de frase,Tecnologicos,En pausa,En pausa,https://regalospremium.cl/audio/,https://regalospremium.cl/audio/,CURRENT_FORMAT,NO,PRODUCTO,Tecnología,Audífonos y Auriculares,,keyword→objeto,HIGH,0,0,0.0,1
"""cargador powerbank""",Concordancia de frase,Tecnologicos,En pausa,En pausa,https://regalospremium.cl/power-bank-y-accesorios/,https://regalospremium.cl/power-bank-y-accesorios/,CURRENT_FORMAT,NO,PRODUCTO,Tecnología,Power Banks,,keyword→objeto,HIGH,0,0,0.0,1
"""cargador usb de panel para auto""",Concordancia de frase,Tecnologicos,En pausa,En pausa,https://regalospremium.cl/power-bank-y-accesorios/,https://regalospremium.cl/power-bank-y-accesorios/,CURRENT_FORMAT,NO,PRODUCTO,Tecnología,Cargadores,,keyword→objeto,HIGH,0,0,0.0,1
"""cargadores de celulares para auto""",Concordancia de frase,Tecnologicos,En pausa,En pausa,https://regalospremium.cl/power-bank-y-accesorios/,https://regalospremium.cl/power-bank-y-accesorios/,CURRENT_FORMAT,NO,PRODUCTO,Tecnología,Cargadores,,keyword→objeto,HIGH,0,0,0.0,1
"""comprar memoria usb""",Concordancia de frase,Tecnologicos,En pausa,En pausa,https://regalospremium.cl/pendrive-publicitario/,https://regalospremium.cl/pendrive-publicitario/,CURRENT_FORMAT,NO,PRODUCTO,Tecnología,Pendrives,,keyword→objeto,HIGH,0,0,0.0,1
"""comprar un pendrive""",Concordancia de frase,Tecnologicos,En pausa,En pausa,https://regalospremium.cl/pendrive-publicitario/,https://regalospremium.cl/pendrive-publicitario/,CURRENT_FORMAT,NO,PRODUCTO,Tecnología,Pendrives,,keyword→objeto,HIGH,0,0,0.0,1
"""estuche notebook""",Concordancia de frase,Tecnologicos,En pausa,En pausa,https://regalospremium.cl/tecnologicos/,https://regalospremium.cl/tecnologicos/,CURRENT_FORMAT,NO,PRODUCTO,Oficina y Escritura,Libretas y Cuadernos,,keyword→objeto,HIGH,0,0,0.0,1
"""estuche para laptop""",Concordancia de frase,Tecnologicos,En pausa,En pausa,https://regalospremium.cl/tecnologicos/,https://regalospremium.cl/tecnologicos/,CURRENT_FORMAT,NO,USO_CAMPAÑA,Tecnología,,Tecnología,fallback grupo histórico,MEDIUM,0,0,0.0,1
"""estuche para notebook""",Concordancia de frase,Tecnologicos,En pausa,En pausa,https://regalospremium.cl/tecnologicos/,https://regalospremium.cl/tecnologicos/,CURRENT_FORMAT,NO,PRODUCTO,Oficina y Escritura,Libretas y Cuadernos,,keyword→objeto,HIGH,0,0,0.0,1
"""fonos inalambricos""",Concordancia de frase,Tecnologicos,En pausa,En pausa,https://regalospremium.cl/audio/,https://regalospremium.cl/audio/,CURRENT_FORMAT,NO,USO_CAMPAÑA,Tecnología,,Tecnología,fallback grupo histórico,MEDIUM,0,0,0.0,1
"""funda laptop""",Concordancia de frase,Tecnologicos,En pausa,En pausa,https://regalospremium.cl/regalos-promocionales-tecnologicos/,https://regalospremium.cl/regalos-promocionales-tecnologicos/,CURRENT_FORMAT,NO,PRODUCTO,Bolsos y Viaje,Maletines y Fundas,,keyword→objeto,HIGH,0,0,0.0,1
"""funda laptop 14""",Concordancia de frase,Tecnologicos,En pausa,En pausa,https://regalospremium.cl/tecnologicos/,https://regalospremium.cl/tecnologicos/,CURRENT_FORMAT,NO,PRODUCTO,Bolsos y Viaje,Maletines y Fundas,,keyword→objeto,HIGH,0,0,0.0,1
"""funda notebook""",Concordancia de frase,Tecnologicos,En pausa,En pausa,https://regalospremium.cl/tecnologicos/,https://regalospremium.cl/tecnologicos/,CURRENT_FORMAT,NO,PRODUCTO,Oficina y Escritura,Libretas y Cuadernos,,keyword→objeto,HIGH,0,0,0.0,1
"""funda notebook 15.6""",Concordancia de frase,Tecnologicos,En pausa,En pausa,https://regalospremium.cl/tecnologicos/,https://regalospremium.cl/tecnologicos/,CURRENT_FORMAT,NO,PRODUCTO,Oficina y Escritura,Libretas y Cuadernos,,keyword→objeto,HIGH,0,0,0.0,1
"""funda para laptop 15.6""",Concordancia de frase,Tecnologicos,En pausa,En pausa,https://regalospremium.cl/tecnologicos/,https://regalospremium.cl/tecnologicos/,CURRENT_FORMAT,NO,PRODUCTO,Bolsos y Viaje,Maletines y Fundas,,keyword→objeto,HIGH,0,0,0.0,1
"""funda para notebook""",Concordancia de frase,Tecnologicos,En pausa,En pausa,https://regalospremium.cl/tecnologicos/,https://regalospremium.cl/tecnologicos/,CURRENT_FORMAT,NO,PRODUCTO,Oficina y Escritura,Libretas y Cuadernos,,keyword→objeto,HIGH,0,0,0.0,1
"""funda portatil""",Concordancia de frase,Tecnologicos,En pausa,En pausa,https://regalospremium.cl/tecnologicos/,https://regalospremium.cl/tecnologicos/,CURRENT_FORMAT,NO,PRODUCTO,Bolsos y Viaje,Maletines y Fundas,,keyword→objeto,HIGH,0,0,0.0,1
"""fundas para laptop""",Concordancia de frase,Tecnologicos,En pausa,En pausa,https://regalospremium.cl/tecnologicos/,https://regalospremium.cl/tecnologicos/,CURRENT_FORMAT,NO,PRODUCTO,Bolsos y Viaje,Maletines y Fundas,,keyword→objeto,HIGH,0,0,0.0,1
"""los audífonos de bluetooth""",Concordancia de frase,Tecnologicos,En pausa,En pausa,https://regalospremium.cl/audio/,https://regalospremium.cl/audio/,CURRENT_FORMAT,NO,PRODUCTO,Tecnología,Audífonos y Auriculares,,keyword→objeto,HIGH,0,0,0.0,1
"""los audífonos inalámbricos""",Concordancia de frase,Tecnologicos,En pausa,En pausa,https://regalospremium.cl/audio/,https://regalospremium.cl/audio/,CURRENT_FORMAT,NO,PRODUCTO,Tecnología,Audífonos y Auriculares,,keyword→objeto,HIGH,0,0,0.0,1
"""memoria flash usb""",Concordancia de frase,Tecnologicos,En pausa,En pausa,https://regalospremium.cl/pendrive-publicitario/,https://regalospremium.cl/pendrive-publicitario/,CURRENT_FORMAT,NO,USO_CAMPAÑA,Tecnología,,Tecnología,fallback grupo histórico,MEDIUM,0,0,0.0,1
"""memoria pendrive""",Concordancia de frase,Tecnologicos,En pausa,En pausa,https://regalospremium.cl/power-bank-y-accesorios/,https://regalospremium.cl/power-bank-y-accesorios/,CURRENT_FORMAT,NO,PRODUCTO,Tecnología,Pendrives,,keyword→objeto,HIGH,0,0,0.0,1
"""memoria usb""",Concordancia de frase,Tecnologicos,En pausa,En pausa,https://regalospremium.cl/power-bank-y-accesorios/,https://regalospremium.cl/power-bank-y-accesorios/,CURRENT_FORMAT,NO,PRODUCTO,Tecnología,Pendrives,,keyword→objeto,HIGH,0,0,0.0,1
"""memorias usb precios""",Concordancia de frase,Tecnologicos,En pausa,En pausa,https://regalospremium.cl/pendrive-publicitario/,https://regalospremium.cl/pendrive-publicitario/,CURRENT_FORMAT,NO,USO_CAMPAÑA,Tecnología,,Tecnología,fallback grupo histórico,MEDIUM,0,0,0.0,1
"""mochila publicitaria""",Concordancia de frase,Tecnologicos,En pausa,En pausa,https://regalospremium.cl/mochilas/,https://regalospremium.cl/mochilas/,CURRENT_FORMAT,NO,PRODUCTO,Bolsos y Viaje,Mochilas,,keyword→objeto,HIGH,0,0,0.0,1
"""mouse pad publicitario""",Concordancia de frase,Tecnologicos,En pausa,En pausa,https://regalospremium.cl/busqueda?controller=search&s=mouse,https://regalospremium.cl/busqueda?controller=search&s=mouse,INTERNAL_SEARCH,NO,PRODUCTO,Tecnología,Mouse y Teclados,,keyword→objeto,HIGH,0,0,0.0,1
"""parlante celular""",Concordancia de frase,Tecnologicos,En pausa,En pausa,https://regalospremium.cl/audio/,https://regalospremium.cl/audio/,CURRENT_FORMAT,NO,PRODUCTO,Tecnología,Parlantes,,keyword→objeto,HIGH,0,0,0.0,1
"""parlante promocional""",Concordancia de frase,Tecnologicos,En pausa,En pausa,https://regalospremium.cl/audio/,https://regalospremium.cl/audio/,CURRENT_FORMAT,NO,PRODUCTO,Tecnología,Parlantes,,keyword→objeto,HIGH,0,0,0.0,1
"""parlantes para publicidad movil""",Concordancia de frase,Tecnologicos,En pausa,En pausa,https://regalospremium.cl/audio/,https://regalospremium.cl/audio/,CURRENT_FORMAT,NO,PRODUCTO,Tecnología,Parlantes,,keyword→objeto,HIGH,0,0,0.0,1
"""pendrive 16 gb""",Concordancia de frase,Tecnologicos,En pausa,En pausa,https://regalospremium.cl/power-bank-y-accesorios/,https://regalospremium.cl/power-bank-y-accesorios/,CURRENT_FORMAT,NO,PRODUCTO,Tecnología,Pendrives,,keyword→objeto,HIGH,0,0,0.0,1
"""pendrive 16GB""",Concordancia de frase,Tecnologicos,En pausa,En pausa,https://regalospremium.cl/pendrive-publicitario/,https://regalospremium.cl/pendrive-publicitario/,CURRENT_FORMAT,NO,PRODUCTO,Tecnología,Pendrives,,keyword→objeto,HIGH,0,0,0.0,1
"""pendrive 2tb""",Concordancia de frase,Tecnologicos,En pausa,En pausa,https://regalospremium.cl/pendrive-publicitario/,https://regalospremium.cl/pendrive-publicitario/,CURRENT_FORMAT,NO,PRODUCTO,Tecnología,Pendrives,,keyword→objeto,HIGH,0,0,0.0,1
"""pendrive 32gb""",Concordancia de frase,Tecnologicos,En pausa,En pausa,https://regalospremium.cl/power-bank-y-accesorios/,https://regalospremium.cl/power-bank-y-accesorios/,CURRENT_FORMAT,NO,PRODUCTO,Tecnología,Pendrives,,keyword→objeto,HIGH,0,0,0.0,1
"""pendrive 4g llave""",Concordancia de frase,Tecnologicos,En pausa,En pausa,https://regalospremium.cl/pendrive-publicitario/,https://regalospremium.cl/pendrive-publicitario/,CURRENT_FORMAT,NO,PRODUCTO,Tecnología,Pendrives,,keyword→objeto,HIGH,0,0,0.0,1
"""pendrive 64 gb""",Concordancia de frase,Tecnologicos,En pausa,En pausa,https://regalospremium.cl/pendrive-publicitario/,https://regalospremium.cl/pendrive-publicitario/,CURRENT_FORMAT,NO,PRODUCTO,Tecnología,Pendrives,,keyword→objeto,HIGH,0,0,0.0,1
"""pendrive 8 gb""",Concordancia de frase,Tecnologicos,En pausa,En pausa,https://regalospremium.cl/pendrive-publicitario/,https://regalospremium.cl/pendrive-publicitario/,CURRENT_FORMAT,NO,PRODUCTO,Tecnología,Pendrives,,keyword→objeto,HIGH,0,0,0.0,1
"""pendrive 8GB""",Concordancia de frase,Tecnologicos,En pausa,En pausa,https://regalospremium.cl/pendrive-publicitario/,https://regalospremium.cl/pendrive-publicitario/,CURRENT_FORMAT,NO,PRODUCTO,Tecnología,Pendrives,,keyword→objeto,HIGH,0,0,0.0,1
"""pendrive baratos""",Concordancia de frase,Tecnologicos,En pausa,En pausa,https://regalospremium.cl/pendrive-publicitario/,https://regalospremium.cl/pendrive-publicitario/,CURRENT_FORMAT,NO,PRODUCTO,Tecnología,Pendrives,,keyword→objeto,HIGH,0,0,0.0,1
"""pendrive baratos al por mayor""",Concordancia de frase,Tecnologicos,En pausa,En pausa,https://regalospremium.cl/pendrive-publicitario/,https://regalospremium.cl/pendrive-publicitario/,CURRENT_FORMAT,NO,PRODUCTO,Tecnología,Pendrives,,keyword→objeto,HIGH,0,0,0.0,1
"""Pendrive con logo""",Concordancia de frase,Tecnologicos,En pausa,En pausa,https://regalospremium.cl/pendrive-publicitario/,https://regalospremium.cl/pendrive-publicitario/,CURRENT_FORMAT,NO,PRODUCTO,Tecnología,Pendrives,,keyword→objeto,HIGH,0,0,0.0,1
"""pendrive corporativos""",Concordancia de frase,Tecnologicos,En pausa,En pausa,https://regalospremium.cl/memorias-√,,INVALID,NO,PRODUCTO,Tecnología,Pendrives,,keyword→objeto,HIGH,0,0,0.0,1
"""pendrive economicos""",Concordancia de frase,Tecnologicos,En pausa,En pausa,https://regalospremium.cl/memorias-usb/,https://regalospremium.cl/memorias-usb/,CURRENT_FORMAT,NO,PRODUCTO,Tecnología,Pendrives,,keyword→objeto,HIGH,0,0,0.0,1
"""Pendrive estampado""",Concordancia de frase,Tecnologicos,En pausa,En pausa,https://regalospremium.cl/pendrive-publicitario/,https://regalospremium.cl/pendrive-publicitario/,CURRENT_FORMAT,NO,PRODUCTO,Tecnología,Pendrives,,keyword→objeto,HIGH,0,0,0.0,1
"""pendrive grabados""",Concordancia de frase,Tecnologicos,En pausa,En pausa,https://regalospremium.cl/pendrive-publicitario/,https://regalospremium.cl/pendrive-publicitario/,CURRENT_FORMAT,NO,PRODUCTO,Tecnología,Pendrives,,keyword→objeto,HIGH,0,0,0.0,1
"""pendrive marketing""",Concordancia de frase,Tecnologicos,En pausa,En pausa,https://regalospremium.cl/pendrive-publicitario/,https://regalospremium.cl/pendrive-publicitario/,CURRENT_FORMAT,NO,PRODUCTO,Tecnología,Pendrives,,keyword→objeto,HIGH,0,0,0.0,1
"""pendrive metal""",Concordancia de frase,Tecnologicos,En pausa,En pausa,https://regalospremium.cl/pendrive-publicitario/,https://regalospremium.cl/pendrive-publicitario/,CURRENT_FORMAT,NO,PRODUCTO,Tecnología,Pendrives,,keyword→objeto,HIGH,0,0,0.0,1
"""pendrive personalizado""",Concordancia de frase,Tecnologicos,En pausa,En pausa,https://regalospremium.cl/pendrive-publicitario/,https://regalospremium.cl/pendrive-publicitario/,CURRENT_FORMAT,NO,PRODUCTO,Tecnología,Pendrives,,keyword→objeto,HIGH,0,0,0.0,1
"""pendrive por mayor""",Concordancia de frase,Tecnologicos,En pausa,En pausa,https://regalospremium.cl/pendrive-publicitario/,https://regalospremium.cl/pendrive-publicitario/,CURRENT_FORMAT,NO,PRODUCTO,Tecnología,Pendrives,,keyword→objeto,HIGH,0,0,0.0,1
"""pendrive precios""",Concordancia de frase,Tecnologicos,En pausa,En pausa,https://regalospremium.cl/pendrive-publicitario/,https://regalospremium.cl/pendrive-publicitario/,CURRENT_FORMAT,NO,PRODUCTO,Tecnología,Pendrives,,keyword→objeto,HIGH,0,0,0.0,1
"""pendrive tarjeta""",Concordancia de frase,Tecnologicos,En pausa,En pausa,,,EMPTY,NO,PRODUCTO,Tecnología,Pendrives,,keyword→objeto,HIGH,0,0,0.0,1
"""pendrive usb""",Concordancia de frase,Tecnologicos,En pausa,En pausa,https://regalospremium.cl/√,,INVALID,NO,PRODUCTO,Tecnología,Pendrives,,keyword→objeto,HIGH,0,0,0.0,1
"""pendrives""",Concordancia de frase,Tecnologicos,En pausa,En pausa,https://regalospremium.cl/power-bank-y-accesorios/,https://regalospremium.cl/power-bank-y-accesorios/,CURRENT_FORMAT,NO,PRODUCTO,Tecnología,Pendrives,,keyword→objeto,HIGH,0,0,0.0,1
"""pendrives 4gb""",Concordancia de frase,Tecnologicos,En pausa,En pausa,https://regalospremium.cl/pendrive-publicitario/,https://regalospremium.cl/pendrive-publicitario/,CURRENT_FORMAT,NO,PRODUCTO,Tecnología,Pendrives,,keyword→objeto,HIGH,0,0,0.0,1
"""pendrives bambu""",Concordancia de frase,Tecnologicos,En pausa,En pausa,https://regalospremium.cl/pendrive-publicitario/,https://regalospremium.cl/pendrive-publicitario/,CURRENT_FORMAT,NO,PRODUCTO,Tecnología,Pendrives,,keyword→objeto,HIGH,0,0,0.0,1
"""pendrives personalizados""",Concordancia de frase,Tecnologicos,En pausa,En pausa,https://regalospremium.cl/pendrive-publicitario/,https://regalospremium.cl/pendrive-publicitario/,CURRENT_FORMAT,NO,PRODUCTO,Tecnología,Pendrives,,keyword→objeto,HIGH,0,0,0.0,1
"""pendrives por mayor valor""",Concordancia de frase,Tecnologicos,En pausa,En pausa,https://regalospremium.cl/pendrive-publicitario/,https://regalospremium.cl/pendrive-publicitario/,CURRENT_FORMAT,NO,PRODUCTO,Tecnología,Pendrives,,keyword→objeto,HIGH,0,0,0.0,1
"""pendrives promocionales""",Concordancia de frase,Tecnologicos,En pausa,En pausa,https://regalospremium.cl/pendrive-publicitario/,https://regalospremium.cl/pendrive-publicitario/,CURRENT_FORMAT,NO,PRODUCTO,Tecnología,Pendrives,,keyword→objeto,HIGH,0,0,0.0,1
"""pendrives publicitarios""",Concordancia de frase,Tecnologicos,En pausa,En pausa,https://regalospremium.cl/pendrive-publicitario/,https://regalospremium.cl/pendrive-publicitario/,CURRENT_FORMAT,NO,PRODUCTO,Tecnología,Pendrives,,keyword→objeto,HIGH,0,0,0.0,1
"""power bank 40000mah""",Concordancia de frase,Tecnologicos,En pausa,En pausa,https://regalospremium.cl/power-bank-y-accesorios/,https://regalospremium.cl/power-bank-y-accesorios/,CURRENT_FORMAT,NO,PRODUCTO,Tecnología,Power Banks,,keyword→objeto,HIGH,0,0,0.0,1
"""power bank cargador""",Concordancia de frase,Tecnologicos,En pausa,En pausa,https://regalospremium.cl/power-bank-y-accesorios/,https://regalospremium.cl/power-bank-y-accesorios/,CURRENT_FORMAT,NO,PRODUCTO,Tecnología,Power Banks,,keyword→objeto,HIGH,0,0,0.0,1
"""power bank con logo""",Concordancia de frase,Tecnologicos,En pausa,En pausa,https://regalospremium.cl/power-bank-y-accesorios/,https://regalospremium.cl/power-bank-y-accesorios/,CURRENT_FORMAT,NO,PRODUCTO,Tecnología,Power Banks,,keyword→objeto,HIGH,0,0,0.0,1
"""power bank solar""",Concordancia de frase,Tecnologicos,En pausa,En pausa,https://regalospremium.cl/power-bank-y-accesorios/,https://regalospremium.cl/power-bank-y-accesorios/,CURRENT_FORMAT,NO,PRODUCTO,Tecnología,Power Banks,,keyword→objeto,HIGH,0,0,0.0,1
"""power banks""",Concordancia de frase,Tecnologicos,Habilitado,Limitado,https://regalospremium.cl/power-bank-y-accesorios/,https://regalospremium.cl/power-bank-y-accesorios/,CURRENT_FORMAT,NO,PRODUCTO,Tecnología,Power Banks,,keyword→objeto,HIGH,0,0,0.0,1
"""powerbank 2200""",Concordancia de frase,Tecnologicos,En pausa,En pausa,https://regalospremium.cl/power-bank-y-accesorios/,https://regalospremium.cl/power-bank-y-accesorios/,CURRENT_FORMAT,NO,PRODUCTO,Tecnología,Power Banks,,keyword→objeto,HIGH,0,0,0.0,1
"""precio pen""",Concordancia de frase,Tecnologicos,En pausa,En pausa,https://regalospremium.cl/pendrive-publicitario/,https://regalospremium.cl/pendrive-publicitario/,CURRENT_FORMAT,NO,USO_CAMPAÑA,Tecnología,,Tecnología,fallback grupo histórico,MEDIUM,0,0,0.0,1
"""publicidad audifonos""",Concordancia de frase,Tecnologicos,En pausa,En pausa,https://regalospremium.cl/audio/,https://regalospremium.cl/audio/,CURRENT_FORMAT,NO,PRODUCTO,Tecnología,Audífonos y Auriculares,,keyword→objeto,HIGH,0,0,0.0,1
"""publicidad parlante""",Concordancia de frase,Tecnologicos,En pausa,En pausa,https://regalospremium.cl/audio/,https://regalospremium.cl/audio/,CURRENT_FORMAT,NO,PRODUCTO,Tecnología,Parlantes,,keyword→objeto,HIGH,0,0,0.0,1
"""usb para auto""",Concordancia de frase,Tecnologicos,En pausa,En pausa,https://regalospremium.cl/memorias-usb/,https://regalospremium.cl/memorias-usb/,CURRENT_FORMAT,NO,USO_CAMPAÑA,Tecnología,,Tecnología,fallback grupo histórico,MEDIUM,0,0,0.0,1
"""venta de audifonos inalambricos""",Concordancia de frase,Tecnologicos,En pausa,En pausa,https://regalospremium.cl/audio/,https://regalospremium.cl/audio/,CURRENT_FORMAT,NO,PRODUCTO,Tecnología,Audífonos y Auriculares,,keyword→objeto,HIGH,0,0,0.0,1
"""venta de pendrive""",Concordancia de frase,Tecnologicos,En pausa,En pausa,https://regalospremium.cl/pendrive-publicitario/,https://regalospremium.cl/pendrive-publicitario/,CURRENT_FORMAT,NO,PRODUCTO,Tecnología,Pendrives,,keyword→objeto,HIGH,0,0,0.0,1
"""abanico merchandising""",Concordancia de frase,Verano,En pausa,En pausa,https://regalospremium.cl/verano/,https://regalospremium.cl/verano/,CURRENT_FORMAT,NO,PRODUCTO,Promocionales,Abanicos,,keyword→objeto,HIGH,0,0,0.0,1
"""abanico publicitario""",Concordancia de frase,Verano,En pausa,En pausa,https://regalospremium.cl/verano/,https://regalospremium.cl/verano/,CURRENT_FORMAT,NO,PRODUCTO,Promocionales,Abanicos,,keyword→objeto,HIGH,0,0,0.0,1
"""Abanicos personalizados.""",Concordancia de frase,Verano,En pausa,En pausa,https://regalospremium.cl/verano/,https://regalospremium.cl/verano/,CURRENT_FORMAT,NO,PRODUCTO,Promocionales,Abanicos,,keyword→objeto,HIGH,0,0,0.0,1
"""bag cooler""",Concordancia de frase,Verano,En pausa,En pausa,https://regalospremium.cl/verano/,https://regalospremium.cl/verano/,CURRENT_FORMAT,NO,PRODUCTO,Bolsos y Viaje,Coolers,,keyword→objeto,HIGH,0,0,0.0,1
"""Bandanas""",Concordancia de frase,Verano,En pausa,En pausa,https://regalospremium.cl/verano/,https://regalospremium.cl/verano/,CURRENT_FORMAT,NO,USO_CAMPAÑA,,,Verano,fallback grupo histórico,MEDIUM,0,0,0.0,1
"""Bolsas de playa""",Concordancia de frase,Verano,En pausa,En pausa,https://regalospremium.cl/verano/,https://regalospremium.cl/verano/,CURRENT_FORMAT,NO,PRODUCTO,Bolsos y Viaje,Bolsas,,keyword→objeto,HIGH,0,0,0.0,1
"""Bolsas ecológicas para compras personalizadas.""",Concordancia de frase,Verano,En pausa,En pausa,https://regalospremium.cl/verano/,https://regalospremium.cl/verano/,CURRENT_FORMAT,NO,PRODUCTO,Bolsos y Viaje,Bolsas,,keyword→objeto,HIGH,0,0,0.0,1
"""Bolsas impermeables""",Concordancia de frase,Verano,En pausa,En pausa,https://regalospremium.cl/verano/,https://regalospremium.cl/verano/,CURRENT_FORMAT,NO,PRODUCTO,Bolsos y Viaje,Bolsas,,keyword→objeto,HIGH,0,0,0.0,1
"""bolso cooler""",Concordancia de frase,Verano,En pausa,En pausa,https://regalospremium.cl/verano/?page=2,https://regalospremium.cl/verano/?page=2,CURRENT_FORMAT,NO,PRODUCTO,Bolsos y Viaje,Coolers,,keyword→objeto,HIGH,0,0,0.0,1
"""bolso de mujer""",Concordancia de frase,Verano,En pausa,En pausa,,,EMPTY,NO,PRODUCTO,Bolsos y Viaje,Bolsos,,keyword→objeto,HIGH,0,0,0.0,1
"""bolso de viaje para""",Concordancia de frase,Verano,En pausa,En pausa,https://regalospremium.cl/verano/?page=2,https://regalospremium.cl/verano/?page=2,CURRENT_FORMAT,NO,PRODUCTO,Bolsos y Viaje,Bolsos de Viaje,,keyword→objeto,HIGH,0,0,0.0,1
"""bolso index""",Concordancia de frase,Verano,En pausa,En pausa,,,EMPTY,NO,PRODUCTO,Bolsos y Viaje,Bolsos,,keyword→objeto,HIGH,0,0,0.0,1
"""bolso mujer""",Concordancia de frase,Verano,En pausa,En pausa,,,EMPTY,NO,PRODUCTO,Bolsos y Viaje,Bolsos,,keyword→objeto,HIGH,0,0,0.0,1
"""bolso para viaje""",Concordancia de frase,Verano,En pausa,En pausa,https://regalospremium.cl/verano/?page=2,https://regalospremium.cl/verano/?page=2,CURRENT_FORMAT,NO,PRODUCTO,Bolsos y Viaje,Bolsos de Viaje,,keyword→objeto,HIGH,0,0,0.0,1
"""bolso térmico""",Concordancia de frase,Verano,En pausa,En pausa,https://regalospremium.cl/verano/?page=2,https://regalospremium.cl/verano/?page=2,CURRENT_FORMAT,NO,PRODUCTO,Bolsos y Viaje,Bolsos,,keyword→objeto,HIGH,0,0,0.0,1
"""bolso térmico cooler""",Concordancia de frase,Verano,En pausa,En pausa,,,EMPTY,NO,PRODUCTO,Bolsos y Viaje,Coolers,,keyword→objeto,HIGH,0,0,0.0,1
"""bolsón de viaje""",Concordancia de frase,Verano,En pausa,En pausa,https://regalospremium.cl/verano/?page=2,https://regalospremium.cl/verano/?page=2,CURRENT_FORMAT,NO,PRODUCTO,Bolsos y Viaje,Bolsos de Viaje,,keyword→objeto,HIGH,0,0,0.0,1
"""bolsones para viaje""",Concordancia de frase,Verano,En pausa,En pausa,https://regalospremium.cl/verano/?page=2,https://regalospremium.cl/verano/?page=2,CURRENT_FORMAT,NO,PRODUCTO,Bolsos y Viaje,Bolsos de Viaje,,keyword→objeto,HIGH,0,0,0.0,1
"""bolsos""",Concordancia de frase,Verano,En pausa,En pausa,https://regalospremium.cl/verano/?page=2,https://regalospremium.cl/verano/?page=2,CURRENT_FORMAT,NO,PRODUCTO,Bolsos y Viaje,Bolsos,,keyword→objeto,HIGH,0,0,0.0,1
"""bolsos bolsos""",Concordancia de frase,Verano,En pausa,En pausa,,,EMPTY,NO,PRODUCTO,Bolsos y Viaje,Bolsos,,keyword→objeto,HIGH,0,0,0.0,1
"""bolsos de marca""",Concordancia de frase,Verano,En pausa,En pausa,,,EMPTY,NO,PRODUCTO,Bolsos y Viaje,Bolsos,,keyword→objeto,HIGH,0,0,0.0,1
"""bolsos de mujer""",Concordancia de frase,Verano,En pausa,En pausa,,,EMPTY,NO,PRODUCTO,Bolsos y Viaje,Bolsos,,keyword→objeto,HIGH,0,0,0.0,1
"""bolsos de viaje""",Concordancia de frase,Verano,En pausa,En pausa,https://regalospremium.cl/verano/?page=2,https://regalospremium.cl/verano/?page=2,CURRENT_FORMAT,NO,PRODUCTO,Bolsos y Viaje,Bolsos de Viaje,,keyword→objeto,HIGH,0,0,0.0,1
"""bolsos de viajes""",Concordancia de frase,Verano,En pausa,En pausa,https://regalospremium.cl/verano/?page=2,https://regalospremium.cl/verano/?page=2,CURRENT_FORMAT,NO,PRODUCTO,Bolsos y Viaje,Bolsos de Viaje,,keyword→objeto,HIGH,0,0,0.0,1
"""bolsos deportivos""",Concordancia de frase,Verano,En pausa,En pausa,https://regalospremium.cl/verano/?page=2,https://regalospremium.cl/verano/?page=2,CURRENT_FORMAT,NO,PRODUCTO,Bolsos y Viaje,Bolsos,,keyword→objeto,HIGH,0,0,0.0,1
"""bolsos ecologicos""",Concordancia de frase,Verano,En pausa,En pausa,,,EMPTY,NO,PRODUCTO,Bolsos y Viaje,Bolsos,,keyword→objeto,HIGH,0,0,0.0,1
"""bolsos index""",Concordancia de frase,Verano,En pausa,En pausa,,,EMPTY,NO,PRODUCTO,Bolsos y Viaje,Bolsos,,keyword→objeto,HIGH,0,0,0.0,1
"""bolsos mochilas""",Concordancia de frase,Verano,En pausa,En pausa,https://regalospremium.cl/verano/?page=2,https://regalospremium.cl/verano/?page=2,CURRENT_FORMAT,NO,PRODUCTO,Bolsos y Viaje,Mochilas,,keyword→objeto,HIGH,0,0,0.0,1
"""bolsos para deportistas""",Concordancia de frase,Verano,En pausa,En pausa,https://regalospremium.cl/verano/?page=2,https://regalospremium.cl/verano/?page=2,CURRENT_FORMAT,NO,PRODUCTO,Bolsos y Viaje,Bolsos,,keyword→objeto,HIGH,0,0,0.0,1
"""bolsos para sublimar al mayor""",Concordancia de frase,Verano,En pausa,En pausa,https://regalospremium.cl/verano/?page=2,https://regalospremium.cl/verano/?page=2,CURRENT_FORMAT,NO,PRODUCTO,Bolsos y Viaje,Bolsos,,keyword→objeto,HIGH,0,0,0.0,1
"""bolsos porta notebook""",Concordancia de frase,Verano,En pausa,En pausa,https://regalospremium.cl/verano/?page=2,https://regalospremium.cl/verano/?page=2,CURRENT_FORMAT,NO,PRODUCTO,Oficina y Escritura,Libretas y Cuadernos,,keyword→objeto,HIGH,0,0,0.0,1
"""bolsos publicitarios""",Concordancia de frase,Verano,En pausa,En pausa,https://regalospremium.cl/verano/?page=2,https://regalospremium.cl/verano/?page=2,CURRENT_FORMAT,NO,PRODUCTO,Bolsos y Viaje,Bolsos,,keyword→objeto,HIGH,0,0,0.0,1
"""camisetas""",Concordancia de frase,Verano,En pausa,En pausa,https://regalospremium.cl/verano/,https://regalospremium.cl/verano/,CURRENT_FORMAT,NO,PRODUCTO,Textil,Poleras,,keyword→objeto,HIGH,0,0,0.0,1
"""Caramayola Publicitaria""",Concordancia de frase,Verano,En pausa,En pausa,https://regalospremium.cl/verano/,https://regalospremium.cl/verano/,CURRENT_FORMAT,NO,USO_CAMPAÑA,,,Verano,fallback grupo histórico,MEDIUM,0,0,0.0,1
"""comprar mochilas""",Concordancia de frase,Verano,En pausa,En pausa,,,EMPTY,NO,PRODUCTO,Bolsos y Viaje,Mochilas,,keyword→objeto,HIGH,0,0,0.0,1
"""comprar parasol""",Concordancia de frase,Verano,En pausa,En pausa,https://regalospremium.cl/verano/,https://regalospremium.cl/verano/,CURRENT_FORMAT,NO,PRODUCTO,Herramientas y Outdoor,Accesorios de Automóvil,,keyword→objeto,HIGH,0,0,0.0,1
"""cooler bag""",Concordancia de frase,Verano,En pausa,En pausa,https://regalospremium.cl/verano/,https://regalospremium.cl/verano/,CURRENT_FORMAT,NO,PRODUCTO,Bolsos y Viaje,Coolers,,keyword→objeto,HIGH,0,0,0.0,1
"""cooler playa""",Concordancia de frase,Verano,En pausa,En pausa,https://regalospremium.cl/verano/,https://regalospremium.cl/verano/,CURRENT_FORMAT,NO,PRODUCTO,Bolsos y Viaje,Coolers,,keyword→objeto,HIGH,0,0,0.0,1
"""cooler termico""",Concordancia de frase,Verano,En pausa,En pausa,https://regalospremium.cl/verano/,https://regalospremium.cl/verano/,CURRENT_FORMAT,NO,PRODUCTO,Bolsos y Viaje,Coolers,,keyword→objeto,HIGH,0,0,0.0,1
"""disco volador""",Concordancia de frase,Verano,En pausa,En pausa,https://regalospremium.cl/verano/,https://regalospremium.cl/verano/,CURRENT_FORMAT,NO,USO_CAMPAÑA,,,Verano,fallback grupo histórico,MEDIUM,0,0,0.0,1
"""discos frisbee""",Concordancia de frase,Verano,En pausa,En pausa,https://regalospremium.cl/verano/,https://regalospremium.cl/verano/,CURRENT_FORMAT,NO,PRODUCTO,Herramientas y Outdoor,Artículos Deportivos,,keyword→objeto,HIGH,0,0,0.0,1
"""estera para playa""",Concordancia de frase,Verano,En pausa,En pausa,https://regalospremium.cl/verano/?page=2,https://regalospremium.cl/verano/?page=2,CURRENT_FORMAT,NO,USO_CAMPAÑA,,,Verano,fallback grupo histórico,MEDIUM,0,0,0.0,1
"""esterilla de playa""",Concordancia de frase,Verano,En pausa,En pausa,https://regalospremium.cl/verano/,https://regalospremium.cl/verano/,CURRENT_FORMAT,NO,USO_CAMPAÑA,,,Verano,fallback grupo histórico,MEDIUM,0,0,0.0,1
"""esterilla de playa con logo""",Concordancia de frase,Verano,En pausa,En pausa,https://regalospremium.cl/verano/,https://regalospremium.cl/verano/,CURRENT_FORMAT,NO,USO_CAMPAÑA,,,Verano,fallback grupo histórico,MEDIUM,0,0,0.0,1
"""esterilla playa""",Concordancia de frase,Verano,En pausa,En pausa,https://regalospremium.cl/verano/,https://regalospremium.cl/verano/,CURRENT_FORMAT,NO,USO_CAMPAÑA,,,Verano,fallback grupo histórico,MEDIUM,0,0,0.0,1
"""esterilla playa con respaldo""",Concordancia de frase,Verano,En pausa,En pausa,https://regalospremium.cl/verano/,https://regalospremium.cl/verano/,CURRENT_FORMAT,NO,USO_CAMPAÑA,,,Verano,fallback grupo histórico,MEDIUM,0,0,0.0,1
"""Fiambreras""",Concordancia de frase,Verano,En pausa,En pausa,https://regalospremium.cl/verano/,https://regalospremium.cl/verano/,CURRENT_FORMAT,NO,USO_CAMPAÑA,,,Verano,fallback grupo histórico,MEDIUM,0,0,0.0,1
"""frisbee de playa""",Concordancia de frase,Verano,En pausa,En pausa,https://regalospremium.cl/verano/,https://regalospremium.cl/verano/,CURRENT_FORMAT,NO,PRODUCTO,Herramientas y Outdoor,Artículos Deportivos,,keyword→objeto,HIGH,0,0,0.0,1
"""frisbee plastico""",Concordancia de frase,Verano,En pausa,En pausa,https://regalospremium.cl/verano/,https://regalospremium.cl/verano/,CURRENT_FORMAT,NO,PRODUCTO,Herramientas y Outdoor,Artículos Deportivos,,keyword→objeto,HIGH,0,0,0.0,1
"""frisbee volador""",Concordancia de frase,Verano,En pausa,En pausa,https://regalospremium.cl/verano/,https://regalospremium.cl/verano/,CURRENT_FORMAT,NO,PRODUCTO,Herramientas y Outdoor,Artículos Deportivos,,keyword→objeto,HIGH,0,0,0.0,1
"""frisbees personalizados.""",Concordancia de frase,Verano,En pausa,En pausa,https://regalospremium.cl/verano/,https://regalospremium.cl/verano/,CURRENT_FORMAT,NO,PRODUCTO,Herramientas y Outdoor,Artículos Deportivos,,keyword→objeto,HIGH,0,0,0.0,1
"""frisby volador""",Concordancia de frase,Verano,En pausa,En pausa,https://regalospremium.cl/verano/,https://regalospremium.cl/verano/,CURRENT_FORMAT,NO,USO_CAMPAÑA,,,Verano,fallback grupo histórico,MEDIUM,0,0,0.0,1
"""gorras""",Concordancia de frase,Verano,En pausa,En pausa,https://regalospremium.cl/verano/,https://regalospremium.cl/verano/,CURRENT_FORMAT,NO,PRODUCTO,Textil,Gorras y Sombreros,,keyword→objeto,HIGH,0,0,0.0,1
"""gorras gorras""",Concordancia de frase,Verano,En pausa,En pausa,https://regalospremium.cl/verano/,https://regalospremium.cl/verano/,CURRENT_FORMAT,NO,PRODUCTO,Textil,Gorras y Sombreros,,keyword→objeto,HIGH,0,0,0.0,1
"""gorras originales""",Concordancia de frase,Verano,En pausa,En pausa,https://regalospremium.cl/verano/,https://regalospremium.cl/verano/,CURRENT_FORMAT,NO,PRODUCTO,Textil,Gorras y Sombreros,,keyword→objeto,HIGH,0,0,0.0,1
"""llavero nautico""",Concordancia de frase,Verano,En pausa,En pausa,https://regalospremium.cl/verano/,https://regalospremium.cl/verano/,CURRENT_FORMAT,NO,PRODUCTO,Promocionales,Llaveros,,keyword→objeto,HIGH,0,0,0.0,1
"""Mini altavoces portátiles Bluetooth""",Concordancia de frase,Verano,En pausa,En pausa,https://regalospremium.cl/verano/,https://regalospremium.cl/verano/,CURRENT_FORMAT,NO,USO_CAMPAÑA,,,Verano,fallback grupo histórico,MEDIUM,0,0,0.0,1
"""mini ventilador usb""",Concordancia de frase,Verano,En pausa,En pausa,https://regalospremium.cl/verano/,https://regalospremium.cl/verano/,CURRENT_FORMAT,NO,USO_CAMPAÑA,,,Verano,fallback grupo histórico,MEDIUM,0,0,0.0,1
"""mochila cooler""",Concordancia de frase,Verano,En pausa,En pausa,https://regalospremium.cl/verano/,https://regalospremium.cl/verano/,CURRENT_FORMAT,NO,PRODUCTO,Bolsos y Viaje,Mochilas,,keyword→objeto,HIGH,0,0,0.0,1
"""Neveras portátiles personalizadas.""",Concordancia de frase,Verano,En pausa,En pausa,https://regalospremium.cl/verano/,https://regalospremium.cl/verano/,CURRENT_FORMAT,NO,USO_CAMPAÑA,,,Verano,fallback grupo histórico,MEDIUM,0,0,0.0,1
"""para sol auto""",Concordancia de frase,Verano,En pausa,En pausa,https://regalospremium.cl/verano/,https://regalospremium.cl/verano/,CURRENT_FORMAT,NO,USO_CAMPAÑA,,,Verano,fallback grupo histórico,MEDIUM,0,0,0.0,1
"""paraguas para el sol""",Concordancia de frase,Verano,En pausa,En pausa,https://regalospremium.cl/verano/,https://regalospremium.cl/verano/,CURRENT_FORMAT,NO,PRODUCTO,Promocionales,Paraguas,,keyword→objeto,HIGH,0,0,0.0,1
"""parasol automovil""",Concordancia de frase,Verano,En pausa,En pausa,https://regalospremium.cl/verano/,https://regalospremium.cl/verano/,CURRENT_FORMAT,NO,PRODUCTO,Herramientas y Outdoor,Accesorios de Automóvil,,keyword→objeto,HIGH,0,0,0.0,1
"""parasol barato""",Concordancia de frase,Verano,En pausa,En pausa,https://regalospremium.cl/verano/,https://regalospremium.cl/verano/,CURRENT_FORMAT,NO,PRODUCTO,Herramientas y Outdoor,Accesorios de Automóvil,,keyword→objeto,HIGH,0,0,0.0,1
"""parasol delantero coche""",Concordancia de frase,Verano,En pausa,En pausa,https://regalospremium.cl/verano/,https://regalospremium.cl/verano/,CURRENT_FORMAT,NO,PRODUCTO,Herramientas y Outdoor,Accesorios de Automóvil,,keyword→objeto,HIGH,0,0,0.0,1
"""parasol lateral coche""",Concordancia de frase,Verano,En pausa,En pausa,https://regalospremium.cl/verano/,https://regalospremium.cl/verano/,CURRENT_FORMAT,NO,PRODUCTO,Herramientas y Outdoor,Accesorios de Automóvil,,keyword→objeto,HIGH,0,0,0.0,1
"""parasol promocional""",Concordancia de frase,Verano,En pausa,En pausa,https://regalospremium.cl/verano/,https://regalospremium.cl/verano/,CURRENT_FORMAT,NO,PRODUCTO,Herramientas y Outdoor,Accesorios de Automóvil,,keyword→objeto,HIGH,0,0,0.0,1
"""parasol retractil auto""",Concordancia de frase,Verano,En pausa,En pausa,https://regalospremium.cl/verano/,https://regalospremium.cl/verano/,CURRENT_FORMAT,NO,PRODUCTO,Herramientas y Outdoor,Accesorios de Automóvil,,keyword→objeto,HIGH,0,0,0.0,1
"""parasol ventanilla coche""",Concordancia de frase,Verano,En pausa,En pausa,https://regalospremium.cl/verano/,https://regalospremium.cl/verano/,CURRENT_FORMAT,NO,PRODUCTO,Herramientas y Outdoor,Accesorios de Automóvil,,keyword→objeto,HIGH,0,0,0.0,1
"""parasoles de autos""",Concordancia de frase,Verano,En pausa,En pausa,https://regalospremium.cl/verano/,https://regalospremium.cl/verano/,CURRENT_FORMAT,NO,PRODUCTO,Herramientas y Outdoor,Accesorios de Automóvil,,keyword→objeto,HIGH,0,0,0.0,1
"""parasoles de carton para autos""",Concordancia de frase,Verano,En pausa,En pausa,https://regalospremium.cl/verano/,https://regalospremium.cl/verano/,CURRENT_FORMAT,NO,PRODUCTO,Herramientas y Outdoor,Accesorios de Automóvil,,keyword→objeto,HIGH,0,0,0.0,1
"""Parasoles de playa""",Concordancia de frase,Verano,En pausa,En pausa,https://regalospremium.cl/verano/,https://regalospremium.cl/verano/,CURRENT_FORMAT,NO,PRODUCTO,Herramientas y Outdoor,Accesorios de Automóvil,,keyword→objeto,HIGH,0,0,0.0,1
"""parasoles laterales para coche""",Concordancia de frase,Verano,En pausa,En pausa,https://regalospremium.cl/verano/,https://regalospremium.cl/verano/,CURRENT_FORMAT,NO,PRODUCTO,Herramientas y Outdoor,Accesorios de Automóvil,,keyword→objeto,HIGH,0,0,0.0,1
"""parasoles para autos""",Concordancia de frase,Verano,En pausa,En pausa,https://regalospremium.cl/verano/,https://regalospremium.cl/verano/,CURRENT_FORMAT,NO,PRODUCTO,Herramientas y Outdoor,Accesorios de Automóvil,,keyword→objeto,HIGH,0,0,0.0,1
"""parasoles playa""",Concordancia de frase,Verano,En pausa,En pausa,https://regalospremium.cl/verano/,https://regalospremium.cl/verano/,CURRENT_FORMAT,NO,PRODUCTO,Herramientas y Outdoor,Accesorios de Automóvil,,keyword→objeto,HIGH,0,0,0.0,1
"""parasoles publicitarios""",Concordancia de frase,Verano,En pausa,En pausa,https://regalospremium.cl/verano/,https://regalospremium.cl/verano/,CURRENT_FORMAT,NO,PRODUCTO,Herramientas y Outdoor,Accesorios de Automóvil,,keyword→objeto,HIGH,0,0,0.0,1
"""parasoles publicitarios para autos""",Concordancia de frase,Verano,En pausa,En pausa,https://regalospremium.cl/verano/,https://regalospremium.cl/verano/,CURRENT_FORMAT,NO,PRODUCTO,Herramientas y Outdoor,Accesorios de Automóvil,,keyword→objeto,HIGH,0,0,0.0,1
"""pelota playa""",Concordancia de frase,Verano,En pausa,En pausa,https://regalospremium.cl/verano/,https://regalospremium.cl/verano/,CURRENT_FORMAT,NO,PRODUCTO,Promocionales,Pelotas,,keyword→objeto,HIGH,0,0,0.0,1
"""pelotas de playa""",Concordancia de frase,Verano,En pausa,En pausa,https://regalospremium.cl/verano/,https://regalospremium.cl/verano/,CURRENT_FORMAT,NO,PRODUCTO,Promocionales,Pelotas,,keyword→objeto,HIGH,0,0,0.0,1
"""Pelotas de playa personalizadas.""",Concordancia de frase,Verano,En pausa,En pausa,https://regalospremium.cl/verano/,https://regalospremium.cl/verano/,CURRENT_FORMAT,NO,PRODUCTO,Promocionales,Pelotas,,keyword→objeto,HIGH,0,0,0.0,1
"""precio de sombrillas""",Concordancia de frase,Verano,En pausa,En pausa,https://regalospremium.cl/verano/,https://regalospremium.cl/verano/,CURRENT_FORMAT,NO,USO_CAMPAÑA,,,Verano,fallback grupo histórico,MEDIUM,0,0,0.0,1
"""promo verano""",Concordancia de frase,Verano,En pausa,En pausa,https://regalospremium.cl/verano/,https://regalospremium.cl/verano/,CURRENT_FORMAT,NO,USO_CAMPAÑA,,,Verano,fallback grupo histórico,MEDIUM,0,0,0.0,1
"""promocionales verano""",Concordancia de frase,Verano,En pausa,En pausa,https://regalospremium.cl/verano/,https://regalospremium.cl/verano/,CURRENT_FORMAT,NO,USO_CAMPAÑA,,,Verano,fallback grupo histórico,MEDIUM,0,0,0.0,1
"""quitasol chile""",Concordancia de frase,Verano,En pausa,En pausa,https://regalospremium.cl/verano/,https://regalospremium.cl/verano/,CURRENT_FORMAT,NO,USO_CAMPAÑA,,,Verano,fallback grupo histórico,MEDIUM,0,0,0.0,1
"""quitasol playa""",Concordancia de frase,Verano,En pausa,En pausa,https://regalospremium.cl/verano/,https://regalospremium.cl/verano/,CURRENT_FORMAT,NO,USO_CAMPAÑA,,,Verano,fallback grupo histórico,MEDIUM,0,0,0.0,1
"""quitasoles de playa""",Concordancia de frase,Verano,En pausa,En pausa,https://regalospremium.cl/verano/,https://regalospremium.cl/verano/,CURRENT_FORMAT,NO,USO_CAMPAÑA,,,Verano,fallback grupo histórico,MEDIUM,0,0,0.0,1
"""Set de picnic personalizado""",Concordancia de frase,Verano,En pausa,En pausa,https://regalospremium.cl/verano/,https://regalospremium.cl/verano/,CURRENT_FORMAT,NO,USO_CAMPAÑA,,,Verano,fallback grupo histórico,MEDIUM,0,0,0.0,1
"""sombrilla auto ventana""",Concordancia de frase,Verano,En pausa,En pausa,https://regalospremium.cl/verano/,https://regalospremium.cl/verano/,CURRENT_FORMAT,NO,PRODUCTO,Herramientas y Outdoor,Accesorios de Automóvil,,keyword→objeto,HIGH,0,0,0.0,1
"""sombrilla de playa""",Concordancia de frase,Verano,En pausa,En pausa,https://regalospremium.cl/verano/,https://regalospremium.cl/verano/,CURRENT_FORMAT,NO,USO_CAMPAÑA,,,Verano,fallback grupo histórico,MEDIUM,0,0,0.0,1
"""sombrilla jardin""",Concordancia de frase,Verano,En pausa,En pausa,https://regalospremium.cl/verano/,https://regalospremium.cl/verano/,CURRENT_FORMAT,NO,USO_CAMPAÑA,,,Verano,fallback grupo histórico,MEDIUM,0,0,0.0,1
"""sombrilla para el sol""",Concordancia de frase,Verano,En pausa,En pausa,https://regalospremium.cl/verano/,https://regalospremium.cl/verano/,CURRENT_FORMAT,NO,USO_CAMPAÑA,,,Verano,fallback grupo histórico,MEDIUM,0,0,0.0,1
"""sombrilla para playa""",Concordancia de frase,Verano,En pausa,En pausa,https://regalospremium.cl/verano/,https://regalospremium.cl/verano/,CURRENT_FORMAT,NO,USO_CAMPAÑA,,,Verano,fallback grupo histórico,MEDIUM,0,0,0.0,1
"""Sombrillas""",Concordancia de frase,Verano,En pausa,En pausa,https://regalospremium.cl/verano/,https://regalospremium.cl/verano/,CURRENT_FORMAT,NO,USO_CAMPAÑA,,,Verano,fallback grupo histórico,MEDIUM,0,0,0.0,1
"""sombrillas grandes baratas""",Concordancia de frase,Verano,En pausa,En pausa,https://regalospremium.cl/verano/,https://regalospremium.cl/verano/,CURRENT_FORMAT,NO,USO_CAMPAÑA,,,Verano,fallback grupo histórico,MEDIUM,0,0,0.0,1
"""sombrillas playa""",Concordancia de frase,Verano,En pausa,En pausa,https://regalospremium.cl/verano/,https://regalospremium.cl/verano/,CURRENT_FORMAT,NO,USO_CAMPAÑA,,,Verano,fallback grupo histórico,MEDIUM,0,0,0.0,1
"""sombrillas sol""",Concordancia de frase,Verano,En pausa,En pausa,https://regalospremium.cl/verano/,https://regalospremium.cl/verano/,CURRENT_FORMAT,NO,USO_CAMPAÑA,,,Verano,fallback grupo histórico,MEDIUM,0,0,0.0,1
"""Tazas publicitarias""",Concordancia de frase,Verano,En pausa,En pausa,https://regalospremium.cl/verano/,https://regalospremium.cl/verano/,CURRENT_FORMAT,NO,PRODUCTO,Hogar y Bebidas,Mugs y Tazas,,keyword→objeto,HIGH,0,0,0.0,1
"""tienda de bolsos y mochilas""",Concordancia de frase,Verano,En pausa,En pausa,,,EMPTY,NO,PRODUCTO,Bolsos y Viaje,Mochilas,,keyword→objeto,HIGH,0,0,0.0,1
"""Toallas de playa personalizadas.""",Concordancia de frase,Verano,En pausa,En pausa,https://regalospremium.cl/verano/,https://regalospremium.cl/verano/,CURRENT_FORMAT,NO,PRODUCTO,Textil,Toallas y Textil Hogar,,keyword→objeto,HIGH,0,0,0.0,1
"""Vasos Personalidos""",Concordancia de frase,Verano,En pausa,En pausa,https://regalospremium.cl/verano/,https://regalospremium.cl/verano/,CURRENT_FORMAT,NO,USO_CAMPAÑA,,,Verano,fallback grupo histórico,MEDIUM,0,0,0.0,1
"""venta frisbee""",Concordancia de frase,Verano,En pausa,En pausa,https://regalospremium.cl/verano/,https://regalospremium.cl/verano/,CURRENT_FORMAT,NO,PRODUCTO,Herramientas y Outdoor,Artículos Deportivos,,keyword→objeto,HIGH,0,0,0.0,1
"""venta quitasoles playa en chile""",Concordancia de frase,Verano,En pausa,En pausa,https://regalospremium.cl/verano/,https://regalospremium.cl/verano/,CURRENT_FORMAT,NO,USO_CAMPAÑA,,,Verano,fallback grupo histórico,MEDIUM,0,0,0.0,1
"""ventilador pocket""",Concordancia de frase,Verano,En pausa,En pausa,https://regalospremium.cl/verano/,https://regalospremium.cl/verano/,CURRENT_FORMAT,NO,USO_CAMPAÑA,,,Verano,fallback grupo histórico,MEDIUM,0,0,0.0,1
"""Ventilador USB""",Concordancia de frase,Verano,En pausa,En pausa,https://regalospremium.cl/verano/,https://regalospremium.cl/verano/,CURRENT_FORMAT,NO,USO_CAMPAÑA,,,Verano,fallback grupo histórico,MEDIUM,0,0,0.0,1
"""visera de auto""",Concordancia de frase,Verano,En pausa,En pausa,https://regalospremium.cl/verano/,https://regalospremium.cl/verano/,CURRENT_FORMAT,NO,USO_CAMPAÑA,,,Verano,fallback grupo histórico,MEDIUM,0,0,0.0,1
"""visera parasol""",Concordancia de frase,Verano,En pausa,En pausa,https://regalospremium.cl/verano/,https://regalospremium.cl/verano/,CURRENT_FORMAT,NO,PRODUCTO,Herramientas y Outdoor,Accesorios de Automóvil,,keyword→objeto,HIGH,0,0,0.0,1
"""visera parasol coche""",Concordancia de frase,Verano,En pausa,En pausa,https://regalospremium.cl/verano/,https://regalospremium.cl/verano/,CURRENT_FORMAT,NO,PRODUCTO,Herramientas y Outdoor,Accesorios de Automóvil,,keyword→objeto,HIGH,0,0,0.0,1
"""visera parasol para autos""",Concordancia de frase,Verano,En pausa,En pausa,https://regalospremium.cl/verano/,https://regalospremium.cl/verano/,CURRENT_FORMAT,NO,PRODUCTO,Herramientas y Outdoor,Accesorios de Automóvil,,keyword→objeto,HIGH,0,0,0.0,1
"""visera plastica""",Concordancia de frase,Verano,En pausa,En pausa,https://regalospremium.cl/verano/,https://regalospremium.cl/verano/,CURRENT_FORMAT,NO,USO_CAMPAÑA,,,Verano,fallback grupo histórico,MEDIUM,0,0,0.0,1
"""visera playa""",Concordancia de frase,Verano,En pausa,En pausa,https://regalospremium.cl/verano/,https://regalospremium.cl/verano/,CURRENT_FORMAT,NO,USO_CAMPAÑA,,,Verano,fallback grupo histórico,MEDIUM,0,0,0.0,1
"""viseras""",Concordancia de frase,Verano,En pausa,En pausa,https://regalospremium.cl/verano/,https://regalospremium.cl/verano/,CURRENT_FORMAT,NO,USO_CAMPAÑA,,,Verano,fallback grupo histórico,MEDIUM,0,0,0.0,1
"""viseras de playa""",Concordancia de frase,Verano,En pausa,En pausa,https://regalospremium.cl/verano/,https://regalospremium.cl/verano/,CURRENT_FORMAT,NO,USO_CAMPAÑA,,,Verano,fallback grupo histórico,MEDIUM,0,0,0.0,1
"""viseras para sol""",Concordancia de frase,Verano,En pausa,En pausa,https://regalospremium.cl/verano/,https://regalospremium.cl/verano/,CURRENT_FORMAT,NO,USO_CAMPAÑA,,,Verano,fallback grupo histórico,MEDIUM,0,0,0.0,1
