nombre,categoria,url,materiales,uso_recomendado,personalizacion,pedido_minimo,sostenible
Canasto SPA grande,ECO FRIENDLY,https://regalospremium.cl/productos-eco-friendly-publicitarios/canasto-spa-grande.html,,,Serigrafía o Tampografía,,false
Canasto SPA Redondo,ECO FRIENDLY,https://regalospremium.cl/productos-eco-friendly-publicitarios/canasto-spa-redondo.html,,,Serigrafía o Tampografía,,false
Parlante Grande Inducción Madera Nogal,ECO FRIENDLY,https://regalospremium.cl/productos-eco-friendly-publicitarios/parlante-grande-induccion-madera-nogal.html,Madera de Nogal,,"Serigrafía, Grabado Láser",,true
Mini Basurero Verde de Sobremesa,ECO FRIENDLY,https://regalospremium.cl/productos-eco-friendly-publicitarios/mini-basurero-verde-de-sobremesa.html,Polipropileno (PP),,Serigrafía,,false
Set Ecológico de Oficina,ECO FRIENDLY,https://regalospremium.cl/productos-eco-friendly-publicitarios/set-ecologico-de-oficina.html,,,Serigrafía - Tampografía,,true
Libreta Ecológica,ECO FRIENDLY,https://regalospremium.cl/productos-eco-friendly-publicitarios/comprar-libreta-ecologica.html,,,Serigrafía o Tampografía,,true
Taco Ecológico,ECO FRIENDLY,https://regalospremium.cl/productos-eco-friendly-publicitarios/taco-ecologico.html,,,Serigrafía o Tampografía,,true
Memo Set Ecológico con Bolígrafo,ECO FRIENDLY,https://regalospremium.cl/productos-eco-friendly-publicitarios/comprar-memo-set-ecologico-con-boligrafo.html,,,Serigrafía - Tampografía - Grabado Láser,,true
Cuaderno Ecológico Tapa Dura,ECO FRIENDLY,https://regalospremium.cl/productos-eco-friendly-publicitarios/cuaderno-ecologico-tapa-dura-con-lapiz.html,,,Serigrafía o Tampografía,,true
Set de Banderitas Adhesivas,ECO FRIENDLY,https://regalospremium.cl/productos-eco-friendly-publicitarios/set-de-banderitas-adhesivas.html,,,Serigrafía o Tampografía,,true
Porta Notas Adhesivas Ecológico,ECO FRIENDLY,https://regalospremium.cl/productos-eco-friendly-publicitarios/porta-notas-adhesivas-ecologico.html,,,Serigrafía o Tampografía,,true
Cuaderno Ecológico 1/2 Oficio,ECO FRIENDLY,https://regalospremium.cl/productos-eco-friendly-publicitarios/cuaderno-ecologico-12-oficio.html,,,Serigrafía o Tampografía,,true
Cuaderno Ecológico Compost,ECO FRIENDLY,https://regalospremium.cl/productos-eco-friendly-publicitarios/cuaderno-ecologico-sin-lineas.html,,,"Serigrafía, Grabado Láser",,true
Cuaderno Ecológico Tapa Dura,ECO FRIENDLY,https://regalospremium.cl/productos-eco-friendly-publicitarios/cuaderno-ecologico-medio-oficio.html,Cartón reciclado + bolígrafo ecológico,,Serigrafía,,true
Carpeta Ecológica,ECO FRIENDLY,https://regalospremium.cl/productos-eco-friendly-publicitarios/carpeta-ecologica.html,,,"Serigrafía, Tampografía",,true
Libreta Ecológica,ECO FRIENDLY,https://regalospremium.cl/productos-eco-friendly-publicitarios/libreta-ecologica-carton-reciclado-tapas-duras.html,Cartón reciclado 650 gsm,,"Serigrafía, Tampografía",,true
Cuaderno Ecológico Tapa Dura,ECO FRIENDLY,https://regalospremium.cl/productos-eco-friendly-publicitarios/cuaderno-ecologico-cuadriculado-tapas-duras.html,Cartón reciclado 650 gsm,,"Serigrafía, Tampografía",,true
Set Ecológico con Regla,ECO FRIENDLY,https://regalospremium.cl/productos-eco-friendly-publicitarios/memo-set-ecologico-regla.html,Cartón reciclado + adhesivos ecológicos,,Serigrafía,,true
Memo Set Ecológico con Bolígrafo,ECO FRIENDLY,https://regalospremium.cl/productos-eco-friendly-publicitarios/memo-set-ecologico-block-banderitas.html,Cartón reciclado + papel ecológico + bolígrafo ecológico,,Serigrafía,,true
Memo Set Ecológico Large,ECO FRIENDLY,https://regalospremium.cl/productos-eco-friendly-publicitarios/memo-set-ecologico-boligrafo.html,Cartón reciclado + papel reciclado,,,,true
Memo Set Ecológico con Bolígrafo,ECO FRIENDLY,https://regalospremium.cl/productos-eco-friendly-publicitarios/memo-set-ecologico-espiral-boligrafo.html,Cartón reciclado + papel + adhesivos + bolígrafo ecológico,,"Serigrafía, Tampografía",,true
Regla de Madera 30 cm,ECO FRIENDLY,https://regalospremium.cl/productos-eco-friendly-publicitarios/regla-madera-30cm-12pulgadas.html,Madera natural,,"Serigrafía, Tampografía, Grabado Láser",,true
Libreta Ecológica,ECO FRIENDLY,https://regalospremium.cl/productos-eco-friendly-publicitarios/libreta-ecologica-cierre-elastico.html,Cartón reciclado,,"Serigrafía, Tampografía",,true
Libreta Ecológica Cambridge,ECO FRIENDLY,https://regalospremium.cl/productos-eco-friendly-publicitarios/libreta-ecologica-cambridge.html,Reciclado,,Serigrafía - Tampografía,,true
Memo Set Cubo Ecológico Porta Lápices,ECO FRIENDLY,https://regalospremium.cl/productos-eco-friendly-publicitarios/memo-set-cubo-ecologico-porta-lapices.html,Cartón / Papel reciclado,,Serigrafía,,true
Libreta Ecológica,ECO FRIENDLY,https://regalospremium.cl/productos-eco-friendly-publicitarios/libreta-ecologica-cierre-elastico-negra.html,Cartón reciclado,,"Serigrafía, Tampografía",,true
Memo Set Ecológico,ECO FRIENDLY,https://regalospremium.cl/productos-eco-friendly-publicitarios/memo-set-ecologico-cartulina-reciclada.html,Cartulina blanca reciclada,,Serigrafía,,true
Libretita Memo Set,ECO FRIENDLY,https://regalospremium.cl/productos-eco-friendly-publicitarios/libretita-memo-set-ecologico.html,Cartón forrado reciclado,,Serigrafía,,true
Calculadora Solar Traslúcida,ECO FRIENDLY,https://regalospremium.cl/productos-eco-friendly-publicitarios/calculadora-solar-traslucida-escritorio.html,Plástico traslúcido,,Serigrafía,,true
Cheese Set,ECO FRIENDLY,https://regalospremium.cl/productos-eco-friendly-publicitarios/cheese-set-tabla-madera-hevea.html,Madera de Hevea (Rubberwood) y acero,,"Serigrafía, Pantógrafo, Grabado",,true
Roller Pen Bamboo Metal,BAMBOO,https://regalospremium.cl/regalos-corporativos-bambu/roller-pen-ejecutivo-bambu-tapa-metalica.html,Madera de bambú y metal satinado,,"Serigrafía, Grabado Láser, Cama Plana (Impresión Digital)",,true
Set Bolígrafo Estuche de Bamboo,BAMBOO,https://regalospremium.cl/regalos-corporativos-bambu/set-boligrafo-ejecutivo-bambu-estuche.html,Madera de Bambú y metal,,"Serigrafía, Grabado Láser, Cama Plana (Impresión Digital)",,true
Bolígrafo Ejecutivo Bamboo,BAMBOO,https://regalospremium.cl/regalos-corporativos-bambu/boligrafo-ejecutivo-bambu-terminales-negro-opaco.html,Madera de Bambú y metal negro opaco,,"Serigrafía, Grabado Láser, Cama Plana (Impresión Digital)",,true
Bolígrafo de Bamboo,BAMBOO,https://regalospremium.cl/regalos-corporativos-bambu/boligrafo-bambu-clip-metalico.html,Madera de Bambú y metal,,"Serigrafía, Grabado Láser, Cama Plana (Impresión Digital)",,true
Bolígrafo de Bamboo Touch,BAMBOO,https://regalospremium.cl/regalos-corporativos-bambu/boligrafo-bambu-clip-metalico-puntero-touch.html,Madera de Bambú y metal,,"Serigrafía, Grabado Láser, Cama Plana (Impresión Digital)",,true
Deluxe Bolígrafo Bamboo Metal,BAMBOO,https://regalospremium.cl/regalos-corporativos-bambu/boligrafo-ejecutivo-bambu-deluxe-metal-satinado.html,Bambú y metal satinado,,"Serigrafía, Grabado Láser, Cama Plana (Impresión Digital)",,true
Deluxe Roller Pen Bamboo,BAMBOO,https://regalospremium.cl/regalos-corporativos-bambu/roller-pen-ejecutivo-bambu-terminales-dorados.html,Madera de Bambú y metal dorado,,"Serigrafía, Grabado Láser, Cama Plana (Impresión Digital)",,true
Bolígrafo Bamboo Enviro,BAMBOO,https://regalospremium.cl/regalos-corporativos-bambu/boligrafo-ejecutivo-bambu-enviro.html,Madera de Bambú,,"Serigrafía, Grabado Láser, Cama Plana (Impresión Digital)",,true
Estuche Porta Lápiz de Bamboo,BAMBOO,https://regalospremium.cl/regalos-corporativos-bambu/estuche-bambu-para-boligrafo.html,Madera de Bambú,,"Serigrafía, Grabado Láser, Cama Plana (Impresión Digital)",,true
USB Parlante de Bamboo,BAMBOO,https://regalospremium.cl/regalos-corporativos-bambu/usb-parlante-de-bamboo.html,Madera de Bambú,,"Serigrafía, Grabado Láser, Cama Plana (Impresión Digital)",,true
Teclado de Bamboo,BAMBOO,https://regalospremium.cl/regalos-corporativos-bambu/teclado-bambu-usb.html,Madera de Bambú,,"Serigrafía, Grabado Láser, Cama Plana (Impresión Digital)",,true
Calculadora Solar de Bamboo,BAMBOO,https://regalospremium.cl/regalos-corporativos-bambu/calculadora-bambu-solar-8-digitos.html,Madera de Bambú natural,,"Serigrafía, Grabado Láser, Cama Plana (Impresión Digital)",,true
Calculadora de Bamboo Basic,BAMBOO,https://regalospremium.cl/regalos-corporativos-bambu/calculadora-solar-bambu-sobremesa-12-digitos.html,Madera de Bambú natural,,"Serigrafía, Grabado Láser, Cama Plana (Impresión Digital)",,true
Reloj Despertador de Bamboo,BAMBOO,https://regalospremium.cl/regalos-corporativos-bambu/reloj-despertador-de-bamboo.html,Bamboo,,"Serigrafía, Grabado Láser, Cama plana (Impresión Digital)",,false
Tazón de Bamboo 350cc,BAMBOO,https://regalospremium.cl/regalos-corporativos-bambu/tazon-bambu-acero-inoxidable.html,Madera de Bambú y Acero Inoxidable,,"Serigrafía, Grabado Láser, Cama Plana (Impresión Digital)",,true
Mug de Bamboo 420cc,Mugs Ecológicos,https://regalospremium.cl/mugs-ecologicos-publicitarios/mug-bambu-acero-inoxidable-tapa-dosificadora.html,Madera de Bambú y Acero Inoxidable,,"Serigrafía, Grabado Láser, Cama Plana (Impresión Digital)",,true
Tazón Cervecero de Bamboo,Mugs Ecológicos,https://regalospremium.cl/mugs-ecologicos-publicitarios/tazon-cervecero-bambu-acero-inoxidable.html,Madera de Bambú y Acero Inoxidable,,"Serigrafía, Grabado Láser, Cama Plana (Impresión Digital)",,true
Vaso de Bamboo 350cc,Mugs Ecológicos,https://regalospremium.cl/mugs-ecologicos-publicitarios/vaso-bambu-acero-inoxidable.html,"Madera de Bambú, Acero Inoxidable",,"Serigrafía, Grabado Láser, Cama Plana (Impresión Digital)",,true
Mug de Bamboo con Asa Plástica,Mugs Ecológicos,https://regalospremium.cl/mugs-ecologicos-publicitarios/mug-bambu-asa-negra-tapa-dosificadora.html,"Madera de Bambú, Acero Inoxidable, Plástico",,"Serigrafía, Grabado Láser, Cama Plana (Impresión Digital)",,true
Multiherramienta Vino de Bamboo,BAMBOO,https://regalospremium.cl/regalos-corporativos-bambu/multiherramienta-vino-caja-bambu.html,"Madera de Bambú, Acero Inoxidable",,"Serigrafía, Grabado Láser, Cama Plana (Impresión Digital)",,true
Deluxe Set de Vino de Bamboo,HERRAMIENTAS Y ASADO,https://regalospremium.cl/herramientas-y-asado/set-vino-deluxe-caja-bambu.html,"Madera de Bambú, Acero Inoxidable",,"Serigrafía, Grabado Láser, Cama Plana (Impresión Digital)",,true
Set de Vino rectangular de Bamboo,BAMBOO,https://regalospremium.cl/regalos-corporativos-bambu/set-vino-bambu-caja-negra.html,Madera de Bambú,,"Serigrafía, Grabado Láser",,true
Tarjetero de Bamboo,ESCRITORIO Y OFICINA,https://regalospremium.cl/regalos-publicitarios-para-negocios-y-empresas/set-vino-bambu-caja-negra.html,Madera de Bambú,,"Serigrafía, Grabado Láser",,true
Memo Clip Bamboo,BAMBOO,https://regalospremium.cl/regalos-corporativos-bambu/memo-clip-bambu-porta-tarjetas.html,Madera de Bambú y Metal,,"Serigrafía, Grabado Láser, Cama Plana (Impresión Digital)",,true
Tarjetero Sobremesa de Bamboo,BAMBOO,https://regalospremium.cl/regalos-corporativos-bambu/porta-tarjetas-bambu-escritorio.html,Madera de Bambú,,"Serigrafía, Grabado Láser, Cama Plana (Impresión Digital)",,true
Memo-Clip Bamboo Large,BAMBOO,https://regalospremium.cl/regalos-corporativos-bambu/memo-clip-bamboo-large.html,,,"Serigrafía, Grabado Láser, Cama plana (Impresión Digital)",,false
Parlante Inducción de Bamboo,BAMBOO,https://regalospremium.cl/regalos-corporativos-bambu/parlante-bambu-amplificador-induccion.html,Madera de Bambú,,"Serigrafía, Grabado Láser, Cama Plana (Impresión Digital)",,true
Llavero Redondo de Madera,Llaveros Madera,https://regalospremium.cl/llaveros-madera/llavero-redondo-bambu.html,Madera de Bambú y Metal,,"Serigrafía, Tampografía, Grabado Láser, Cama Plana (Impresión Digital)",,true
Bolígrafo de Bamboo Expert,BAMBOO,https://regalospremium.cl/regalos-corporativos-bambu/boligrafo-bambu-terminales-satinados.html,Madera de Bambú y Metal Satinado,,"Serigrafía, Grabado Láser, Cama Plana (Impresión Digital)",,true
Bolígrafo Bamboo Sustenta,BAMBOO,https://regalospremium.cl/regalos-corporativos-bambu/boligrafo-sustenta-bambu-pet-reciclado.html,"Madera de Bambú, Terminales de Plástico PET Reciclado",,"Serigrafía, Grabado Láser",,true
Cuaderno de Bamboo,BAMBOO,https://regalospremium.cl/regalos-corporativos-bambu/cuaderno-ecologico-bambu-con-boligrafo.html,"Madera de Bamboo, Papel Kraft reciclado",,"Serigrafía, Grabado Láser, Cama Plana (Impresión Digital)",,true
Libreta de Bamboo,BAMBOO,https://regalospremium.cl/regalos-corporativos-bambu/libreta-de-bamboo.html,,,"Serigrafía, Grabado Láser",,true
Memo Set de Bamboo,BAMBOO,https://regalospremium.cl/regalos-corporativos-bambu/memo-set-de-bamboo.html,,,"Serigrafía, grabado láser",,false
Deluxe Cuaderno de Bamboo,BAMBOO,https://regalospremium.cl/regalos-corporativos-bambu/deluxe-cuaderno-de-bamboo.html,,,"Serigrafía, Grabado Láser",,true
Bolígrafo Ecológico Bios,BOLÍGRAFOS Y LÁPICES ECO,https://regalospremium.cl/boligrafos-y-lapices-eco-publicitarios/boligrafo-ecologico-bios.html,,,"Serigrafía, Tampografía",,true
Bolígrafo Ecológico,BOLÍGRAFOS Y LÁPICES ECO,https://regalospremium.cl/boligrafos-y-lapices-eco-publicitarios/boligrafo-ecologico.html,,,"Serigrafía, Tampografía",,true
Bolígrafo Destacador Ecológico,BOLÍGRAFOS Y LÁPICES ECO,https://regalospremium.cl/boligrafos-y-lapices-eco-publicitarios/boligrafo-destacador-ecologico.html,,,"Serigrafía, Tampografía",,true
Bolígrafo de Madera,BOLÍGRAFOS Y LÁPICES ECO,https://regalospremium.cl/boligrafos-y-lapices-eco-publicitarios/boligrafo-ejecutivo-madera-deluxe-waltz.html,madera con terminales cromados,,,100 unidades,false
Set 12 Lápices de Color,BOLÍGRAFOS Y LÁPICES ECO,https://regalospremium.cl/boligrafos-y-lapices-eco-publicitarios/set-12-lapices-de-color.html,,,"Serigrafía, Tampografía",,true
Lápiz Grafito Largo,BOLÍGRAFOS Y LÁPICES ECO,https://regalospremium.cl/boligrafos-y-lapices-eco-publicitarios/lapiz-grafito-largo.html,,,"Serigrafía, Tampografía",,false
Lápiz Grafito Corto,BOLÍGRAFOS Y LÁPICES ECO,https://regalospremium.cl/boligrafos-y-lapices-eco-publicitarios/lapiz-grafito-corto.html,,,"Serigrafía, Tampografía",,false
Set 4 Lápices de Grafito Negro,BOLÍGRAFOS Y LÁPICES ECO,https://regalospremium.cl/boligrafos-y-lapices-eco-publicitarios/set-4-lapices-de-grafito-negro.html,,,"Serigrafía, Tampografía",,true
Set 6 Lápices de Colores,BOLÍGRAFOS Y LÁPICES ECO,https://regalospremium.cl/boligrafos-y-lapices-eco-publicitarios/set-6-lapices-de-colores.html,,,"Serigrafía, Tampografía sólo en el Estuche",,true
Set Portaminas Ecológico,BOLÍGRAFOS Y LÁPICES ECO,https://regalospremium.cl/boligrafos-y-lapices-eco-publicitarios/set-portaminas-ecologico.html,,,"Serigrafía, Tampografía",,true
Set 6 Lápices de Grafito Negro,BOLÍGRAFOS Y LÁPICES ECO,https://regalospremium.cl/boligrafos-y-lapices-eco-publicitarios/set-6-lapices-de-grafito-negro.html,,,"Serigrafía, Tampografía",,true
Bolígrafo Ecológico Planet,BOLÍGRAFOS Y LÁPICES ECO,https://regalospremium.cl/boligrafos-y-lapices-eco-publicitarios/boligrafo-ecologico-planet.html,,,"Serigrafía, Tampografía",,true
Bolígrafo Ecológico con Destacador,BOLÍGRAFOS Y LÁPICES ECO,https://regalospremium.cl/boligrafos-y-lapices-eco-publicitarios/boligrafo-ecologico-con-destacador.html,,,"Serigrafía, Tampografía",,true
Bolígrafo Ecológico Leave,BOLÍGRAFOS Y LÁPICES ECO,https://regalospremium.cl/boligrafos-y-lapices-eco-publicitarios/boligrafo-ecologico-leave.html,,,,,true
Set Escolar Ecológico,BOLÍGRAFOS Y LÁPICES ECO,https://regalospremium.cl/boligrafos-y-lapices-eco-publicitarios/set-escolar-ecologico.html,,,Serigrafía,,true
Set Lápices Colores Madera,BOLÍGRAFOS Y LÁPICES ECO,https://regalospremium.cl/boligrafos-y-lapices-eco-publicitarios/set-lapices-colores-madera.html,,,"Grabado Láser, Serigrafía",,false
Bolígrafo Ecológico Venus,BOLÍGRAFOS Y LÁPICES ECO,https://regalospremium.cl/boligrafos-y-lapices-eco-publicitarios/boligrafo-ecologico-venus.html,,,"Serigrafía, Tampografía",,true
Deluxe Lápiz Grafito Negro,BOLÍGRAFOS Y LÁPICES ECO,https://regalospremium.cl/boligrafos-y-lapices-eco-publicitarios/lapiz-grafito-deluxe-madera-natural.html,Madera Natural y Grafito Negro,,,200 unidades,false
Bolsa Shopper Canvas Algodón 10 onzas,BOLSAS DE ALGODÓN,https://regalospremium.cl/bolsas-de-algodon-publicitarias/bolsa-shopper-canvas-algodon-10-onzas.html,100% Canvas Algodón natural de 280 g/m2,,Serigrafía,,false
Bolsa Algodón Negra,BOLSAS DE ALGODÓN,https://regalospremium.cl/bolsas-de-algodon-publicitarias/bolsa-100-algodon.html,100% Algodón natural de 130 g/m2,,Serigrafía,,false
Bolsa Algodón Basic,BOLSAS DE ALGODÓN,https://regalospremium.cl/bolsas-de-algodon-publicitarias/bolsa-algodon-basic.html,100% Algodón natural de 100 g/m2,,"Serigrafía, Impresión Digital Textil",,false
Saco Algodón 120g,BOLSAS DE ALGODÓN,https://regalospremium.cl/bolsas-de-algodon-publicitarias/saco-algodon-120g.html,100% Algodón natural de 120 g/m2,,Serigrafía,,false
Bolsita Algodón 120g,BOLSAS DE ALGODÓN,https://regalospremium.cl/bolsas-de-algodon-publicitarias/bolsita-algodon-120g.html,100% Algodón natural de 120 g/m2,,Serigrafía,,false
Bolsa Algodón Laos Algodón 120g,BOLSAS DE ALGODÓN,https://regalospremium.cl/bolsas-de-algodon-publicitarias/bolsa-algodon-laos-algodon-120g.html,100% Algodón natural de 120 g/m2,,Serigrafía,,false
Bolsa de Algodón India,BOLSAS DE ALGODÓN,https://regalospremium.cl/bolsas-de-algodon-publicitarias/bolsa-de-algodon-india.html,100% Algodón natural de 120 g/m2,,Serigrafía,,false
Bolsa de Algodón Thailand,BOLSAS DE ALGODÓN,https://regalospremium.cl/bolsas-de-algodon-publicitarias/bolsa-de-algodon-thailand.html,100% Algodón teñido de 120 g/m2,,Serigrafía,,false
Mochila de Algodón Bombai,BOLSAS DE ALGODÓN,https://regalospremium.cl/bolsas-de-algodon-publicitarias/mochila-de-algodon-bombai.html,100% Algodón natural de 120 g/m2,,Serigrafía,,false
Bolsa de Algodón Bangladesh,BOLSAS DE ALGODÓN,https://regalospremium.cl/bolsas-de-algodon-publicitarias/bolsa-de-algodon-bangladesh.html,100% Algodón natural de 150 g/m2,,Serigrafía,,false
Bolsa de Algodón Burma,BOLSAS DE ALGODÓN,https://regalospremium.cl/bolsas-de-algodon-publicitarias/bolsa-de-algodon-burma.html,100% Algodón natural de 150 g/m2,,Serigrafía,,false
Bolsa Canvas Algodón 10 Onzas,BOLSAS DE ALGODÓN,https://regalospremium.cl/bolsas-de-algodon-publicitarias/bolsa-canvas-algodon.html,Canvas Algodón natural de 10 onzas,,"Serigrafía, Bordado",,false
Bolso Canvas Algodón Large 8oz,BOLSAS DE ALGODÓN,https://regalospremium.cl/bolsas-de-algodon-publicitarias/bolso-canvas-algodon-large-8oz.html,Canvas Algodón Natural de 8 onzas,,Serigrafía,,false
Bolsa de Algodón Ganesha,BOLSAS DE ALGODÓN,https://regalospremium.cl/bolsas-de-algodon-publicitarias/bolsa-de-algodon-ganesha.html,100% Algodón Natural de 150 g/m2,,"Serigrafía, Impresión Digital Textil",,false
Bolsa de Algodón Krishna,BOLSAS DE ALGODÓN,https://regalospremium.cl/bolsas-de-algodon-publicitarias/bolsa-de-algodon-krishna.html,100% Algodón teñido de 150 g/m2,,Serigrafía,,false
Deluxe Bolsa de Algodón Woodland,BOLSAS DE ALGODÓN,https://regalospremium.cl/bolsas-de-algodon-publicitarias/deluxe-bolsa-de-algodon-woodland.html,100% Algodón natural de 150 g/m2,,Serigrafía,,false
Deluxe Bolsa de Algodón Vida,BOLSAS DE ALGODÓN,https://regalospremium.cl/bolsas-de-algodon-publicitarias/deluxe-bolsa-de-algodon-vida.html,100% Algodón natural de 150 g/m2,,Serigrafía,,false
Bolsa Canvas Algodón SUSTENTA,BOLSAS DE ALGODÓN,https://regalospremium.cl/bolsas-de-algodon-publicitarias/bolsa-canvas-algodon-grande-340g-reutilizable.html,Canvas Algodón de 12 onzas (340 g/m²),,Serigrafía y DTF Textil,50 unidades,true
Deluxe Mochila Canvas Algodón Everest,BOLSAS DE ALGODÓN,https://regalospremium.cl/bolsas-de-algodon-publicitarias/deluxe-mochila-canvas-algodon-everest.html,Canvas Algodón de 10 onzas (280 g/m2),,Serigrafía,,false
Bolsa Canvas Algodón 10 onzas,BOLSAS DE ALGODÓN,https://regalospremium.cl/bolsas-de-algodon-publicitarias/bolsa-canvas-algodon-10-onzas.html,100% Algodón natural de 150 g/m2,,Serigrafía,,false
Bolsa Botella de Vino de Algodón Canvas,BOLSAS DE ALGODÓN,https://regalospremium.cl/bolsas-de-algodon-publicitarias/bolsa-botella-de-vino-de-algodon-canvas.html,100% Algodón Canvas natural 10 oz,,Serigrafía,,false
Bolsa Botella de Vino de Algodón Canvas Blanca,BOLSAS DE ALGODÓN,https://regalospremium.cl/bolsas-de-algodon-publicitarias/bolsa-botella-de-vino-de-algodon-canvas-blanca.html,100% Algodón Canvas natural 10 oz,,"Serigrafía, Impresión Digital Textil",,false
Bolsa 2 Botellas de Vino de Algodón Canvas,BOLSAS DE ALGODÓN,https://regalospremium.cl/bolsas-de-algodon-publicitarias/bolsa-2-botellas-de-vino-de-algodon-canvas.html,100% Algodón Canvas natural 10 oz,,Serigrafía,,false
Bolsa 2 Botellas de Vino de Algodón Canvas Natural,BOLSAS DE ALGODÓN,https://regalospremium.cl/bolsas-de-algodon-publicitarias/bolsa-2-botellas-de-vino-de-algodon-canvas-natural.html,100% Algodón Canvas natural 10 oz,,"Serigrafía, Impresión Digital Textil",,false
Bolsa de Algodón Reciclado Denim,BOLSAS DE ALGODÓN,https://regalospremium.cl/bolsas-de-algodon-publicitarias/bolsa-de-algodon-reciclado-denim.html,100% Algodón Reciclado de 130 g/m2,,Serigrafía,,true
Mochila Simple de Poly Cotton,BOLSAS DE ALGODÓN,https://regalospremium.cl/bolsas-de-algodon-publicitarias/mochila-simple-de-poly-cotton.html,,,"Serigrafía, Tampografía, Hot Stamping",,false
Canvas Big Bag,VERANO,https://regalospremium.cl/regalos-publicitarios-de-verano/canvas-big-bag.html,100% Algodón,,"Serigrafía, Impresión Digital Textil",,false
Sailor Canvas Tote Bag,BOLSAS DE ALGODÓN,https://regalospremium.cl/bolsas-de-algodon-publicitarias/sailor-canvas-tote-bag.html,100% Algodón,,"Serigrafía, Impresión Digital Textil",,false
Sailor Cotton Tote Bag Color,BOLSAS DE ALGODÓN,https://regalospremium.cl/bolsas-de-algodon-publicitarias/sailor-cotton-tote-bag-color.html,100% Algodón,,,,false
Bolsa Porta Lentes de TNT,BOLSAS DE TNT,https://regalospremium.cl/bolsas-de-tnt-publicitarias/bolsa-porta-lentes-de-tnt.html,Tela TNT nonwoven de 80g/m2,,Serigrafía,,false
Bolsa Reutilizable Gift,BOLSAS DE TNT,https://regalospremium.cl/bolsas-de-tnt-publicitarias/bolsa-reutilizable-gift.html,,,,,true
Bolsa Reutilizable Book,BOLSAS DE TNT,https://regalospremium.cl/bolsas-de-tnt-publicitarias/bolsa-reutilizable-book.html,"Tela TNT elaborada con polipropileno (PP), no tejido",,,,false
Bolsa Reutilizable Medium,BOLSAS DE TNT,https://regalospremium.cl/bolsas-de-tnt-publicitarias/bolsa-reutilizable-medium.html,"Tela TNT elaborada con polipropileno (PP), no tejido",,,,false
Bolsa Reutilizable Shopping,BOLSAS DE TNT,https://regalospremium.cl/bolsas-de-tnt-publicitarias/bolsa-reutilizable-shopping.html,"Tela TNT elaborada con polipropileno (PP), no tejido",,,,false
Bolsa Reutilizable Conference,BOLSAS DE TNT,https://regalospremium.cl/bolsas-de-tnt-publicitarias/bolsa-reutilizable-conference.html,"Tela TNT elaborada con polipropileno (PP), no tejido",,,,false
Bolsa Reutilizable Giant,BOLSAS DE TNT,https://regalospremium.cl/bolsas-de-tnt-publicitarias/bolsa-reutilizable-giant.html,"Tela TNT elaborada con polipropileno (PP), no tejido",,,,false
Bolsa Reutilizable Big,BOLSAS DE TNT,https://regalospremium.cl/bolsas-de-tnt-publicitarias/bolsa-reutilizable-big.html,"Tela TNT elaborada con polipropileno (PP), no tejido",,,,false
Mochila tipo Morral de TNT,BOLSAS DE TNT,https://regalospremium.cl/bolsas-de-tnt-publicitarias/morral-tnt-bolsas-publicitarias-polipropileno.html,Polipropileno (PP) no tejido de 80g/m²,,Serigrafía,50 unidades,false
Bolsa Reutilizable Envelope,BOLSAS DE TNT,https://regalospremium.cl/bolsas-de-tnt-publicitarias/bolsa-reutilizable-envelope.html,"Tela TNT elaborada con polipropileno (PP), no tejido",,,,false
Bolsa Reutilizable Fair,BOLSAS DE TNT,https://regalospremium.cl/bolsas-de-tnt-publicitarias/bolsa-reutilizable-fair.html,"Tela TNT elaborada con polipropileno (PP), no tejido",,,,false
Bolsa reutilizable,BOLSAS DE TNT,https://regalospremium.cl/bolsas-de-tnt-publicitarias/bolsa-reutilizable.html,Polipropileno (PP),,Serigrafía,,false
Porta Botella de Vino de TNT,BOLSAS DE TNT,https://regalospremium.cl/bolsas-de-tnt-publicitarias/porta-botella-de-vino-de-tnt.html,"Tela TNT elaborada con polipropileno (PP), no tejido",,Serigrafía,,false
Porta Botellas de Vino de TNT Ventanas,BOLSAS DE TNT,https://regalospremium.cl/bolsas-de-tnt-publicitarias/porta-botellas-de-vino-de-tnt-ventanas.html,"Tela TNT elaborada con polipropileno (PP), no tejido",,Serigrafía,,false
Bolsa Para Cuatro Botellas de Vino de TNT,BOLSAS DE TNT,https://regalospremium.cl/bolsas-de-tnt-publicitarias/bolsa-para-cuatro-botellas-de-vino-de-tnt.html,"Tela TNT elaborada con polipropileno (PP), no tejido",,Serigrafía,,false
Cooler Lonchera de TNT,COOLERS,https://regalospremium.cl/coolers-publicitarios/cooler-lonchera-de-tnt.html,"Tela TNT elaborada con polipropileno (PP), no tejido. Tela interior PVC metalizado",,Serigrafía,,false
Bolsa Reutilizable Super,BOLSAS DE TNT,https://regalospremium.cl/bolsas-de-tnt-publicitarias/bolsa-reutilizable-super.html,"Tela TNT elaborada con polipropileno (PP), no tejido",,,,false
Bolsa Basurero para Vehículo de TNT,BOLSAS DE TNT,https://regalospremium.cl/bolsas-de-tnt-publicitarias/bolsa-basurin-para-vehiculo.html,"Tela TNT elaborada con polipropileno (PP), no tejido",,Serigrafía,,false
Bolsa Basurero para Vehículo de TNT,BOLSAS DE TNT,https://regalospremium.cl/bolsas-de-tnt-publicitarias/bolsa-basurero-para-vehiculo-de-tnt.html,"Tela TNT elaborada con polipropileno (PP), no tejido",,Serigrafía,,false
Bolsa Reutilizable Star,BOLSAS DE TNT,https://regalospremium.cl/bolsas-de-tnt-publicitarias/bolsa-reutilizable-star.html,"Tela TNT elaborada con polipropileno (PP), no tejido",,,,false
Bolsa Reutilizable Moon,BOLSAS DE TNT,https://regalospremium.cl/bolsas-de-tnt-publicitarias/bolsa-reutilizable-moon.html,"Tela TNT elaborada con polipropileno (PP), no tejido",,,,false
Cooler Lonchera Grande de TNT,COOLERS,https://regalospremium.cl/coolers-publicitarios/cooler-lonchera-grande-de-tnt.html,"Tela TNT elaborada con polipropileno (PP), no tejido. Tela interior PVC metalizado",,Serigrafía,,false
Bolso de Playa de TNT,BOLSAS DE TNT,https://regalospremium.cl/bolsas-de-tnt-publicitarias/bolso-de-playa-de-tnt.html,"Tela TNT elaborada con polipropileno (PP), no tejido",,Serigrafía,,false
Bolsa Reutilizable Horizontal,BOLSAS DE TNT,https://regalospremium.cl/bolsas-de-tnt-publicitarias/bolsa-reutilizable-horizontal.html,"Tela TNT elaborada con polipropileno (PP), no tejido",,Serigrafía,,false
Maletín Porta Documentos de TNT,BOLSAS DE TNT,https://regalospremium.cl/bolsas-de-tnt-publicitarias/maletin-porta-documentos-de-tnt.html,"Tela TNT elaborada con polipropileno (PP), no tejido",,Serigrafía,,false
Bolsa Reutilizable Monster,BOLSAS DE TNT,https://regalospremium.cl/bolsas-de-tnt-publicitarias/bolsa-reutilizable-monster.html,"Tela TNT elaborada con polipropileno (PP), no tejido",,,,false
Porta Notebook de TNT,BOLSAS DE TNT,https://regalospremium.cl/bolsas-de-tnt-publicitarias/porta-notebook-de-tnt.html,"Tela TNT elaborada con polipropileno (PP), no tejido",,Serigrafía,,false
Bolsa Reutilizable Cart,BOLSAS DE TNT,https://regalospremium.cl/bolsas-de-tnt-publicitarias/bolsa-reutilizable-cart.html,"Tela TNT elaborada con polipropileno (PP), no tejido",,Serigrafía,,false
Bolsa Reutilizable Super Cart,BOLSAS DE TNT,https://regalospremium.cl/bolsas-de-tnt-publicitarias/bolsa-reutilizable-super-cart.html,"Tela TNT elaborada con polipropileno (PP), no tejido",,Serigrafía,,false
Bolsa Reutilizable Shopper,BOLSAS DE TNT,https://regalospremium.cl/bolsas-de-tnt-publicitarias/bolsa-reutilizable-shopper.html,"Tela TNT elaborada con polipropileno (PP), no tejido",,,,false
Basurero para Vehículo Sublimación,BOLSAS DE TNT,https://regalospremium.cl/bolsas-de-tnt-publicitarias/basurero-para-vehiculo-sublimacion.html,"Tela TNT elaborada con polipropileno (PP), no tejido",,Sublimación - Serigrafía,,false
Bolsa Reutilizable Promo Sublimación,BOLSAS DE TNT,https://regalospremium.cl/bolsas-de-tnt-publicitarias/bolsa-reutilizable-promo-sublimacion.html,"Tela TNT elaborada con polipropileno (PP), no tejido",,Sublimación - Serigrafía,,false
Bolsa Reutilizable Envelope Sublimación,BOLSAS DE TNT,https://regalospremium.cl/bolsas-de-tnt-publicitarias/bolsa-reutilizable-envelope-sublimacion.html,"Tela TNT elaborada con polipropileno (PP), no tejido",,Sublimación - Serigrafía,,false
Bolsa Reutilizable Conference Sublimación,BOLSAS DE TNT,https://regalospremium.cl/bolsas-de-tnt-publicitarias/bolsa-reutilizable-conference-sublimacion.html,"Tela TNT elaborada con polipropileno (PP), no tejido",,Sublimación - Serigrafía,,false
Bolsa Reutilizable Big Sublimación,BOLSAS DE TNT,https://regalospremium.cl/bolsas-de-tnt-publicitarias/bolsa-reutilizable-big-sublimacion.html,"Tela TNT elaborada con polipropileno (PP), no tejido",,Sublimación - Serigrafía,,false
Mochila tipo Morral para Sublimación,BOLSAS DE TNT,https://regalospremium.cl/bolsas-de-tnt-publicitarias/mochila-tipo-morral-para-sublimacion.html,"Tela TNT elaborada con polipropileno (PP), no tejido",,Sublimación - Serigrafía,,false
Bolsa Reutilizable II,BOLSAS DE TNT,https://regalospremium.cl/bolsas-de-tnt-publicitarias/bolsa-reutilizable-ii.html,Tela ecológica PET nonwoven 90g,,Sublimación - Serigrafía,,true
Bolígrafo Láser con Pendrive 8GB,Bolígrafos Metálicos y Ejecutivos,https://regalospremium.cl/boligrafos-metalicos-y-ejecutivos-publicitarios/boligrafo-laser-con-pendrive-8gb.html,,,Pantógrafo - Grabado Láser,,false
Bolígrafo con Pendrive 4GB,Bolígrafos Metálicos y Ejecutivos,https://regalospremium.cl/boligrafos-metalicos-y-ejecutivos-publicitarios/boligrafo-metalico-con-pendrive-4gb.html,,,Pantógrafo - Grabado Láser,,false
Bolígrafo con Pendrive 4GB,Bolígrafos Metálicos y Ejecutivos,https://regalospremium.cl/boligrafos-metalicos-y-ejecutivos-publicitarios/boligrafo-con-pendrive-4gb.html,,,"Bolígrafo Pantógrafo o Grabado Láser, Estuche Serigrafía o Tampografía",,false
Bolígrafo Metálico 4 en 1,Bolígrafos Metálicos y Ejecutivos,https://regalospremium.cl/boligrafos-metalicos-y-ejecutivos-publicitarios/boligrafo-metalico-4-en-1.html,,,"Bolígrafo Pantógrafo o Grabado Láser; Estuche Serigrafía, Pantógrafo o Grabado Láser",,false
Bolígrafo Metálico 3 en 1,Bolígrafos Metálicos y Ejecutivos,https://regalospremium.cl/boligrafos-metalicos-y-ejecutivos-publicitarios/boligrafo-metalico-3-en-1.html,,,"Bolígrafo Pantógrafo o Grabado Láser; Estuche Serigrafía, Pantógrafo o Grabado Láser",,false
Bolígrafo Metálico Premium Maverick,Bolígrafos Metálicos y Ejecutivos,https://regalospremium.cl/boligrafos-metalicos-y-ejecutivos-publicitarios/boligrafo-metal-premium.html,,,Serigrafía - Tampógrafo - Grabado Láser,,false
Bolígrafo Metálico Harley,Bolígrafos Metálicos y Ejecutivos,https://regalospremium.cl/boligrafos-metalicos-y-ejecutivos-publicitarios/boligrafo-metalico-harley.html,,,"Serigrafía, Pantografía, Grabado Láser",,false
Bolígrafo Metálico Twister,Bolígrafos Metálicos y Ejecutivos,https://regalospremium.cl/boligrafos-metalicos-y-ejecutivos-publicitarios/boligrafo-metalico-twister.html,,,"Serigrafía, Pantografía, Grabado Láser",,false
Bolígrafo Metálico Metal Gross,Bolígrafos Metálicos y Ejecutivos,https://regalospremium.cl/boligrafos-metalicos-y-ejecutivos-publicitarios/boligrafo-metalico-metal-gross.html,,,"Serigrafía, Pantógrafo o Grabado Láser",,false
Bolígrafo Metálico Arrow,Bolígrafos Metálicos y Ejecutivos,https://regalospremium.cl/boligrafos-metalicos-y-ejecutivos-publicitarios/boligrafo-metalico-arrow.html,,,Grabado Láser,,false
Bolígrafo Metálico Caterpillar,Bolígrafos Metálicos y Ejecutivos,https://regalospremium.cl/boligrafos-metalicos-y-ejecutivos-publicitarios/boligrafo-metalico-caterpillar.html,,,"Serigrafía, Pantógrafo o Grabado Láser",,false
Bolígrafo Aluminio Winner,Bolígrafos Metálicos y Ejecutivos,https://regalospremium.cl/boligrafos-metalicos-y-ejecutivos-publicitarios/boligrafo-aluminio-winner.html,,,"Serigrafía, Pantógrafo o Grabado Láser",,false
Bolígrafo 4 en 1 Touch-Screen,Bolígrafos Metálicos y Ejecutivos,https://regalospremium.cl/boligrafos-metalicos-y-ejecutivos-publicitarios/boligrafo-4-en-1-touch-screen.html,,,"Bolígrafo Pantógrafo o Grabado Láser; Estuche Serigrafía, Pantógrafo o Grabado Láser",,false
Bolígrafo Metálico White Pearl,Bolígrafos Metálicos y Ejecutivos,https://regalospremium.cl/boligrafos-metalicos-y-ejecutivos-publicitarios/boligrafo-metalico-white-pearl.html,,,Serigrafía - Grabado Láser,,false
Bolígrafo Metálico Black Pearl,Bolígrafos Metálicos y Ejecutivos,https://regalospremium.cl/boligrafos-metalicos-y-ejecutivos-publicitarios/boligrafo-metalico-black-pearl.html,,,Serigrafía - Grabado Láser,,false
Bolígrafo Metálico Director,Bolígrafos Metálicos y Ejecutivos,https://regalospremium.cl/boligrafos-metalicos-y-ejecutivos-publicitarios/boligrafo-metalico-director.html,,,"Serigrafía, Pantografía, Grabado Láser",,false
Bolígrafo Metálico Chairman,Bolígrafos Metálicos y Ejecutivos,https://regalospremium.cl/boligrafos-metalicos-y-ejecutivos-publicitarios/boligrafo-metalico-chairman.html,,,"Serigrafía, Pantografía, Grabado Láser",,false
Bolígrafo Metálico Bauhaus,Bolígrafos Metálicos y Ejecutivos,https://regalospremium.cl/boligrafos-metalicos-y-ejecutivos-publicitarios/boligrafo-metalico-bauhaus.html,,,Grabado Láser,,false
Bolígrafo Metálico Hotel,Bolígrafos Metálicos y Ejecutivos,https://regalospremium.cl/boligrafos-metalicos-y-ejecutivos-publicitarios/boligrafo-metalico-hotel.html,,,Grabado Láser,,false
Bolígrafo Metálico Enix,Bolígrafos Metálicos y Ejecutivos,https://regalospremium.cl/boligrafos-metalicos-y-ejecutivos-publicitarios/boligrafo-metalico-enix.html,,,"Serigrafía, Pantógrafo o Grabado Láser",,false
Bolígrafo Metálico Top Gun,Bolígrafos Metálicos y Ejecutivos,https://regalospremium.cl/boligrafos-metalicos-y-ejecutivos-publicitarios/boligrafo-metalico-top-gun.html,,,Pantógrafo Relleno,,false
Bolígrafo Metálico Encobrizado,Bolígrafos Metálicos y Ejecutivos,https://regalospremium.cl/boligrafos-metalicos-y-ejecutivos-publicitarios/boligrafo-metalico-encobrizado.html,,,"Serigrafía, Pantógrafo, Grabado Láser",,false
Roller Pen Metálico Encobrizado,Inicio,https://regalospremium.cl/inicio/roller-pen-metalico-encobrizado.html,,,"Serigrafía, Pantógrafo, Grabado Láser",,false
Bolígrafo Metálico C3PO,Bolígrafos Metálicos y Ejecutivos,https://regalospremium.cl/boligrafos-metalicos-y-ejecutivos-publicitarios/boligrafo-metalico-c3po.html,,,Grabado Láser,,false
Bolígrafo Metálico Concorde,Bolígrafos Metálicos y Ejecutivos,https://regalospremium.cl/boligrafos-metalicos-y-ejecutivos-publicitarios/boligrafo-metalico-concorde.html,,,"Serigrafía, Pantografo",,false
Bolígrafo Metálico Tourist,Bolígrafos Metálicos y Ejecutivos,https://regalospremium.cl/boligrafos-metalicos-y-ejecutivos-publicitarios/boligrafo-metalico-tourist.html,,,"Serigrafía, Grabado Láser",,false
Bolígrafo Biarritz,Bolígrafos Metálicos y Ejecutivos,https://regalospremium.cl/boligrafos-metalicos-y-ejecutivos-publicitarios/boligrafo-biarritz.html,,,Grabado Láser,,false
Bolígrafo Metálico Phantom,Bolígrafos Metálicos y Ejecutivos,https://regalospremium.cl/boligrafos-metalicos-y-ejecutivos-publicitarios/boligrafo-metalico-phantom.html,,,"Serigrafía, Grabado Láser",,false
Bolígrafo Metálico Trooper,Bolígrafos Metálicos y Ejecutivos,https://regalospremium.cl/boligrafos-metalicos-y-ejecutivos-publicitarios/boligrafo-metalico-trooper.html,,,"Serigrafía, Grabado Láser",,false
Bolígrafo Ecológico Hoja,BOLÍGRAFOS Y LÁPICES ECO,https://regalospremium.cl/boligrafos-y-lapices-eco-publicitarios/boligrafo-ecologico-hoja.html,,,Serigrafía,,true
Funda de Pana para 1 Bolígrafo,PACKAGING,https://regalospremium.cl/cotizar-packaging-publicitario/funda-de-pana-para-1-boligrafo.html,,,,,false
Tubo Porta Lápiz,PACKAGING,https://regalospremium.cl/cotizar-packaging-publicitario/tubo-porta-lapiz.html,,,,,false
Tubo Porta Lápiz Transparente,PACKAGING,https://regalospremium.cl/cotizar-packaging-publicitario/tubo-porta-lapiz-transparente.html,,,,,false
Estuche de Cartón para Bolígrafo,PACKAGING,https://regalospremium.cl/cotizar-packaging-publicitario/estuche-de-carton-para-boligrafo.html,,,Serigrafía,,false
Estuche Metálico para Bolígrafo,PACKAGING,https://regalospremium.cl/cotizar-packaging-publicitario/estuche-metalico-para-boligrafo.html,,,"Serigrafía, Pantografía, Grabado Láser",,false
Porta Bolígrafo de Madera,PACKAGING,https://regalospremium.cl/cotizar-packaging-publicitario/porta-boligrafo-de-madera.html,,,"Serigrafía, Pantografía, Grabado Láser",,false
Frasco Plástico,PACKAGING,https://regalospremium.cl/cotizar-packaging-publicitario/frasco-plastico.html,,,"Serigrafía, Tampografía",,false
Funda Protectora Tarjetas Anti Clonación RFID,PACKAGING,https://regalospremium.cl/cotizar-packaging-publicitario/funda-protectora-tarjetas-anti-clonacion-rfid.html,PVC con protección magnética interior,,Serigrafía 1 color,,false
Porta Tarjetas Anti Clonación RFID,VIAJES Y VACACIONES,https://regalospremium.cl/regalos-publicitarios-para-viajes-y-vacaciones/porta-tarjetas-anti-clonacion-rfid.html,Plástico rígido,,Serigrafía 1 color,,false
Porta Tarjetas Anti Clonación RFID con Power Bank,VIAJES Y VACACIONES,https://regalospremium.cl/regalos-publicitarios-para-viajes-y-vacaciones/porta-tarjetas-anti-clonacion-rfid-con-power-bank.html,Plástico rígido,,Serigrafía 1 color,,false
Difusor de Aroma con música,AUDIO,https://regalospremium.cl/audio-publicitario/difusor-de-aroma-con-musica.html,Plástico PP / ABS,,"Grabado Láser, Serigrafía",,true
Aromatizador con Música,AUDIO,https://regalospremium.cl/audio-publicitario/aromatizador-con-musica.html,Plástico PP / ABS,,"Grabado Láser, Serigrafía",,false
Set de Auriculares Triangle,AUDIO,https://regalospremium.cl/audio-publicitario/set-de-auriculares-triangle.html,,,"Serigrafía, Tampografía",,false
Set de Auriculares Cort,AUDIO,https://regalospremium.cl/audio-publicitario/set-de-auriculares-cort.html,,,"Serigrafía, Tampografía",,false
Audífonos Alámbricos «ROCK» Alta Fidelidad,AUDIO,https://regalospremium.cl/audio-publicitario/audifonos-alambricos-rock-alta-fidelidad.html,Plástico de alta resistencia,,Serigrafía y Tampografía,,false
Bluetooth Altavoz Mini Speaker,AUDIO,https://regalospremium.cl/audio-publicitario/bluetooth-altavoz-mini-speaker.html,Acero,,Grabado Láser,,false
Altavoz Pyramid,AUDIO,https://regalospremium.cl/audio-publicitario/altavoz-pyramid.html,Silicona,,"Cama plana o similar (pintura UV, impresión digital), Grabado láser YAG",,false
Deluxe Audífonos Beethoven,AUDIO,https://regalospremium.cl/audio-publicitario/deluxe-audifonos-beethoven.html,Metal / Plástico,,"Serigrafía, Grabado Láser",,false
Audífonos Bluetooth,AUDIO,https://regalospremium.cl/audio-publicitario/audifonos-bluetooth.html,Plástico,,Serigrafía,,false
Altavoz Parlante Metálico,AUDIO,https://regalospremium.cl/audio-publicitario/altavoz-parlante-metalico.html,Aluminio / Plástico ABS,,Grabado Láser,,false
Altavoz Radio FM Reloj Alarma,AUDIO,https://regalospremium.cl/audio-publicitario/altavoz-radio-fm-reloj-alarma.html,Plástico ABS / Tela poliéster gris jaspeado,,Serigrafía,,false
Bluetooth Altavoz,AUDIO,https://regalospremium.cl/audio-publicitario/bluetooth-altavoz.html,Plástico ABS,,Serigrafía,,false
Audífonos Bluetooth Negros,AUDIO,https://regalospremium.cl/audio-publicitario/audifonos-bluetooth-negros.html,Plástico / Silicona,,"Serigrafía, Grabado Láser",,false
Gorro de Lana Bluetooth,AUDIO,https://regalospremium.cl/audio-publicitario/gorro-de-lana-bluetooth.html,Acrílico,,Bordado,,false
Parlante Altavoz Radio FM,AUDIO,https://regalospremium.cl/audio-publicitario/parlante-altavoz-radio-fm.html,,,Serigrafía,,false
Estación Digital LCD 7,COMPUTACIÓN,https://regalospremium.cl/publicitarios-para-computacion/estacion-digital-lcd-7.html,,,Tampografía,,false
Connect Lanyard Multicargador,POWER BANK Y ACCESORIOS,https://regalospremium.cl/power-bank-y-accesorios/connect-lanyard-multicargador.html,Poliéster / Plástico ABS,,Serigrafía,,false
Connect Multicargador Metálico,POWER BANK Y ACCESORIOS,https://regalospremium.cl/power-bank-y-accesorios/connect-multicargador-metalico.html,Nylon Metalizado / Aluminio,,Serigrafía - Grabado Láser,,false
Connect Multicargador Retráctil,POWER BANK Y ACCESORIOS,https://regalospremium.cl/power-bank-y-accesorios/connect-multicargador-retractil.html,Plástico Engomado TPE / Plástico ABS,,Serigrafía sobre soporte plástico ABS,,false
Connect Multicargador Blanco,POWER BANK Y ACCESORIOS,https://regalospremium.cl/power-bank-y-accesorios/connect-multicargador-blanco.html,Plástico TPE engomado / Plástico ABS,,Serigrafía,,false
Connect Multicargador Colores,POWER BANK Y ACCESORIOS,https://regalospremium.cl/power-bank-y-accesorios/connect-multicargador-colores.html,Plástico TPE engomado / Plástico ABS,,Serigrafía,,false
Connect Multicargador 4-en-1,POWER BANK Y ACCESORIOS,https://regalospremium.cl/power-bank-y-accesorios/connect-multicargador-4-en-1.html,Plástico ABS,,Serigrafía,,false
Soporte para iPad Celular,POWER BANK Y ACCESORIOS,https://regalospremium.cl/power-bank-y-accesorios/soporte-para-ipad-celular.html,,,Serigrafía,,false
Kit de Limpieza Teclado y Pantalla,POWER BANK Y ACCESORIOS,https://regalospremium.cl/power-bank-y-accesorios/kit-de-limpieza-teclado-y-pantalla.html,Plástico ABS,,Serigrafía,,false
Cargador Power Bank 2200mAh,POWER BANK Y ACCESORIOS,https://regalospremium.cl/power-bank-y-accesorios/cargador-power-bank-2200mah.html,,,,,false
Cargador Deluxe Power Bank 8400mAh,POWER BANK Y ACCESORIOS,https://regalospremium.cl/power-bank-y-accesorios/cargador-deluxe-power-bank.html,,,,,false
Cargador Power Bank Metálico 5200mAh,POWER BANK Y ACCESORIOS,https://regalospremium.cl/power-bank-y-accesorios/cargador-power-bank-metalico-5200mah.html,Plástico ABS + Acero Inoxidable,,"Serigrafía, Grabado Láser",,false
Selfie Stick Monopod,POWER BANK Y ACCESORIOS,https://regalospremium.cl/power-bank-y-accesorios/selfie-stick-monopod.html,Mango de Plástico ABS,,Serigrafía,,false
Mini Selfie Stick,POWER BANK Y ACCESORIOS,https://regalospremium.cl/power-bank-y-accesorios/mini-selfie-stick-.html,Mango de EVA,,Serigrafía,,false
Soporte Cargador Celular,POWER BANK Y ACCESORIOS,https://regalospremium.cl/power-bank-y-accesorios/soporte-cargador-celular.html,Plástico ABS,,Serigrafía,,false
Porta Tarjeta para Celular,POWER BANK Y ACCESORIOS,https://regalospremium.cl/power-bank-y-accesorios/porta-tarjeta-para-celular.html,Plástico ABS,,Serigrafía,,false
Kit de Carga y Audio,POWER BANK Y ACCESORIOS,https://regalospremium.cl/power-bank-y-accesorios/kit-de-carga-y-audio.html,Plástico ABS,,Serigrafía,,false
Kit de Conexión para Automóvil,POWER BANK Y ACCESORIOS,https://regalospremium.cl/power-bank-y-accesorios/kit-de-conexion-para-automovil.html,Plástico,,Serigrafía,,false
Porta Celular Magnético para Vehículo,POWER BANK Y ACCESORIOS,https://regalospremium.cl/power-bank-y-accesorios/porta-celular-magnetico-para-vehiculo.html,Plástico con magneto,,Grabado Láser sobre Placa Metálica Redonda,,false
Porta-Tablet «VERSA»,CELULAR Y TABLET,https://regalospremium.cl/promocionales-para-celular/porta-tablet-versa-11-pulgadas.html,Simil cuero,,"Serigrafía, Grabado Láser y Cuño Seco",,false
Mini Bolso Porta Tablet,POWER BANK Y ACCESORIOS,https://regalospremium.cl/power-bank-y-accesorios/mini-bolso-porta-tablet.html,,,"Serigrafía, Bordado",,false
Soporte para Celular,POWER BANK Y ACCESORIOS,https://regalospremium.cl/power-bank-y-accesorios/soporte-para-celular.html,,,"Serigrafía, Tampografía",,false
Portafolio President,POWER BANK Y ACCESORIOS,https://regalospremium.cl/power-bank-y-accesorios/portafolio-president.html,PU + Polyester 1680D,,Serigrafía,,false
Cargador Power Bank Ventosas,POWER BANK Y ACCESORIOS,https://regalospremium.cl/power-bank-y-accesorios/cargador-power-bank-ventosas.html,Plástico,,Serigrafía,,false
Power Bank Anti Stress,POWER BANK Y ACCESORIOS,https://regalospremium.cl/power-bank-y-accesorios/power-bank-anti-stress.html,Plástico ABS / Silicona,,Serigrafía (sobre superficie blanca de plástico ABS),,false
Power Bank 6000mAh,POWER BANK Y ACCESORIOS,https://regalospremium.cl/power-bank-y-accesorios/power-bank-6000mah.html,Plástico ABS,,Serigrafía,,false
Cargador Power Bank Metálico 6000mAh,POWER BANK Y ACCESORIOS,https://regalospremium.cl/power-bank-y-accesorios/cargador-power-bank-metalico-6000mah.html,Aluminio,,"Serigrafía, Grabado Láser",,false
Cargador Power Bank 13000mAh,POWER BANK Y ACCESORIOS,https://regalospremium.cl/power-bank-y-accesorios/cargador-power-bank-13000mah.html,Plástico ABS,,Serigrafía,,false
Pendrive 4GB con Forma de Llave,MEMORIAS USB,https://regalospremium.cl/pendrive-publicitario/pendrive-4gb-con-forma-de-llave.html,,,"Serigrafía, Láser, Pantógrafo",,false
Pendrive 16GB,MEMORIAS USB,https://regalospremium.cl/pendrive-publicitario/pendrive-16gb.html,,,"Serigrafía, Pantógrafo",,false
Llavero Pendrive 4GB Simil Cuero,Llaveros Cuero,https://regalospremium.cl/llaveros-cuero/llavero-pendrive-4gb-simil-cuero.html,,,"Serigrafía, Láser o Pantógrafo",,false
Pendrive 4GB Puntero Touch,MEMORIAS USB,https://regalospremium.cl/pendrive-publicitario/pendrive-4gb-puntero-touch.html,,,"Grabado Láser, Pantógrafo",,false
Pendrive 4GB de Metal y Cuero,MEMORIAS USB,https://regalospremium.cl/pendrive-publicitario/pendrive-4gb-de-metal-y-cuero.html,,,"Serigrafía, Láser, Pantógrafo",,false
Pendrive 8GB con Forma de Llave,MEMORIAS USB,https://regalospremium.cl/pendrive-publicitario/pendrive-8gb-con-forma-de-llave.html,,,"Serigrafía, Láser, Pantógrafo",,false
Pendrive 64GB,MEMORIAS USB,https://regalospremium.cl/pendrive-publicitario/usb-pendrive-64gb.html,,,"Serigrafía, Grabado Láser",,false
Pendrive 8GB Puntero Touch,MEMORIAS USB,https://regalospremium.cl/pendrive-publicitario/pendrive-8gb-puntero-touch.html,,,"Grabado Láser, Pantógrafo",,false
Pendrive 8GB Credit Card,MEMORIAS USB,https://regalospremium.cl/pendrive-publicitario/pendrive-8gb-credit-card.html,,,"Serigrafía, Tampografía",,false
Pendrive 8GB,MEMORIAS USB,https://regalospremium.cl/pendrive-publicitario/usb-pendrive-8gb.html,,,"Pantógrafo, Grabado Láser",,false
Pendrive giro 32 GB,MEMORIAS USB,https://regalospremium.cl/pendrive-publicitario/pendrive-giro-32-gb.html,,,"Serigrafía, Láser o Pantógrafo",,false
Pendrive 16GB con Forma de Llave,MEMORIAS USB,https://regalospremium.cl/pendrive-publicitario/usb-pendrive-16gb-con-forma-de-llave.html,,,"Serigrafía, Láser, Pantógrafo",,false
Pendrive Tarjeta de Crédito  8GB,MEMORIAS USB,https://regalospremium.cl/pendrive-publicitario/pendrive-tarjeta-de-credito-8gb.html,,,Serigrafía,,false
Mini Pendrive Android de 16GB,MEMORIAS USB,https://regalospremium.cl/pendrive-publicitario/mini-pendrive-android-de-16gb.html,Acero Inoxidable,,"Pantógrafo, Grabado Láser",,true
Mini Pendrive Metálico de 32GB,TECNOLÓGICOS,https://regalospremium.cl/regalos-promocionales-tecnologicos/mini-pendrive-metalico-de-32gb.html,Acero Inoxidable,,"Pantógrafo, Grabado Láser",,true
Pendrive 32GB,MEMORIAS USB,https://regalospremium.cl/pendrive-publicitario/pendrive-32gb.html,,,"Pantógrafo, Grabado Láser",,false
Mug Térmico USB 420cc,Mugs Metálicos,https://regalospremium.cl/mugs-metalicos-publicitarios/mug-termico-usb-420cc.html,,,Serigrafía,,false
Mug Térmico 450cc,Mugs Metálicos,https://regalospremium.cl/mugs-metalicos-publicitarios/mug-termico-450cc-color-acero.html,,,Serigrafía,,false
Mug de Acero Inoxidable 440cc,Mugs Metálicos,https://regalospremium.cl/mugs-metalicos-publicitarios/comprar-mug-de-acero-inoxidable-440cc.html,,,Serigrafía,,false
Mug Térmico Plástico 450cc,Mugs Ceramicos - Plasticos,https://regalospremium.cl/mugs-ceramica-plastico-publicitarios/mug-termico-plastico-400cc.html,Plástico y PVC,,Serigrafía,,false
Mug Térmico 450cc,Mugs Metálicos,https://regalospremium.cl/mugs-metalicos-publicitarios/mug-termico-450cc.html,,,Serigrafía,,false
Mug de Acero Inoxidable 440cc,Mugs Metálicos,https://regalospremium.cl/mugs-metalicos-publicitarios/mug-de-acero-inoxidable-440cc.html,,,Serigrafía,,false
Sport Bottle de Aluminio 750cc,Botellas Metalicas,https://regalospremium.cl/botellas-metalicas-publicitarias/sport-bottle-de-aluminio-750cc.html,,,Serigrafía,,false
Botella Flexible PET 480cc,Botellas Plasticas,https://regalospremium.cl/botellas-plasticas-publicitarias/botella-flexible-pet-480cc.html,,,"Serigrafía, Tampografía",,true
Caramayola Tritan 750 cc,Botellas Plasticas,https://regalospremium.cl/botellas-plasticas-publicitarias/caramayola-tritan-750-cc.html,,,Serigrafía,,false
Caramayola Trend 650cc,Botellas Plasticas,https://regalospremium.cl/botellas-plasticas-publicitarias/caramayola-trend-650cc.html,,,Serigrafía,,false
Termo 1/2 Litro Novak,Botellas Metalicas,https://regalospremium.cl/botellas-metalicas-publicitarias/termo-12-litro-novak.html,,,"Serigrafía, Grabado Láser",,false
Vaso Cerámico 400cc,Mugs Ceramicos - Plasticos,https://regalospremium.cl/mugs-ceramica-plastico-publicitarios/vaso-ceramico-400cc.html,,,"Serigrafía, Calco",,false
Tazón Cerámico Sublimación 320cc,Mugs Ceramicos - Plasticos,https://regalospremium.cl/mugs-ceramica-plastico-publicitarios/tazon-ceramico-sublimacion-320cc.html,Cerámica,,,,false
Tazón con Cuchara 320cc,Mugs Ceramicos - Plasticos,https://regalospremium.cl/mugs-ceramica-plastico-publicitarios/tazon-con-cuchara-320cc.html,,,"Serigrafía, Calco",,false
Tazón Cerámico de Color 350cc,Mugs Ceramicos - Plasticos,https://regalospremium.cl/mugs-ceramica-plastico-publicitarios/tazon-ceramico-de-color-350cc.html,,,"Serigrafía, Calco",,false
Mug Cobre 440cc,Mugs Metálicos,https://regalospremium.cl/mugs-metalicos-publicitarios/mug-cobre-440cc.html,,,"Serigrafía, Grabado Láser",,false
Termo Cobre 500cc,Botellas Metalicas,https://regalospremium.cl/botellas-metalicas-publicitarias/termo-cobre-500cc.html,,,"Serigrafía, Grabado Láser",,false
Termo Botella 750cc,Botellas Metalicas,https://regalospremium.cl/botellas-metalicas-publicitarias/termo-botella-750cc.html,,,"Serigrafía, Grabado Láser",,false
Termo Blanco 1Litro,Botellas Metalicas,https://regalospremium.cl/botellas-metalicas-publicitarias/termo-blanco-1litro.html,,,"Serigrafía, Grabado Láser",,false
Termo Para Almuerzo 2 Litros,Botellas Metalicas,https://regalospremium.cl/botellas-metalicas-publicitarias/termo-para-almuerzo-2-litros.html,,,"Serigrafía, Grabado Láser",,false
Botella Plástica 700cc,Botellas Plasticas,https://regalospremium.cl/botellas-plasticas-publicitarias/botella-plastica-700cc.html,HDPE,,Cama Plana,,true
Frutty Sport Bottle 700cc,Botellas Plasticas,https://regalospremium.cl/botellas-plasticas-publicitarias/frutty-sport-bottle-700cc.html,Tritán + PP,,Serigrafía,,false
Tazón Cerámico Blanco 320cc,Mugs Ceramicos - Plasticos,https://regalospremium.cl/mugs-ceramica-plastico-publicitarios/tazon-ceramico-blanco-320cc.html,Cerámico,,Serigrafía,,false
Tazón Cerámico Color 240cc,Mugs Ceramicos - Plasticos,https://regalospremium.cl/mugs-ceramica-plastico-publicitarios/tazon-ceramico-color-240cc.html,Cerámico,,"Serigrafía, Calco",,false
Coffee Mug Slim 250 cc,Mugs Metálicos,https://regalospremium.cl/mugs-metalicos-publicitarios/coffee-mug-slim-250-cc.html,,,"Serigrafía, Grabado Láser",,false
Set Termo más 2 Tazones,Botellas Metalicas,https://regalospremium.cl/botellas-metalicas-publicitarias/set-termo-mas-2-tazones.html,Acero Inoxidable,,Serigrafía,,false
Botella térmica 500cc. para Sublimación,Botellas Metalicas,https://regalospremium.cl/botellas-metalicas-publicitarias/botella-termica-500cc-para-sublimacion.html,"Acero Inoxidable, madera de bamboo, plástico",,Sublimación,,false
Tazón Cerámico Bicolor para Sublimación,Mugs Metálicos,https://regalospremium.cl/mugs-metalicos-publicitarios/tazon-ceramico-bicolor-para-sublimacion.html,,,"Serigrafía CON HORNO, Calco y Sublimación",,false
Tazón Cerámico Sublimación con Cuchara,Mugs Ceramicos - Plasticos,https://regalospremium.cl/mugs-ceramica-plastico-publicitarios/tazon-ceramico-sublimacion-con-cuchara.html,,,"Serigrafía CON HORNO, Calco y Sublimación",,false
Tazón Cerámico Dorado Sublimación,Mugs Ceramicos - Plasticos,https://regalospremium.cl/mugs-ceramica-plastico-publicitarios/tazon-ceramico-dorado-sublimacion.html,,,"Serigrafía CON HORNO, Calco y Sublimación",,false
Tazón Cerámico Plateado Sublimación,Mugs Ceramicos - Plasticos,https://regalospremium.cl/mugs-ceramica-plastico-publicitarios/tazon-ceramico-plateado-sublimacion.html,,,"Serigrafía CON HORNO, Calco y Sublimación",,false
Tazón de Vidrio Empavonado Sublimación,Mugs Ceramicos - Plasticos,https://regalospremium.cl/mugs-ceramica-plastico-publicitarios/tazon-de-vidrio-empavonado-sublimacion.html,Vidrio,,"Sublimación, Grabado Láser",,false
Tazón Schopero Empavonado Sublimación,Mugs Ceramicos - Plasticos,https://regalospremium.cl/mugs-ceramica-plastico-publicitarios/tazon-schopero-empavonado-sublimacion.html,,,"Serigrafía CON HORNO, Calco y Sublimación",,false
Tazón Mágico Sublimación 320cc,Mugs Ceramicos - Plasticos,https://regalospremium.cl/mugs-ceramica-plastico-publicitarios/tazon-magico-sublimacion-320cc.html,Cerámica,,Sublimación,,false
Tazón Enlozado Sublimación,Mugs Ceramicos - Plasticos,https://regalospremium.cl/mugs-ceramica-plastico-publicitarios/tazon-enlozado-sublimacion.html,Acero enlozado,,Sublimación,,false
Mug Térmico Blanco Sublimación,Mugs Metálicos,https://regalospremium.cl/mugs-metalicos-publicitarios/mug-termico-blanco-sublimacion.html,,,"Serigrafía CON HORNO, Sublimación, Grabado Láser",,false
Botella Térmica Can Sublimación,Botellas Metalicas,https://regalospremium.cl/botellas-metalicas-publicitarias/botella-termica-can-sublimacion.html,,,"Serigrafía CON HORNO, Sublimación, Grabado Láser",,false
Sport Bottle Sublimación,Botellas Metalicas,https://regalospremium.cl/botellas-metalicas-publicitarias/sport-bottle-sublimacion.html,Acero Inoxidable,,Sublimación,,false
Termo 350cc Sublimación,Botellas Metalicas,https://regalospremium.cl/botellas-metalicas-publicitarias/termo-350cc-sublimacion.html,Acero Inoxidable,,Sublimación,,false
Tazón Enlozado Sublimación 650cc,Mugs Metálicos,https://regalospremium.cl/mugs-metalicos-publicitarios/tazon-enlozado-sublimacion-650cc.html,Acero enlozado,,Sublimación,,false
Botella metálica 500cc para Sublimación,Botellas Metalicas,https://regalospremium.cl/botellas-metalicas-publicitarias/botella-metalica-500cc-para-sublimacion.html,Aluminio,,Sublimación,,false
Botella metálica 750cc para Sublimación,Botellas Metalicas,https://regalospremium.cl/botellas-metalicas-publicitarias/botella-metalica-750cc-para-sublimacion.html,Aluminio,,Sublimación,,false
Termo de Sublimación 800,Botellas Metalicas,https://regalospremium.cl/botellas-metalicas-publicitarias/termo-sublimacion-800-acero-inoxidable.html,Acero inoxidable,,Sublimación,,false
Tazón Alto Sublimación 296cc,Mugs Ceramicos - Plasticos,https://regalospremium.cl/mugs-ceramica-plastico-publicitarios/taza-cafe-sublimacion-160cc-orca-coatings.html,Cerámica,,"Serigrafía con horno, Calco y Sublimación",,false
Taza de Café Sublimación,Mugs & Termos Sublimación,https://regalospremium.cl/mugs-y-termos-para-sublimacion-publicitarios/taza-cafe-sublimacion-160cc-orca-coatings.html,Cerámica,,"Serigrafía con horno, Calco y Sublimación",,false
Ventilador con HUB USB,ESCRITORIO Y OFICINA,https://regalospremium.cl/regalos-publicitarios-para-negocios-y-empresas/ventilador-con-hub-usb.html,,,Serigrafía,,false
Porta Foto Mini de Aluminio,ESCRITORIO Y OFICINA,https://regalospremium.cl/regalos-publicitarios-para-negocios-y-empresas/porta-foto-mini-de-aluminio.html,,,,,false
Porta Foto de Aluminio Grande,ESCRITORIO Y OFICINA,https://regalospremium.cl/regalos-publicitarios-para-negocios-y-empresas/porta-foto-de-aluminio-grande.html,,,Serigrafía,,false
Tarjetero de Aluminio,ESCRITORIO Y OFICINA,https://regalospremium.cl/regalos-publicitarios-para-negocios-y-empresas/tarjetero-de-aluminio.html,,,"Serigrafía, Pantógrafo, Grabado Láser",,false
Set de Oficina,ESCRITORIO Y OFICINA,https://regalospremium.cl/regalos-publicitarios-para-negocios-y-empresas/set-de-oficina.html,,,Serigrafía,,false
Calendario Eterno Plástico,ESCRITORIO Y OFICINA,https://regalospremium.cl/regalos-publicitarios-para-negocios-y-empresas/calendario-eterno-plastico.html,,,"Serigrafía, Grabado Láser",,false
Regla Acrílica 30cm,ESCRITORIO Y OFICINA,https://regalospremium.cl/regalos-publicitarios-para-negocios-y-empresas/regla-acrilica-30cm.html,,,"Serigrafía, Grabado Láser",,false
Alcancía House,ESCRITORIO Y OFICINA,https://regalospremium.cl/regalos-publicitarios-para-negocios-y-empresas/alcancia-house.html,,,Serigrafía,,false
Calendario Eterno Metálico,ESCRITORIO Y OFICINA,https://regalospremium.cl/regalos-publicitarios-para-negocios-y-empresas/calendario-eterno-metalico.html,,,"Serigrafía, Pantógrafo, Grabado Láser",,false
Mouse Pad Redondo Sublimación,ESCRITORIO Y OFICINA,https://regalospremium.cl/regalos-publicitarios-para-negocios-y-empresas/mouse-pad-redondo-sublimacion.html,,,"Serigrafía, Sublimación",,false
Porta-Retrato Redondo Sublimación,ESCRITORIO Y OFICINA,https://regalospremium.cl/regalos-publicitarios-para-negocios-y-empresas/porta-retrato-redondo-sublimacion.html,Acrílico / Plástico,,Sublimación,,false
Porta Retrato Balancín Sublimación,ESCRITORIO Y OFICINA,https://regalospremium.cl/regalos-publicitarios-para-negocios-y-empresas/porta-retrato-balancin-sublimacion.html,Acrílico / Vidrio,,Sublimación,,false
Porta Retrato Colgante Sublimación,ESCRITORIO Y OFICINA,https://regalospremium.cl/regalos-publicitarios-para-negocios-y-empresas/porta-retrato-colgante-sublimacion.html,Acrílico / Vidrio,,Sublimación,,false
Porta-Documentos de Fieltro,BOLSAS DE FIELTRO,https://regalospremium.cl/bolsas-de-fieltro-publicitarias/porta-documentos-de-fieltro.html,Fieltro Poliéster 300g/m2,,"Serigrafía o Grabado Láser, sobre Etiqueta de Cuero",,false
Carpeta Ejecutiva Simil Cuero,CARPETAS Y PORTAFOLIOS,https://regalospremium.cl/carpetas-y-portafolios-publicitarios/carpeta-ejecutiva-simil-cuero.html,,,"Serigrafía, Grabado Láser",,false
Carpeta Ejecutiva,CARPETAS Y PORTAFOLIOS,https://regalospremium.cl/carpetas-y-portafolios-publicitarios/carpeta-ejecutiva.html,,,Serigrafía o Grabado Láser,,false
Deluxe Carpeta Windsor,CARPETAS Y PORTAFOLIOS,https://regalospremium.cl/carpetas-y-portafolios-publicitarios/deluxe-carpeta-windsor.html,,,Serigrafía,,false
Set de Notas Adhesivas de PU Negro,CUADERNOS - LIBRETAS - MEMO SET,https://regalospremium.cl/cuadernos-libretas-memo-set-publicitarios/set-de-notas-adhesivas-de-pu-negro.html,,,"Serigrafía, Tampografía",,false
Porta Notas Adhedivas con Clips,CUADERNOS - LIBRETAS - MEMO SET,https://regalospremium.cl/cuadernos-libretas-memo-set-publicitarios/porta-notas-adhedivas-con-clips.html,,,"Serigrafía, Tampografía",,false
Libreta con Bolígrafo,CUADERNOS - LIBRETAS - MEMO SET,https://regalospremium.cl/cuadernos-libretas-memo-set-publicitarios/libreta-con-boligrafo.html,,,"Serigrafía, Tampografía",,false
Cuaderno Ecológico Tapa Dura,CUADERNOS - LIBRETAS - MEMO SET,https://regalospremium.cl/cuadernos-libretas-memo-set-publicitarios/cuaderno-ecologico-tapa-dura.html,,,Serigrafía o Tampografía,,true
Libreta de PU High Class,CUADERNOS - LIBRETAS - MEMO SET,https://regalospremium.cl/cuadernos-libretas-memo-set-publicitarios/libreta-de-pu-high-class.html,,,Serigrafía - Cuño Seco - Grabado Láser,,false
Libreta Colorskine,CUADERNOS - LIBRETAS - MEMO SET,https://regalospremium.cl/cuadernos-libretas-memo-set-publicitarios/libreta-colorskine.html,Cartón piedra forrado en PU simil cuero,,"Serigrafía, Cuño Seco",,false
Cuaderno Colorskine,CUADERNOS - LIBRETAS - MEMO SET,https://regalospremium.cl/cuadernos-libretas-memo-set-publicitarios/cuaderno-colorskine.html,Cartón piedra forrado en PU simil cuero,,"Serigrafía, Cuño Seco",,false
Libreta Whiteskine,CUADERNOS - LIBRETAS - MEMO SET,https://regalospremium.cl/cuadernos-libretas-memo-set-publicitarios/libreta-whiteskine.html,Cartón piedra forrado en PU simil cuero,,"Serigrafía, Cuño Seco",,false
Cuaderno Whiteskine,CUADERNOS - LIBRETAS - MEMO SET,https://regalospremium.cl/cuadernos-libretas-memo-set-publicitarios/cuaderno-whiteskine.html,Cartón piedra forrado en PU simil cuero,,"Serigrafía, Cuño Seco",,false
Deluxe Cuaderno Cierre Imantado,CUADERNOS - LIBRETAS - MEMO SET,https://regalospremium.cl/cuadernos-libretas-memo-set-publicitarios/deluxe-cuaderno-cierre-imantado.html,Cubierta de Termo-PU,,Serigrafía,,false
Memo Set Ecológico con Tapa Dura,ECO FRIENDLY,https://regalospremium.cl/productos-eco-friendly-publicitarios/memo-set-ecologico-con-tapa-dura.html,,,Serigrafía - Grabado Láser,,true
Libreta PU,CUADERNOS - LIBRETAS - MEMO SET,https://regalospremium.cl/cuadernos-libretas-memo-set-publicitarios/libreta-pu.html,Cartón piedra forrado en PU simil cuero,,"Serigrafía, Cuño Seco",,false
Cuaderno PU,CUADERNOS - LIBRETAS - MEMO SET,https://regalospremium.cl/cuadernos-libretas-memo-set-publicitarios/cuaderno-pu.html,Cartón piedra forrado en PU simil cuero,,"Serigrafía, Cuño seco",,false
Libreta de Tela,CUADERNOS - LIBRETAS - MEMO SET,https://regalospremium.cl/cuadernos-libretas-memo-set-publicitarios/libreta-de-tela.html,Cartón piedra forrado en tela lino,,Serigrafía,,false
Cuaderno de Tela,CUADERNOS - LIBRETAS - MEMO SET,https://regalospremium.cl/cuadernos-libretas-memo-set-publicitarios/cuaderno-de-tela.html,Cartón piedra forrado en tela lino,,Serigrafía,,false
Cuaderno Corcho PU,CUADERNOS - LIBRETAS - MEMO SET,https://regalospremium.cl/cuadernos-libretas-memo-set-publicitarios/cuaderno-corcho-pu.html,Cartón piedra forrado en PU y lámina de corcho,,Serigrafía,,false
Cuaderno Velvet PU,CUADERNOS - LIBRETAS - MEMO SET,https://regalospremium.cl/cuadernos-libretas-memo-set-publicitarios/cuaderno-velvet-pu.html,Cartón piedra forrado en Velvet PU (tela aterciopelada) bicolor,,Serigrafía,,false
Libreta SILVER,CUADERNOS - LIBRETAS - MEMO SET,https://regalospremium.cl/cuadernos-libretas-memo-set-publicitarios/libreta-silver.html,PU plateado,,Serigrafía,,false
Card Tool Manicure Set,BELLEZA Y SALUD,https://regalospremium.cl/publicitarios-belleza-y-salud/card-tool-manicure-set.html,,,Serigrafía,,false
Cosmetiquero Grande de PVC,BELLEZA Y SALUD,https://regalospremium.cl/publicitarios-belleza-y-salud/cosmetiquero-grande-de-pvc.html,,,Serigrafía,,false
Deluxe Set de Costura,BELLEZA Y SALUD,https://regalospremium.cl/publicitarios-belleza-y-salud/deluxe-set-de-costura.html,,,Serigrafía o Tampografía,,false
Botiquín de Emergencia,BELLEZA Y SALUD,https://regalospremium.cl/publicitarios-belleza-y-salud/botiquin-de-emergencia.html,,,"Serigrafía, Bordado",,false
Espejo Plateado,BELLEZA Y SALUD,https://regalospremium.cl/publicitarios-belleza-y-salud/espejo-plateado.html,,,Serigrafía o Tampografía,,false
Joyero de PU Negro,BELLEZA Y SALUD,https://regalospremium.cl/publicitarios-belleza-y-salud/joyero-de-pu-negro.html,,,Serigrafía - Grabado Láser - Cuño Seco,,false
Llavero Set de Manicure,Llaveros funcionales,https://regalospremium.cl/llaveros-funcionales/llavero-set-de-manicure.html,,,Serigrafía - Tampografía,,false
Cepillo Rectangular con Espejo,BELLEZA Y SALUD,https://regalospremium.cl/publicitarios-belleza-y-salud/cepillo-rectangular-con-espejo.html,,,Serigrafía - Tampografía,,false
Espejo con Reloj Digital,BELLEZA Y SALUD,https://regalospremium.cl/publicitarios-belleza-y-salud/espejo-con-reloj-digital.html,,,Serigrafía o Tampografía,,false
Espejo Económico de Bolsillo,BELLEZA Y SALUD,https://regalospremium.cl/publicitarios-belleza-y-salud/espejo-economico-de-bolsillo.html,Plástico ABS,,"Serigrafía, Tampografía",,false
Espejo de Aluminio,BELLEZA Y SALUD,https://regalospremium.cl/publicitarios-belleza-y-salud/espejo-de-aluminio.html,,,"Serigrafía, Pantógrafo o Grabado Láser",,false
Set de Manicure Metálico,BELLEZA Y SALUD,https://regalospremium.cl/publicitarios-belleza-y-salud/set-de-manicure-metalico.html,,,"Serigrafía, Pantógrafo o Grabado Láser",,false
Colgador de Carteras,BELLEZA Y SALUD,https://regalospremium.cl/publicitarios-belleza-y-salud/colgador-de-bolsos.html,,,"Serigrafía, Pantógrafo, Grabado Láser",,false
Pastillero Trizone,BELLEZA Y SALUD,https://regalospremium.cl/publicitarios-belleza-y-salud/pastillero-trizone.html,,,Serigrafía o Tampografía,,false
Necessaire XD,BELLEZA Y SALUD,https://regalospremium.cl/publicitarios-belleza-y-salud/necessaire-xd.html,,,Serigrafía o Bordado,,false
Bolsa de PVC Clear,BELLEZA Y SALUD,https://regalospremium.cl/publicitarios-belleza-y-salud/bolsa-de-pvc-clear.html,,,Serigrafía,,false
Colgador de Carteras,BELLEZA Y SALUD,https://regalospremium.cl/publicitarios-belleza-y-salud/colgador-de-carteras.html,,,"Serigrafía, Pantógrafo, Grabado Láser",,false
Necessaire de Microfibra,BELLEZA Y SALUD,https://regalospremium.cl/publicitarios-belleza-y-salud/necessaire-de-microfibra.html,,,Serigrafía o Bordado,,false
Colgador de Carteras Spiral,BELLEZA Y SALUD,https://regalospremium.cl/publicitarios-belleza-y-salud/colgador-de-carteras-spiral.html,,,"Serigrafía, Pantógrafo",,false
Peine con Espejo,BELLEZA Y SALUD,https://regalospremium.cl/publicitarios-belleza-y-salud/peine-con-espejo.html,,,Serigrafía,,false
Pastillero Bizone,BELLEZA Y SALUD,https://regalospremium.cl/publicitarios-belleza-y-salud/pastillero-bizone.html,,,Serigrafía,,false
Set de Costura con Espejo,BELLEZA Y SALUD,https://regalospremium.cl/publicitarios-belleza-y-salud/set-de-costura-con-espejo.html,,,Serigrafía,,false
Kit de Primeros Auxilios 50 en 1,BELLEZA Y SALUD,https://regalospremium.cl/publicitarios-belleza-y-salud/kit-de-primeros-auxilios-50-en-1.html,,,Serigrafía,,false
USB Masajeador,BELLEZA Y SALUD,https://regalospremium.cl/publicitarios-belleza-y-salud/usb-masajeador.html,Acero/Plástico ABS,,Serigrafía,,false
Mat Alfombrilla de Yoga Pilates,BELLEZA Y SALUD,https://regalospremium.cl/publicitarios-belleza-y-salud/mat-alfombrilla-de-yoga-pilates.html,Esponja NBR Rubber,,Serigrafia,,false
Deluxe Mat de Yoga Pilates,BELLEZA Y SALUD,https://regalospremium.cl/publicitarios-belleza-y-salud/deluxe-mat-de-yoga-pilates.html,"Superficie gamuza sintética, Poliamida (Nylon) + PU (Poliuretano) / reverso caucho negro",,Serigrafía,,false
Ladrillo de Yoga Pilates,BELLEZA Y SALUD,https://regalospremium.cl/publicitarios-belleza-y-salud/ladrillo-de-yoga-pilates.html,EVA,,Serigrafía,,false
Rodillo Liso de Yoga Pilates,BELLEZA Y SALUD,https://regalospremium.cl/publicitarios-belleza-y-salud/rodillo-liso-de-yoga-pilates.html,Espuma comprimida EPP,,Serigrafía,,false
Softball Inflable Pequeño de Yoga Pilates,BELLEZA Y SALUD,https://regalospremium.cl/publicitarios-belleza-y-salud/softball-inflable-pequeno-de-yoga-pilates.html,PVC,,,,false
Bombín Inflador de Yoga Pilates,BELLEZA Y SALUD,https://regalospremium.cl/publicitarios-belleza-y-salud/bombin-inflador-de-yoga-pilates.html,Plástico PP,,Serigrafía,,false
Disco Balance Board,BELLEZA Y SALUD,https://regalospremium.cl/publicitarios-belleza-y-salud/disco-balance-board.html,"Madera, Plástico",,Serigrafía,,false
Necessaire Trevi,BELLEZA Y SALUD,https://regalospremium.cl/publicitarios-belleza-y-salud/comprar-necessaire-publicitario.html,,,Serigrafía o Bordado,,false
Estrella Anti Stress,BELLEZA Y SALUD,https://regalospremium.cl/publicitarios-belleza-y-salud/estrella-anti-stress-relax.html,Espuma de alta densidad,,Grabado Láser y Serigrafía,,false
Pelota Anti Stress,BELLEZA Y SALUD,https://regalospremium.cl/publicitarios-belleza-y-salud/pelota-anti-stress.html,,,"Tampografía, Grabado Láser",,false
Casco Anti Stress,BELLEZA Y SALUD,https://regalospremium.cl/publicitarios-belleza-y-salud/casco-anti-stress.html,,,"Tampografía, Grabado Láser",,false
N°1 Anti Stress,BELLEZA Y SALUD,https://regalospremium.cl/publicitarios-belleza-y-salud/n1-anti-stress.html,,,"Tampografía, Grabado Láser",,false
Corazón Anti Stress,BELLEZA Y SALUD,https://regalospremium.cl/publicitarios-belleza-y-salud/corazon-anti-stress.html,,,"Tampografía, Grabado Láser",,false
Colgador de Carteras Sublimación,BELLEZA Y SALUD,https://regalospremium.cl/publicitarios-belleza-y-salud/colgador-de-carteras-sublimacion.html,Metal,,Sublimación,,false
Espejo Metálico Cuadrado Sublimación,BELLEZA Y SALUD,https://regalospremium.cl/publicitarios-belleza-y-salud/espejo-metalico-cuadrado-sublimacion.html,Metal,,Sublimación,,false
Espejo Metálico Redondo Sublimación,BELLEZA Y SALUD,https://regalospremium.cl/publicitarios-belleza-y-salud/espejo-metalico-redondo-sublimacion.html,Metal,,Sublimación,,false
Cosmetiquero Plateado Sublimación,BELLEZA Y SALUD,https://regalospremium.cl/publicitarios-belleza-y-salud/cosmetiquero-plateado-sublimacion.html,Poliéster,,Sublimación,,false
Necessaire Sublimación,BELLEZA Y SALUD,https://regalospremium.cl/publicitarios-belleza-y-salud/comprar-necessaire-sublimacion.html,Poliéster,,Sublimación,,false
Caja Metálica Redonda Sublimación,BELLEZA Y SALUD,https://regalospremium.cl/publicitarios-belleza-y-salud/caja-metalica-redonda-sublimacion.html,Aluminio,,Sublimación,,false
Caja Metálica Corazón Sublimación,BELLEZA Y SALUD,https://regalospremium.cl/publicitarios-belleza-y-salud/caja-metalica-corazon-sublimacion.html,Aluminio,,Sublimación,,false
Caja Metálica Rectangular Sublimación,BELLEZA Y SALUD,https://regalospremium.cl/publicitarios-belleza-y-salud/caja-metalica-rectangular-sublimacion.html,Aluminio,,Sublimación,,false
Llavero Multiherramienta,Llaveros funcionales,https://regalospremium.cl/llaveros-funcionales/llavero-multiherramienta.html,,,"Serigrafía, Pantógrafo, Grabado Láser",,false
Llavero Multiherramientas,Llaveros funcionales,https://regalospremium.cl/llaveros-funcionales/llavero-multiherramientas.html,,,"Serigrafía con calor, Pantógrafo, Grabado Láser",,false
Cortaplumas de Golf con Llavero,Llaveros funcionales,https://regalospremium.cl/llaveros-funcionales/cortaplumas-de-golf-con-llavero.html,,,"Serigrafía con calor, Pantógrafo, Grabado Láser",,false
Puntero Láser Linterna LED,Llaveros funcionales,https://regalospremium.cl/llaveros-funcionales/puntero-laser-linterna-led.html,,,Pantografía - Láser,,false
Llavero Elegante de Metal y Eco-Cuero,Llaveros Cuero,https://regalospremium.cl/llaveros-cuero/llavero-elegante-de-metal-y-eco-cuero.html,Metal y eco-cuero,,Pantografía y Grabado Láser,,false
Llavero Simil Cuero Café,Llaveros Cuero,https://regalospremium.cl/llaveros-cuero/llavero-simil-cuero-cafe.html,,,Serigrafía - Tampografía - Grabado Láser - Cuño Seco,,false
Llavero Metálico Cuadrado,Llaveros Metalicos,https://regalospremium.cl/llaveros-metalicos/llavero-metalico-cuadrado.html,,,Serigrafía - Pantografía - Grabado Láser,,false
Llavero Metálico Rectangular,Llaveros Cuero,https://regalospremium.cl/llaveros-cuero/comprar-llavero-metalico-rectangular.html,,,Serigrafía - Pantografía - Grabado Láser,,false
Llavero Rectangular Plano,Llaveros Cuero,https://regalospremium.cl/llaveros-cuero/llavero-rectangular-plano.html,,,Serigrafía - Pantografía - Grabado Láser,,false
Llavero Metálico Porta Foto,Llaveros Cuero,https://regalospremium.cl/llaveros-cuero/llavero-metalico-porta-foto.html,,,Serigrafía - Pantografía - Grabado Láser,,false
Set BBQ en Maletín Plástico,HERRAMIENTAS Y ASADO,https://regalospremium.cl/herramientas-y-asado/set-bbq-en-maletin-plastico.html,,,Serigrafía,,false
Delantal BBQ con 9 Herramientas,HERRAMIENTAS Y ASADO,https://regalospremium.cl/herramientas-y-asado/delantal-bbq-con-9-herramientas.html,,,,,false
Delantal de BBQ con 3 Herramientas,HERRAMIENTAS Y ASADO,https://regalospremium.cl/herramientas-y-asado/delantal-bbq-pampa-3-herramientas.html,,,Serigrafía,,false
Deluxe BBQ Set Metálico,HERRAMIENTAS Y ASADO,https://regalospremium.cl/herramientas-y-asado/deluxe-bbq-set-metalico.html,Aluminio + Acero Inoxidable,,Grabado Láser - Pantografía,,true
Set de BBQ con 10 Herramientas,HERRAMIENTAS Y ASADO,https://regalospremium.cl/herramientas-y-asado/set-de-bbq-con-10-herramientas.html,,,Serigrafía,,false
Deluxe BBQ Set Metálico de 24 piezas,HERRAMIENTAS Y ASADO,https://regalospremium.cl/herramientas-y-asado/deluxe-bbq-set-metalico-de-24-piezas.html,Aluminio + Acero Inoxidable,,Grabado Láser - Pantografía,,true
Set de Picnic para 2 Personas,VIAJES Y VACACIONES,https://regalospremium.cl/regalos-publicitarios-para-viajes-y-vacaciones/set-de-picnic-para-2-personas.html,,,Serigrafía - Tampografía,,false
Huincha Multifunción,HERRAMIENTAS Y ASADO,https://regalospremium.cl/herramientas-y-asado/huincha-multifuncion.html,,,Serigrafía,,false
Set de Supervivencia XD,HERRAMIENTAS Y ASADO,https://regalospremium.cl/herramientas-y-asado/set-de-supervivencia-xd.html,,,"Serigrafía, Grabado Láser herramientas",,false
Set de 24 Herramientas,HERRAMIENTAS Y ASADO,https://regalospremium.cl/herramientas-y-asado/set-de-24-herramientas.html,,,Serigrafía - Tampografía,,false
Set de 26 Herramientas,HERRAMIENTAS Y ASADO,https://regalospremium.cl/herramientas-y-asado/set-de-26-herramientas.html,,,Serigrafía,,false
Card Tool 9-en-1,HERRAMIENTAS Y ASADO,https://regalospremium.cl/herramientas-y-asado/card-tool-9-en-1.html,,,Serigrafía,,false
Cortaplumas 5-en-1,HERRAMIENTAS Y ASADO,https://regalospremium.cl/herramientas-y-asado/cortaplumas-5-en-1.html,,,"Serigrafía con calor, Pantógrafo, Grabado Láser",,false
Multiherramienta con Linterna,HERRAMIENTAS Y ASADO,https://regalospremium.cl/herramientas-y-asado/multiherramienta-con-linterna.html,,,Serigrafía - Pantógrafo - Grabado Láser,,false
Set de 21 Herramientas,HERRAMIENTAS Y ASADO,https://regalospremium.cl/herramientas-y-asado/set-de-21-herramientas.html,,,Serigrafía,,false
Llavero con Mini-Destornilladores,Llaveros funcionales,https://regalospremium.cl/llaveros-funcionales/llavero-con-mini-destornilladores.html,,,Serigrafía,,false
Set Mini Destornilladores y LED,HERRAMIENTAS Y ASADO,https://regalospremium.cl/herramientas-y-asado/set-mini-destornilladores-y-led.html,,,Serigrafía,,false
Set de 8 Destornilladores,HERRAMIENTAS Y ASADO,https://regalospremium.cl/herramientas-y-asado/set-de-8-destornilladores.html,,,Serigrafía,,false
Set Limpia Calzado,HERRAMIENTAS Y ASADO,https://regalospremium.cl/herramientas-y-asado/set-limpia-calzado.html,Poliéster 600D + tela aterciopelada,,Serigrafía,,false
Set Bolso Cooler Parrilla,COOLERS,https://regalospremium.cl/coolers-publicitarios/set-bolso-cooler-parrilla.html,"Poliéster 600D, Acero inoxidable, Acero enlozado",,"Serigrafía, Bordado",,false
Set Bolso Cooler Parrilla Herramientas,COOLERS,https://regalospremium.cl/coolers-publicitarios/set-bolso-cooler-parrilla-herramientas.html,"Poliéster 600D, Acero inoxidable, Acero enlozado",,"Serigrafía, Bordado",,false
Mosquitero Plegable,HERRAMIENTAS Y ASADO,https://regalospremium.cl/herramientas-y-asado/mosquitero-plegable.html,"Fibra + malla de Acero galvanizado, plástico",,No apto para impresión,,false
Termómetro Digital para Carne,HERRAMIENTAS Y ASADO,https://regalospremium.cl/herramientas-y-asado/termometro-digital-para-carne.html,"Plástico, Acero",,No apto para impresión,,false
Escobilla para Parrilla,HERRAMIENTAS Y ASADO,https://regalospremium.cl/herramientas-y-asado/escobilla-para-parrilla.html,"Madera, Alambre de Cobre, Acero Inoxidable",,Grabado Láser o Serigrafía en el mango de madera,,false
Set 8 de Tenedores Telescópicos,HERRAMIENTAS Y ASADO,https://regalospremium.cl/herramientas-y-asado/set-8-de-tenedores-telescopicos.html,"Acero inox. 201, Acero inox. 430, madera de pino, polietileno, poliéster",,Serigrafía en la bolsa,,false
Soplador Pequeño de Aire,HERRAMIENTAS Y ASADO,https://regalospremium.cl/herramientas-y-asado/soplador-pequeno-de-aire.html,"MDF, Cuero, Acero",,"Serigrafía, Grabado Láser",,false
Soplador Grande de Aire,HERRAMIENTAS Y ASADO,https://regalospremium.cl/herramientas-y-asado/soplador-grande-de-aire.html,"MDF, Cuero, Acero",,"Serigrafía, Grabado Láser",,false
Mitón Para Horno y Parrilla,HERRAMIENTAS Y ASADO,https://regalospremium.cl/herramientas-y-asado/miton-para-horno-y-parrilla.html,Microfibra + Goma,,No apto para impresión,,false
Par de Guantes de Cuero Gamuza,HERRAMIENTAS Y ASADO,https://regalospremium.cl/herramientas-y-asado/par-de-guantes-de-cuero-gamuza.html,100% Cuero Gamuza,,Láser CO2,,false
Tabla de Acacia Para Carnes,HOGAR  GOURMET  SOMMELIER,https://regalospremium.cl/hogar-gourmet-sommelier/tabla-de-acacia-para-carnes.html,100% madera natural,,"Serigrafía, Grabado Láser",,false
Tabla de Acacia Para Pizza,HERRAMIENTAS Y ASADO,https://regalospremium.cl/herramientas-y-asado/tabla-de-acacia-para-pizza.html,100% madera natural,,"Serigrafía, Grabado Láser",,false
Tabla de Alimentos de Acacia Integrada,HOGAR  GOURMET  SOMMELIER,https://regalospremium.cl/hogar-gourmet-sommelier/tabla-de-alimentos-de-acacia-integrada.html,100% madera natural,,"Serigrafía, Grabado Láser",,false
Tabla de Alimentos de Acacia Dual,HERRAMIENTAS Y ASADO,https://regalospremium.cl/herramientas-y-asado/tabla-de-alimentos-de-acacia-dual.html,100% madera natural,,"Serigrafía, Grabado Láser",,false
Pizza Griller,HERRAMIENTAS Y ASADO,https://regalospremium.cl/herramientas-y-asado/pizza-griller.html,Acero,,Grabado Láser,,false
Pechera Asador Canvas Algodón 10 Onzas,HERRAMIENTAS Y ASADO,https://regalospremium.cl/herramientas-y-asado/pechera-asador-canvas-algodon-10-onzas.html,Canvas Algodón natural de 10 onzas,,"Serigrafía, Bordado. Sobre Etiqueta: Grabado Láser",,false
Set Asador de Gamuza de Búfalo,HERRAMIENTAS Y ASADO,https://regalospremium.cl/herramientas-y-asado/set-asador-de-gamuza-de-bufalo.html,Cuero Genuino de Búfalo / Acero inoxidable,,"Serigrafía, Grabado Láser",,false
Set Asador de Cuero de Búfalo,HERRAMIENTAS Y ASADO,https://regalospremium.cl/herramientas-y-asado/comprar-set-asado-de-cuero.html,Cuero Genuino de Búfalo / Acero inoxidable,,"Serigrafía, Grabado Láser",,false
Set Asador de Cuero de Búfalo,HERRAMIENTAS Y ASADO,https://regalospremium.cl/herramientas-y-asado/set-asador-de-cuero-de-bufalo.html,,,"Serigrafía, Grabado Láser",,false
Llavero Huincha 1 m,Llaveros funcionales,https://regalospremium.cl/llaveros-funcionales/llavero-huincha-1-m.html,,,4.3 x 4.3 cm,,false
Bolígrafo con Huincha de Medir,HERRAMIENTAS Y ASADO,https://regalospremium.cl/herramientas-y-asado/boligrafo-con-huincha-de-medir.html,,,Serigrafía o Tampografía,,false
Tabla de Quesos con Herramientas,HERRAMIENTAS Y ASADO,https://regalospremium.cl/herramientas-y-asado/tabla-de-quesos-con-herramientas.html,100% madera natural,,"Serigrafía, Grabado Láser",,false
Tabla de Quesos con 12 Herramientas,HERRAMIENTAS Y ASADO,https://regalospremium.cl/herramientas-y-asado/tabla-de-quesos-con-12-herramientas.html,100% madera natural y acero inxidable,,"Serigrafía, Grabado Láser",,false
Kit de Emergencia para Vehículo,ACCESORIOS AUTOMÓVIL,https://regalospremium.cl/regalos-publicitarios-para-automovil/kit-de-emergencia-para-vehiculo.html,,,Serigrafía - Tampografía,,false
Set de Lavado de Autos 6 en 1,ACCESORIOS AUTOMÓVIL,https://regalospremium.cl/regalos-publicitarios-para-automovil/set-de-lavado-de-autos-6-en-1.html,Poliéster,,Serigrafía (sólo estuche redondo),,false
Parasol para Vehículo,ACCESORIOS AUTOMÓVIL,https://regalospremium.cl/regalos-publicitarios-para-automovil/parasol-para-vehiculo.html,,,Serigrafía,,false
Llavero Metálico Redondo,Llaveros Cuero,https://regalospremium.cl/llaveros-cuero/llavero-metalico-redondo.html,,,Serigrafía - Pantografía,,false
Llavero Metálico Casa,Llaveros Cuero,https://regalospremium.cl/llaveros-cuero/llavero-metal-casa.html,,,Serigrafía - Pantografía - Grabado Láser,,false
Llavero Metálico Rectangular Satinado,Llaveros Cuero,https://regalospremium.cl/llaveros-cuero/llavero-metalico-rectangular-satinado.html,,,Serigrafía - Pantografía - Grabado Láser,,false
Llavero Metálico Satinado,Llaveros Cuero,https://regalospremium.cl/llaveros-cuero/llavero-metalico-satinado.html,,,Serigrafía - Pantografía - Grabado Láser,,false
Llavero Destapador,Llaveros Cuero,https://regalospremium.cl/llaveros-cuero/llavero-destapador.html,,,1 x 5.5 cm,,false
Llavero Destapador Metálico,Llaveros Cuero,https://regalospremium.cl/llaveros-cuero/llavero-destapador-metalico.html,,,Serigrafía - Pantógrafo - Grabado Láser,,false
Llavero Metálico Auto,Llaveros Cuero,https://regalospremium.cl/llaveros-cuero/llavero-metalico-auto.html,,,"Serigrafía, Pantógrafo, Grabado Láser",,false
Llavero Metálico Strap,Llaveros Cuero,https://regalospremium.cl/llaveros-cuero/llavero-metalico-strap.html,,,Serigrafía - Pantógrafo - Grabado Láser,,false
Llavero Metal Cuero Technic,Llaveros Cuero,https://regalospremium.cl/llaveros-cuero/llavero-metal-cuero-technic.html,,,"Serigrafía, Grabado Láser",,false
Llavero Metálico Lock,Llaveros Cuero,https://regalospremium.cl/llaveros-cuero/llavero-metalico-lock.html,,,"Serigrafía, Pantografía",,false
Llavero Metal Madera Lock,Llaveros Madera,https://regalospremium.cl/llaveros-madera/llavero-metal-madera-lock.html,,,"Serigrafía, Grabado Láser",,false
Llavero Cuero Metal Excelsior,Llaveros Metalicos,https://regalospremium.cl/llaveros-metalicos/llavero-cuero-metal-excelsior.html,,,"Serigrafía, Pantógrafo, Grabado Láser",,false
Llavero Metálico Truck,Llaveros Metalicos,https://regalospremium.cl/llaveros-metalicos/llavero-metalico-truck.html,,,"Serigrafía, Pantógrafo, Grabado Láser",,false
Llavero Metálico Candado,Llaveros Metalicos,https://regalospremium.cl/llaveros-metalicos/llavero-metalico-candado.html,,,"Serigrafía, Pantógrafo, Grabado Láser",,false
Llavero Metálico Rectangular,Llaveros Metalicos,https://regalospremium.cl/llaveros-metalicos/llavero-metalico-rectangular.html,Metal,,Sublimación,,false
Llavero Lanyard Mosquetón,Llaveros Promocionales,https://regalospremium.cl/llaveros-promocionales/llavero-lanyard-mosqueton.html,,,Serigrafía,,false
Llavero Mosquetón y Extensor,Llaveros Promocionales,https://regalospremium.cl/llaveros-promocionales/llavero-mosqueton-y-extensor.html,,,Serigrafía,,false
Llavero Láser LED,Llaveros Promocionales,https://regalospremium.cl/llaveros-promocionales/llavero-laser-led.html,,,Serigrafía - Tampografía,,false
Llavero Linterna LED Cargador USB,Llaveros funcionales,https://regalospremium.cl/llaveros-funcionales/llavero-linterna-led-cargador-usb.html,,,,,false
Llavero LED de Bolsillo,Llaveros Promocionales,https://regalospremium.cl/llaveros-promocionales/llavero-led-de-bolsillo.html,Plástico ABS con iluminación LED,,"Serigrafía, Tampografía y DTF",,false
Llavero Náutico Anti Stress,Llaveros Promocionales,https://regalospremium.cl/llaveros-promocionales/llavero-anti-stress-ovalado.html,,,Grabado Láser,,false
Llavero Anti Stress Fútbol,Llaveros Promocionales,https://regalospremium.cl/llaveros-promocionales/llavero-anti-stress-futbol.html,,,,,false
Llavero Destapador Plateado,Llaveros funcionales,https://regalospremium.cl/llaveros-funcionales/llavero-destapador-plateado.html,,,Serigrafía - Pantografía,,false
Llavero Casco Destapador,Llaveros Promocionales,https://regalospremium.cl/llaveros-promocionales/llavero-casco-destapador.html,,,Serigrafía - Tampografía,,false
Llavero Linterna LED,Llaveros Promocionales,https://regalospremium.cl/llaveros-promocionales/llavero-linterna-led.html,,,Serigrafía o Tampografía,,false
Llavero PVC Reflectante,Llaveros Promocionales,https://regalospremium.cl/llaveros-promocionales/llavero-pvc-reflectante.html,,,Serigrafía,,false
Llavero con Porta Foto Acrílico,Llaveros Promocionales,https://regalospremium.cl/llaveros-promocionales/llavero-con-porta-foto-acrilico.html,Acrílico,,Impresión normal en papel,,false
Llavero Grande con Porta Foto Acrílico,Llaveros Promocionales,https://regalospremium.cl/llaveros-promocionales/llavero-grande-con-porta-foto-acrilico.html,Acrílico,,Impresión normal en papel,,false
Llavero Redondo Sublimación,Llaveros Promocionales,https://regalospremium.cl/llaveros-promocionales/llavero-redondo-sublimacion.html,,,Sublimación,,false
Llavero Rectangular Sublimación,Llaveros Promocionales,https://regalospremium.cl/llaveros-promocionales/llavero-rectangular-sublimacion.html,,,Sublimación,,false
Adaptador Universal,VIAJES Y VACACIONES,https://regalospremium.cl/regalos-publicitarios-para-viajes-y-vacaciones/adaptador-universal.html,,,"Serigrafía, Tampografía",,false
Identificador Equipaje,VIAJES Y VACACIONES,https://regalospremium.cl/regalos-publicitarios-para-viajes-y-vacaciones/identificador-equipaje.html,,,Serigrafía o Tampografía,,false
Antifaz de Descanso,VIAJES Y VACACIONES,https://regalospremium.cl/regalos-publicitarios-para-viajes-y-vacaciones/antifaz-de-descanso.html,,,,,false
Almohada Cervical,VIAJES Y VACACIONES,https://regalospremium.cl/regalos-publicitarios-para-viajes-y-vacaciones/almohada-cervical.html,,,Serigrafía. Se puede imprimir inflado o desinflado,,false
Kit de Descanso,VIAJES Y VACACIONES,https://regalospremium.cl/regalos-publicitarios-para-viajes-y-vacaciones/kit-de-descanso.html,,,Serigrafía,,false
Identificador de Equipaje,VIAJES Y VACACIONES,https://regalospremium.cl/regalos-publicitarios-para-viajes-y-vacaciones/identificador-de-equipaje.html,,,Serigrafía o Tampografía,,false
Bolso Porta Zapatos,DEPORTES,https://regalospremium.cl/regalos-publicitarios-para-deportes/bolso-porta-zapatos.html,,,Serigrafía o Bordado,,false
Bolso de Viaje,VIAJES Y VACACIONES,https://regalospremium.cl/regalos-publicitarios-para-viajes-y-vacaciones/bolso-de-viaje.html,Tela TNT 100g/m2 Polipropileno no tejido,,Serigrafía,,false
Banano,VIAJES Y VACACIONES,https://regalospremium.cl/regalos-publicitarios-para-viajes-y-vacaciones/banano.html,,,,,false
Bolso Bandolero,VIAJES Y VACACIONES,https://regalospremium.cl/regalos-publicitarios-para-viajes-y-vacaciones/bolso-bandolero.html,,,"Serigrafía, Bordado",,false
Banano Impermeable Porta Smartphone,VIAJES Y VACACIONES,https://regalospremium.cl/regalos-publicitarios-para-viajes-y-vacaciones/banano-impermeable-porta-smartphone.html,Polyester Stretch 210 Waterproof,,Serigrafía,,false
Banano Grande,VIAJES Y VACACIONES,https://regalospremium.cl/regalos-publicitarios-para-viajes-y-vacaciones/banano-grande.html,,,"Serigrafía, Bordado",,false
Porta Accesorios de Viaje,VIAJES Y VACACIONES,https://regalospremium.cl/regalos-publicitarios-para-viajes-y-vacaciones/porta-accesorios-de-viaje.html,Polyester 840D,,"Serigrafía, Bordado",,false
Manta Impermeable de Picnic,VIAJES Y VACACIONES,https://regalospremium.cl/regalos-publicitarios-para-viajes-y-vacaciones/manta-impermeable-de-picnic.html,Polyester 600D + Acolchado Esponja 2mm + Reverso PE,,Bordado - Serigrafía,,false
Manta de Polar Anti Peeling,VIAJES Y VACACIONES,https://regalospremium.cl/regalos-publicitarios-para-viajes-y-vacaciones/manta-de-polar-anti-peeling.html,Polar Fleece de 250 g/m2,,"Bordado en manta, Impreso en bolso negro",,false
Deluxe Banano XD,VIAJES Y VACACIONES,https://regalospremium.cl/regalos-publicitarios-para-viajes-y-vacaciones/deluxe-banano-xd.html,,,"Serigrafía, Bordado",,false
Banano Impermeable Smartphone,VIAJES Y VACACIONES,https://regalospremium.cl/regalos-publicitarios-para-viajes-y-vacaciones/banano-impermeable-smartphone.html,Polyester Stretch 210 Waterproof,,Serigrafía,,false
Bolso Aislante,VIAJES Y VACACIONES,https://regalospremium.cl/regalos-publicitarios-para-viajes-y-vacaciones/bolso-aislante.html,Polyester 600D + aislante PEVA,,Serigrafía,,false
Bolso Aislante Grande,VIAJES Y VACACIONES,https://regalospremium.cl/regalos-publicitarios-para-viajes-y-vacaciones/bolso-aislante-grande.html,Polyester 600D + aislante PEVA,,Serigrafía,,false
Luz Led de Emergencia,VIAJES Y VACACIONES,https://regalospremium.cl/regalos-publicitarios-para-viajes-y-vacaciones/luz-led-de-emergencia.html,Plástico ABS,,Serigrafía,,false
Poncho Para Lluvia,VIAJES Y VACACIONES,https://regalospremium.cl/regalos-publicitarios-para-viajes-y-vacaciones/poncho-para-lluvia.html,PE 0.03mm,,,,false
Guardatodo PVC Clear,VERANO,https://regalospremium.cl/regalos-publicitarios-de-verano/guardatodo-pvc-clear.html,,,,,false
Mini Carpa de Playa,VIAJES Y VACACIONES,https://regalospremium.cl/regalos-publicitarios-para-viajes-y-vacaciones/mini-carpa-de-playa.html,Poliéster,,Serigrafía,,false
Reposera Plegable con Toldo,VIAJES Y VACACIONES,https://regalospremium.cl/regalos-publicitarios-para-viajes-y-vacaciones/reposera-plegable-con-toldo.html,Textilene / Aluminio,,Vinilo sobre funda de almohada,,false
Lonchera Cooler para Sublimación,COOLERS,https://regalospremium.cl/coolers-publicitarios/lonchera-cooler-para-sublimacion.html,Microfibra,,Sublimación,,false
Necessaire Sublimación,VIAJES Y VACACIONES,https://regalospremium.cl/regalos-publicitarios-para-viajes-y-vacaciones/necessaire-sublimacion.html,Poliéster,,Sublimación,,false
Lanyard Porta Credencial,LANYARDS E IDENTIFICACIÓN,https://regalospremium.cl/lanyards-e-identificacion-empresa/lanyard-porta-credencial.html,,,Serigrafía,,false
Lanyard Premium Texturado,LANYARDS E IDENTIFICACIÓN,https://regalospremium.cl/lanyards-e-identificacion-empresa/lanyard-premium-texturado.html,,,Serigrafía,,false
Yo-Yo Porta-Credencial,LANYARDS E IDENTIFICACIÓN,https://regalospremium.cl/lanyards-e-identificacion-empresa/yo-yo-porta-credencial.html,,,"Serigrafía, Tampografía",,false
Lanyard Porta Botella,LANYARDS E IDENTIFICACIÓN,https://regalospremium.cl/lanyards-e-identificacion-empresa/lanyard-porta-botella.html,,,"Serigrafía, Sublimación",,false
Lanyard Porta Llavero,LANYARDS E IDENTIFICACIÓN,https://regalospremium.cl/lanyards-e-identificacion-empresa/lanyard-porta-llavero.html,,,"Serigrafía, Sublimación",,false
Lanyard Porta-Credencial con Colgante,LANYARDS E IDENTIFICACIÓN,https://regalospremium.cl/lanyards-e-identificacion-empresa/lanyard-porta-credencial-con-colgante.html,,,"Serigrafía, Sublimación",,false
Lanyard Porta Credencial Polyester,LANYARDS E IDENTIFICACIÓN,https://regalospremium.cl/lanyards-e-identificacion-empresa/lanyard-porta-credencial-polyester.html,,,"Serigrafía, Sublimación",,false
Lanyard Porta Credencial Clip,LANYARDS E IDENTIFICACIÓN,https://regalospremium.cl/lanyards-e-identificacion-empresa/lanyard-porta-credencial-clip.html,,,Serigrafía,,false
Lanyard Simple Texturado,LANYARDS E IDENTIFICACIÓN,https://regalospremium.cl/lanyards-e-identificacion-empresa/lanyard-simple-texturado.html,Polyester Texturado,,Serigrafía,,false
Lanyard Simple Sublimación,LANYARDS E IDENTIFICACIÓN,https://regalospremium.cl/lanyards-e-identificacion-empresa/lanyard-simple-sublimacion.html,Polyester Liso,,Sublimación - Serigrafía,,false
Lanyard Break Away Sublimación,LANYARDS E IDENTIFICACIÓN,https://regalospremium.cl/lanyards-e-identificacion-empresa/lanyard-break-away-sublimacion.html,Polyester Liso,,Sublimación - Serigrafía,,false
Lanyard de Corcho y Poliéster,LANYARDS E IDENTIFICACIÓN,https://regalospremium.cl/lanyards-e-identificacion-empresa/lanyard-de-corcho-y-poliester.html,Poliéster / Lámina de Corcho,,Sólo Serigrafía Manual,,false
Porta-Credencial Grande,LANYARDS E IDENTIFICACIÓN,https://regalospremium.cl/lanyards-e-identificacion-empresa/porta-credencial-grande.html,,,,,false
Porta Credencial de Plástico,LANYARDS E IDENTIFICACIÓN,https://regalospremium.cl/lanyards-e-identificacion-empresa/porta-credencial-de-plastico.html,,,,,false
Porta Credencial de Acrílico,LANYARDS E IDENTIFICACIÓN,https://regalospremium.cl/lanyards-e-identificacion-empresa/porta-credencial-de-acrilico.html,,,,,false
Porta Credencial de Acrílico Tamaño Tarjeta,LANYARDS E IDENTIFICACIÓN,https://regalospremium.cl/lanyards-e-identificacion-empresa/porta-credencial-de-acrilico-tamano-tarjeta.html,,,,,false
Porta Credencial de PVC,LANYARDS E IDENTIFICACIÓN,https://regalospremium.cl/lanyards-e-identificacion-empresa/porta-credencial-de-pvc.html,,,,,false
Porta Credencial PVC Clear,LANYARDS E IDENTIFICACIÓN,https://regalospremium.cl/lanyards-e-identificacion-empresa/porta-credencial-pvc-clear.html,,,,,false
Porta Credencial con Colgador,LANYARDS E IDENTIFICACIÓN,https://regalospremium.cl/lanyards-e-identificacion-empresa/porta-credencial-con-colgador.html,,,,,false
Pulsera de Silicona 3 Luces LED,LANYARDS E IDENTIFICACIÓN,https://regalospremium.cl/lanyards-e-identificacion-empresa/pulsera-de-silicona-3-luces-led.html,Plástico + Silicona,,Serigrafía sobre la tapa plástica que recubre las luces LED,,false
Delantal Pechera de TNT,HOGAR  BELLEZA Y SALUD,https://regalospremium.cl/regalos-para-hogar-belleza-y-salud/delantal-pechera-de-tnt.html,"Tela TNT elaborada con polipropileno (PP), no tejido",,Serigrafía,,false
Bolsa de Yuco Calcuta,BOLSAS DE YUTE,https://regalospremium.cl/bolsas-de-yute-publicitarias/bolsa-de-yuco-calcuta.html,50% Yute / 50% Algodón,,Serigrafía en Pulpo Automático,,false
Bolsa de Yute Jungle,BOLSAS DE YUTE,https://regalospremium.cl/bolsas-de-yute-publicitarias/bolsa-de-yute-jungle.html,Yute natural,,Serigrafía en Pulpo Automático,,false
Bolsa de Yute Amazonia,BOLSAS DE YUTE,https://regalospremium.cl/bolsas-de-yute-publicitarias/bolsa-de-yute-amazonia.html,Yute natural,,Serigrafía en Pulpo Automático,,false
Bolsa de Yute Shangri La,BOLSAS DE YUTE,https://regalospremium.cl/bolsas-de-yute-publicitarias/bolsa-de-yute-shangri-la.html,Yute natural 15/14 laminado,,Serigrafía en Pulpo Automático,,false
Bolsa Yute Rain Forest,BOLSAS DE YUTE,https://regalospremium.cl/bolsas-de-yute-publicitarias/bolsa-yute-rain-forest.html,Yute natural 15/14 laminado,,Serigrafía en Pulpo Automático,,false
Bolsa de Yute Zambezi,BOLSAS DE YUTE,https://regalospremium.cl/bolsas-de-yute-publicitarias/bolsa-de-yute-zambezi.html,Yute natural,,Serigrafía en Pulpo Automático,,false
Bolsa de Yute Orinoco,BOLSAS DE YUTE,https://regalospremium.cl/bolsas-de-yute-publicitarias/bolsa-de-yute-orinoco.html,Yute natural,,Serigrafía en Pulpo Automático,,false
Bolsa de Yute Tanzania,BOLSAS DE YUTE,https://regalospremium.cl/bolsas-de-yute-publicitarias/bolsa-de-yute-tanzania.html,Yute natural laminado,,Serigrafía en Pulpo Automático,,false
Bolsa de Yute Biosfera,BOLSAS DE YUTE,https://regalospremium.cl/bolsas-de-yute-publicitarias/bolsa-de-yute-biosfera.html,Yute natural 15/14 laminado,,Serigrafía en Pulpo Automático,,false
Bolsa de Yute 2 Botellas de Vino,BOLSAS DE YUTE,https://regalospremium.cl/bolsas-de-yute-publicitarias/bolsa-de-yute-2-botellas-de-vino.html,Yute natural,,Serigrafía en Pulpo Automático,,false
Bolsa de Yute Porta Botella,BOLSAS DE YUTE,https://regalospremium.cl/bolsas-de-yute-publicitarias/bolsa-de-yute-porta-botella.html,Yute natural 15/14 laminado,,Serigrafía en Pulpo Automático,,false
Bolso Yute Canvas,BOLSAS DE YUTE,https://regalospremium.cl/bolsas-de-yute-publicitarias/bolso-yute-canvas.html,,,Serigrafía,,false
Bolsa de Yute tipo Saco,BOLSAS DE YUTE,https://regalospremium.cl/bolsas-de-yute-publicitarias/bolsa-de-yute-tipo-saco.html,Yute natural 15/14,,Serigrafía en Pulpo Automático,,false
Bolsa de Yute tipo Saco Torres,BOLSAS DE YUTE,https://regalospremium.cl/bolsas-de-yute-publicitarias/bolsa-de-yute-tipo-saco-torres.html,Yute natural 15/14,,Serigrafía en Pulpo Automático,,false
Bolsa de Yute tipo Saco Grande,BOLSAS DE YUTE,https://regalospremium.cl/bolsas-de-yute-publicitarias/bolsa-de-yute-tipo-saco-grande.html,Yute natural 15/14,,Serigrafía en Pulpo Automático,,false
Bolsa de Yute tipo Saco 30x40 cm,BOLSAS DE YUTE,https://regalospremium.cl/bolsas-de-yute-publicitarias/bolsa-de-yute-tipo-saco-30x40-cm.html,Yute natural 15/14,,Serigrafía en Pulpo Automático,,false
Cooler Lonchera Rectangular,COOLERS,https://regalospremium.cl/coolers-publicitarios/cooler-lonchera-rectangular.html,"Tela exterior 420D/PVC Poliéster, Tela interior PVC metalizado aislante",,,,false
Cooler Wave,COOLERS,https://regalospremium.cl/coolers-publicitarios/cooler-wave.html,,,Serigrafía,,false
Cooler Gigante «ANTARTIC»,COOLERS,https://regalospremium.cl/coolers-publicitarios/cooler-gigante-antartic-28-litros.html,"Poliéster 210D/PU, PEVA y espuma PE",,Serigrafía y Bordado,,false
Mochila Cooler,COOLERS,https://regalospremium.cl/coolers-publicitarios/mochila-cooler.html,Poliéster 210D/PU + 2mm PE FOAM + 12C PEVA,,"Serigrafía, Bordado",,false
Gorro Promocional Plegable,GORROS Y JOCKEYS,https://regalospremium.cl/comprar-gorros-y-jockeys-publicitarios/gorro-promocional-plegable.html,Poliéster,,"Serigrafía, Sublimación (sólo en visera y bolsita)",,false
Frisbee Plástico,VERANO,https://regalospremium.cl/regalos-publicitarios-de-verano/frisbee-plastico.html,,,,,false
Set Paletas de Playa Premium,VERANO,https://regalospremium.cl/regalos-publicitarios-de-verano/set-paletas-de-playa-premium.html,MDF 1.2cm de espesor,,,,false
Quitasol,VERANO,https://regalospremium.cl/regalos-publicitarios-de-verano/quitasol.html,,,,,false
Pelota de Playa Inflable,VERANO,https://regalospremium.cl/regalos-publicitarios-de-verano/pelota-de-playa-inflable.html,,,Serigrafía,,false
Almohada Inflable,VERANO,https://regalospremium.cl/regalos-publicitarios-de-verano/almohada-inflable.html,,,Serigrafía,,false
Abanico Plástico,VERANO,https://regalospremium.cl/regalos-publicitarios-de-verano/abanico-plastico.html,,,Serigrafía,,false
Set Paletas de Playa Acrílicas,VERANO,https://regalospremium.cl/regalos-publicitarios-de-verano/set-paletas-de-playa-acrilicas.html,,,Serigrafía,,false
Visera Plástica de PVC,VERANO,https://regalospremium.cl/regalos-publicitarios-de-verano/visera-plastica-de-pvc.html,,,Serigrafía,,false
Reposacabeza de Tela,VERANO,https://regalospremium.cl/regalos-publicitarios-de-verano/reposacabeza-de-tela.html,,,"Serigrafía, Bordado",,false
Deluxe Bolso de Playa,VERANO,https://regalospremium.cl/regalos-publicitarios-de-verano/deluxe-bolso-de-playa.html,Microfibra,,"Bordado, Serigrafía",,false
Bolso de Playa Rainbow,VERANO,https://regalospremium.cl/regalos-publicitarios-de-verano/bolso-de-playa-rainbow.html,,,"Serigrafía, Bordado",,false
Funda PVC para Paletas de Playa,VERANO,https://regalospremium.cl/regalos-publicitarios-de-verano/funda-pvc-para-paletas-de-playa.html,,,Serigrafía,,false
Frisbee Plegable con Funda,VERANO,https://regalospremium.cl/regalos-publicitarios-de-verano/frisbee-plegable-con-funda.html,Poliéster,,"Serigrafía, Sublimación (sólo color blanco)",,false
Abanico Plegable para Sublimación,VERANO,https://regalospremium.cl/regalos-publicitarios-de-verano/abanico-plegable-para-sublimacion.html,Poliéster + Plástico ABS,,"Serigrafía, Sublimación (sólo abanico, no base)",,false
Bolso de Playa de Microfibra,VERANO,https://regalospremium.cl/regalos-publicitarios-de-verano/bolso-de-playa-de-microfibra.html,"Microfibra, Poliéster 600D",,"Bordado, Serigrafía",,false
Bolso de Compra,MUJER - PLAYA,https://regalospremium.cl/mujer-playa/bolso-de-compra.html,"Poliéster 300D/PVC, Poliéster 600D",,"Serigrafía, Bordado",,false
Mochila Simple de Poliéster,MOCHILAS,https://regalospremium.cl/mochilas/mochila-simple-de-poliester.html,Poliéster,,"Serigrafía, Bordado",,false
Mochila Bicolor,MOCHILAS,https://regalospremium.cl/mochilas/mochila-bicolor.html,"Exterior de Poliéster 600D, interior PVC (impermeable), grosor: 0.48mm",,"Serigrafía, Bordado",,false
Mochila Cruzada,MOCHILAS,https://regalospremium.cl/mochilas/mochila-cruzada.html,,,"Serigrafía, Bordado",,false
Mochila City,MOCHILAS,https://regalospremium.cl/mochilas/mochila-city.html,"Exterior de Poliéster 600D, interior PVC (impermeable), grosor: 0.48mm",,"Serigrafía, Bordado",,false
Mochila Urbe,MOCHILAS,https://regalospremium.cl/mochilas/mochila-urbe.html,"Exterior de Poliéster 600D, interior PVC (impermeable), grosor: 0.48mm",,"Serigrafía, Bordado",,false
Mochila Iso,MOCHILAS,https://regalospremium.cl/mochilas/mochila-iso.html,Poliéster 210D/PU,,"Serigrafía, Bordado",,false
Mochila Morral,MOCHILAS,https://regalospremium.cl/mochilas/mochila-morral-bicolor-cordon-tnt-polipropileno.html,Poliéster 210D/PU y tela TNT nonwoven,,Serigrafía y Bordado,50 unidades,false
Mochila Porta Notebook,MOCHILAS,https://regalospremium.cl/mochilas/mochila-porta-notebook.html,,,Serigrafía,,false
Maletín Porta Notebook,MOCHILAS,https://regalospremium.cl/mochilas/maletin-porta-notebook.html,Tela Polyester 1680D,,"Serigrafía, Bordado / Sobre placa: Grabado Láser, Serigrafía",,false
Deluxe Mochila XD,MOCHILAS,https://regalospremium.cl/mochilas/deluxe-mochila-xd-.html,,,"Serigrafía, Bordado",,false
Mochila Retráctil,MOCHILAS,https://regalospremium.cl/mochilas/mochila-retractil.html,Poliéster Ripstop 210D,,"Serigrafía, Bordado",,false
Mochila Retráctil Capsule,MOCHILAS,https://regalospremium.cl/mochilas/mochila-retractil-capsule.html,Poliéster Ripstop 210D,,"Serigrafía, Bordado",,false
Mochila Porta Notebook,MOCHILAS,https://regalospremium.cl/mochilas/mochila-urbana-portanotebook.html,PU 600D,,"Bordado, Serigrafía",,false
Mochila Porta Notebook Alaska,MOCHILAS,https://regalospremium.cl/mochilas/mochila-porta-notebook-alaska.html,PU 300D,,"Bordado, Serigrafía",,false
Mochila Porta Notebook Finland,MOCHILAS,https://regalospremium.cl/mochilas/mochila-porta-notebook-finland.html,PU 300D,,"Bordado, Serigrafía",,false
Mochila Cooler,COOLERS,https://regalospremium.cl/coolers-publicitarios/mochila-cooler-210D.html,Poliéster 210D/PU + 2mm PE FOAM + 12C PEVA,,"Serigrafía, Bordado",,false
Mochila LED para Ciclistas,MOCHILAS,https://regalospremium.cl/mochilas/mochila-led-para-ciclistas.html,,,Serigrafía,,false
Cobertor Impermeable para Mochila,MOCHILAS,https://regalospremium.cl/mochilas/cobertor-impermeable-para-mochila.html,100% poliéster,,Serigrafía,,false
Bolso Deportivo Pequeño,BOLSOS DE VIAJE,https://regalospremium.cl/bolsos-de-viaje-publicitarios/bolso-deportivo-pequeno.html,,,"Serigrafía, Bordado",,false
Bolso de Viaje Journey,BOLSOS DE VIAJE,https://regalospremium.cl/bolsos-de-viaje-publicitarios/bolso-de-viaje-journey.html,,,"Serigrafía, Bordado",,false
Deluxe Bolso XD,BOLSOS DE VIAJE,https://regalospremium.cl/bolsos-de-viaje-publicitarios/deluxe-bolso-xd.html,,,"Serigrafía, Bordado",,false
LUXURY Bolso Deportivo y Viaje,BOLSOS DE VIAJE,https://regalospremium.cl/bolsos-de-viaje-publicitarios/luxury-bolso-deportivo-y-viaje.html,Polyester,,Bordado,,false
Bolso Deportivo y Viaje Modelo TRAVEL,BOLSOS DE VIAJE,https://regalospremium.cl/bolsos-de-viaje-publicitarios/bolso-deportivo-y-viaje-modelo-travel.html,,,"Serigrafía, Bordado",,false
Banano LED de Hidratación,BANANOS,https://regalospremium.cl/bananos-publicitarios/banano-led-de-hidratacion.html,,,Serigrafía,,false
Maletín Porta Notebook Tempo,MALETINES Y FUNDAS,https://regalospremium.cl/maletines-y-fundas/maletin-porta-notebook-tempo.html,,,"Serigrafía, Bordado",,false
Maletín Portadocumentos Sydney,MALETINES Y FUNDAS,https://regalospremium.cl/maletines-y-fundas/maletin-portadocumentos-sydney.html,,,"Serigrafía, Bordado",,false
Maletín de Congreso Messenger,MALETINES Y FUNDAS,https://regalospremium.cl/maletines-y-fundas/maletin-de-congreso-messenger.html,,,"Serigrafía, Bordado",,false
Maletín Portadocumentos Java,MALETINES Y FUNDAS,https://regalospremium.cl/maletines-y-fundas/maletin-portadocumentos-java.html,,,"Serigrafía, Bordado",,false
Maletín de Congreso Bullet,MALETINES Y FUNDAS,https://regalospremium.cl/maletines-y-fundas/maletin-de-congreso-bullet.html,,,,,false
Funda Porta Notebook Neopreno,MALETINES Y FUNDAS,https://regalospremium.cl/maletines-y-fundas/funda-porta-notebook-neopreno.html,,,"Serigrafía, Tampografía, Bordado",,false
Maletín Portadocumentos Florencia,MALETINES Y FUNDAS,https://regalospremium.cl/maletines-y-fundas/maletin-portadocumentos-florencia.html,,,"Serigrafía, Bordado",,false
Maletín Portadocumentos Trento,MALETINES Y FUNDAS,https://regalospremium.cl/maletines-y-fundas/maletin-portadocumentos-trento.html,Tela raquelada Polyester 600D,,"Serigrafía, Bordado",,false
Juego Gato de Aluminio,PASATIEMPOS,https://regalospremium.cl/regalos-publicitarios-ocio-y-pasatiempo/juego-gato-de-aluminio.html,Aluminio,,Grabado Láser - Pantógrafo,,false
Cacho de PU Negro,PASATIEMPOS,https://regalospremium.cl/regalos-publicitarios-ocio-y-pasatiempo/cacho-de-pu-negro-.html,,,"Serigrafía, Tampografía, Grabado Láser",,false
Dominó Clásico,PASATIEMPOS,https://regalospremium.cl/regalos-publicitarios-ocio-y-pasatiempo/domino-clasico.html,,,"Serigrafía, Grabado Láser",,false
Multijuegos Caja PU Negro,PASATIEMPOS,https://regalospremium.cl/regalos-publicitarios-ocio-y-pasatiempo/tamano-30-x-20-x-85-cm.html,,,Serigrafía - Grabado Láser,,false
Set de 2 Cachos de PU Negro,PASATIEMPOS,https://regalospremium.cl/regalos-publicitarios-ocio-y-pasatiempo/set-de-2-cachos-de-pu-negro.html,,,"Serigrafía, Grabado Láser",,false
Mini-Puzzle,PASATIEMPOS,https://regalospremium.cl/regalos-publicitarios-ocio-y-pasatiempo/mini-puzzle.html,,,Tampografía,,false
Mini Taca-Taca de Madera,PASATIEMPOS,https://regalospremium.cl/regalos-publicitarios-ocio-y-pasatiempo/mini-taca-taca-de-madera.html,,,"Serigrafía, Grabado Láser",,false
Set de 6 Cachos de PU Negro,PASATIEMPOS,https://regalospremium.cl/regalos-publicitarios-ocio-y-pasatiempo/set-de-6-cachos-de-pu-negro.html,,,"Serigrafía, Grabado Láser",,false
Puzzle 110 piezas Sublimación,PASATIEMPOS,https://regalospremium.cl/regalos-publicitarios-ocio-y-pasatiempo/puzzle-110-piezas-sublimacion.html,Cartón Sandwich 1.2mm,,Sublimación,,false
Puzzle 30 Piezas Grandes Sublimación,PASATIEMPOS,https://regalospremium.cl/regalos-publicitarios-ocio-y-pasatiempo/puzzle-30-piezas-grandes-sublimacion.html,Cartón Sandwich 1.2mm,,Sublimación,,false
Puzzle Circular 41 Piezas Sublimación,PASATIEMPOS,https://regalospremium.cl/regalos-publicitarios-ocio-y-pasatiempo/puzzle-circular-41-piezas-sublimacion.html,Cartón Sandwich 1.2mm,,Sublimación,,false
Bombín Portátil de Bicicleta,DEPORTES,https://regalospremium.cl/regalos-publicitarios-para-deportes/bombin-portatil-de-bicicleta.html,,,Serigrafía,,false
Bombín de Pedestal,DEPORTES,https://regalospremium.cl/regalos-publicitarios-para-deportes/bombin-de-pedestal.html,,,Serigrafía,,false
Banda Reflectante Retráctil,DEPORTES,https://regalospremium.cl/regalos-publicitarios-para-deportes/banda-reflectante-retractil.html,PVC + reflectante 25X,,Serigrafía,,false
Banda LED Reflectante,DEPORTES,https://regalospremium.cl/regalos-publicitarios-para-deportes/banda-led-reflectante.html,,,Serigrafìa,,false
Guantes 5 LED de Ciclismo,DEPORTES,https://regalospremium.cl/regalos-publicitarios-para-deportes/guantes-5-led-de-ciclismo.html,,,Serigrafía,,false
Banda reflectante para brazo,DEPORTES,https://regalospremium.cl/regalos-publicitarios-para-deportes/banda-reflectante-para-brazo.html,Poliéster / PVC,,Serigrafía,,false
Banda Reflectante para Hombro y Cintura,DEPORTES,https://regalospremium.cl/regalos-publicitarios-para-deportes/banda-reflectante-para-hombro-y-cintura.html,Poliéster / PVC,,Serigrafía,,false
Herramienta para Vinos,HOGAR  GOURMET  SOMMELIER,https://regalospremium.cl/hogar-gourmet-sommelier/herramienta-para-vinos.html,,,,,false
Descorchador 3 en 1,HOGAR  GOURMET  SOMMELIER,https://regalospremium.cl/hogar-gourmet-sommelier/descorchador-3-en-1.html,,,,,false
Destapador Imantado,HOGAR  GOURMET  SOMMELIER,https://regalospremium.cl/hogar-gourmet-sommelier/destapador-imantado.html,,,"Serigrafía, Tampografía",,false
Caja de Madera para Vino,HOGAR  GOURMET  SOMMELIER,https://regalospremium.cl/hogar-gourmet-sommelier/caja-de-madera-para-vino.html,,,"Serigrafía, Grabado Láser",,false
Magne Clip Grande,HOGAR  GOURMET  SOMMELIER,https://regalospremium.cl/hogar-gourmet-sommelier/magne-clip-grande.html,,,"Serigrafía, Tampografía",,false
Set de Posavasos Plásticos Redondos,HOGAR  GOURMET  SOMMELIER,https://regalospremium.cl/hogar-gourmet-sommelier/set-de-posavasos-plasticos-redondos.html,Plástico ABS 3 mm de espesor,,Serigrafía,,false
Set de Vino en Caja de Madera,HOGAR  GOURMET  SOMMELIER,https://regalospremium.cl/hogar-gourmet-sommelier/set-de-vino-en-caja-de-madera.html,,,"Serigrafía, Grabado Láser",,false
Descorchador Profesional,HOGAR  GOURMET  SOMMELIER,https://regalospremium.cl/hogar-gourmet-sommelier/descorchador-profesional.html,,,"Serigrafía, Tampografía, Grabado Láser",,false
Set de Posavasos Redondos,HOGAR  GOURMET  SOMMELIER,https://regalospremium.cl/hogar-gourmet-sommelier/set-de-posavasos-redondos.html,,,"Serigrafía, Tampografía, Grabado Láser",,false
Pizarra Magnética,HOGAR  GOURMET  SOMMELIER,https://regalospremium.cl/hogar-gourmet-sommelier/pizarra-magnetica.html,,,Serigrafía,,false
Magne Clip Casa,HOGAR  GOURMET  SOMMELIER,https://regalospremium.cl/hogar-gourmet-sommelier/magne-clip-casa.html,,,"Serigrafía, Tampografía",,false
Set de Posavasos de Aluminio,HOGAR  GOURMET  SOMMELIER,https://regalospremium.cl/hogar-gourmet-sommelier/set-de-posavasos-de-aluminio.html,,,"Serigrafía, Pantógrafo, Grabado Láser",,false
Set de Vino de PU Negro,HOGAR  GOURMET  SOMMELIER,https://regalospremium.cl/hogar-gourmet-sommelier/set-de-vino-de-pu-negro.html,,,"Serigrafía, Grabado Láser, Cuño Seco",,false
Caja de Madera Natural para Vino,HOGAR  GOURMET  SOMMELIER,https://regalospremium.cl/hogar-gourmet-sommelier/caja-de-madera-natural-para-vino.html,100% madera natural de Teca,,"Serigrafía, Grabado Láser",,false
Paraguas Ejecutivo,PARAGUAS Y CAPAS DE AGUA,https://regalospremium.cl/paraguas-y-capas-de-agua/paraguas-ejecutivo.html,,,"Casco Serigrafía; Mango Serigrafía, Pantógrafo o Grabado Láser",,false
Paraguas Corto,PARAGUAS Y CAPAS DE AGUA,https://regalospremium.cl/paraguas-y-capas-de-agua/paraguas-corto.html,,,Serigrafía,,false
Paraguas Corto Pongee,PARAGUAS Y CAPAS DE AGUA,https://regalospremium.cl/paraguas-y-capas-de-agua/paraguas-corto-pongee.html,Pongee - Fibra de Vidrio,,Serigrafía,,false
Paraguas Ejecutivo Gigante,PARAGUAS Y CAPAS DE AGUA,https://regalospremium.cl/paraguas-y-capas-de-agua/paraguas-ejecutivo-gigante.html,Pongee - Fibra de Vidrio,,Serigrafía,,false
Capa de Agua,PARAGUAS Y CAPAS DE AGUA,https://regalospremium.cl/paraguas-y-capas-de-agua/capa-de-agua.html,,,"Serigrafía, Tampografía / SÓLO SOBRE LA BOLITA PLÁSTICA, no sobre la capa de agua",,false
Set de Asado Angus,HERRAMIENTAS Y ASADO,https://regalospremium.cl/herramientas-y-asado/set-de-asado-angus.html,,,,,false
Set de Asado Masterbeef,HERRAMIENTAS Y ASADO,https://regalospremium.cl/herramientas-y-asado/set-de-asado-masterbeef.html,,,"Serigrafía, Granado Láser",,false
Set de Asado  U-Grill,HERRAMIENTAS Y ASADO,https://regalospremium.cl/herramientas-y-asado/set-de-asado-u-grill.html,,,"Serigrafia , Grabado Laser",,false
Quitasol Redondo,MUEBLES Y TERRAZA,https://regalospremium.cl/cotizar-mueble-publicitario-terraza-y-jardin/quitasol-redondo.html,Acero / Poliéster,,Serigrafía,,false
Quitasol Ovalado Doble,MUEBLES Y TERRAZA,https://regalospremium.cl/cotizar-mueble-publicitario-terraza-y-jardin/quitasol-ovalado-doble.html,Acero / Poliéster,,Serigrafía,,false
Quitasol Redondo Beach,MUEBLES Y TERRAZA,https://regalospremium.cl/cotizar-mueble-publicitario-terraza-y-jardin/quitasol-redondo-beach.html,Acero / Poliéster,,Serigrafía,,false
Quitasol Lateral Colgante,MUEBLES Y TERRAZA,https://regalospremium.cl/cotizar-mueble-publicitario-terraza-y-jardin/quitasol-lateral-colgante.html,Acero / Poliéster,,Serigrafía,,false
Quitasol Gigante 4x4M,MUEBLES Y TERRAZA,https://regalospremium.cl/cotizar-mueble-publicitario-terraza-y-jardin/quitasol-gigante-4x4m.html,Acero / Poliéster,,Serigrafía,,false
Base de Resina Para P10,MUEBLES Y TERRAZA,https://regalospremium.cl/cotizar-mueble-publicitario-terraza-y-jardin/base-de-resina-para-p10.html,Poliresina,,,,false
Set de 4 bases Rellenables Para P11 y P13,MUEBLES Y TERRAZA,https://regalospremium.cl/cotizar-mueble-publicitario-terraza-y-jardin/set-de-4-bases-rellenables-para-p11-y-p13.html,,,,,false
Base Plástica Rellenable Para P12,MUEBLES Y TERRAZA,https://regalospremium.cl/cotizar-mueble-publicitario-terraza-y-jardin/base-plastica-rellenable-para-p12.html,Plástico,,,,false
Base de Acero para P14,MUEBLES Y TERRAZA,https://regalospremium.cl/cotizar-mueble-publicitario-terraza-y-jardin/base-de-acero-para-p14.html,Acero,,,,false
Base Toldo Araña 2X2,MUEBLES Y TERRAZA,https://regalospremium.cl/cotizar-mueble-publicitario-terraza-y-jardin/base-toldo-arana-2x2.html,Acero esmaltado,,,,false
Techo Toldo Araña 2X2,MUEBLES Y TERRAZA,https://regalospremium.cl/cotizar-mueble-publicitario-terraza-y-jardin/techo-toldo-arana-2x2.html,Poliuretano (PU),,Serigrafía,,false
Base Toldo Araña 3X3,MUEBLES Y TERRAZA,https://regalospremium.cl/cotizar-mueble-publicitario-terraza-y-jardin/base-toldo-arana-3x3.html,Acero esmaltado,,,,false
Techo Toldo Araña 3X3,MUEBLES Y TERRAZA,https://regalospremium.cl/cotizar-mueble-publicitario-terraza-y-jardin/techo-toldo-arana-3x3.html,Poliuretano (PU),,Serigrafía,,false
Base Toldo Araña 3X4.5,MUEBLES Y TERRAZA,https://regalospremium.cl/cotizar-mueble-publicitario-terraza-y-jardin/base-toldo-arana-3x45.html,Acero esmaltado,,,,false
Techo Toldo Araña 3X4.5,MUEBLES Y TERRAZA,https://regalospremium.cl/cotizar-mueble-publicitario-terraza-y-jardin/techo-toldo-arana-3x45.html,Poliuretano (PU),,Serigrafía,,false
Base Toldo Araña 3X6,MUEBLES Y TERRAZA,https://regalospremium.cl/cotizar-mueble-publicitario-terraza-y-jardin/base-toldo-arana-3x6.html,Acero esmaltado,,,,false
Techo Toldo Araña 3X6,MUEBLES Y TERRAZA,https://regalospremium.cl/cotizar-mueble-publicitario-terraza-y-jardin/techo-toldo-arana-3x6.html,Poliuretano (PU),,Serigrafía,,false
Silla Plástica Milán,MUEBLES Y TERRAZA,https://regalospremium.cl/cotizar-mueble-publicitario-terraza-y-jardin/silla-plastica-milan.html,Polipropileno,,Serigrafía sólo 1 color (sólo en Respaldo),,false
Mesa Plástica Redonda,MUEBLES Y TERRAZA,https://regalospremium.cl/cotizar-mueble-publicitario-terraza-y-jardin/mesa-plastica-redonda.html,Polipropileno,,"Serigrafía, Cama Plana Gran Formato (consultar más detalles en ventas)",,false
Mesa Plástica Rectangular,MUEBLES Y TERRAZA,https://regalospremium.cl/cotizar-mueble-publicitario-terraza-y-jardin/mesa-plastica-rectangular.html,Polipropileno,,,,false
Canasto Plástico 5 lt con Tapa,MUEBLES Y TERRAZA,https://regalospremium.cl/cotizar-mueble-publicitario-terraza-y-jardin/canasto-plastico-5-lt-con-tapa.html,Plástico ABS,,Serigrafía sobre la tapa,,false
Canasto Plástico 15 lt con Tapa,MUEBLES Y TERRAZA,https://regalospremium.cl/cotizar-mueble-publicitario-terraza-y-jardin/canasto-plastico-15-lt-con-tapa.html,Plástico ABS,,Serigrafía sobre la tapa,,false
Canasto Plástico 24 lt con Tapa,MUEBLES Y TERRAZA,https://regalospremium.cl/cotizar-mueble-publicitario-terraza-y-jardin/canasto-plastico-24-lt-con-tapa.html,Plástico ABS,,Serigrafía sobre la tapa,,false
Polera Manga Corta Algodón Hombre,POLERAS Y SHORTS,https://regalospremium.cl/poleras-y-shorts-publicitarios/polera-manga-corta-algodon-hombre.html,100% Algodón pre-lavado,,"Serigrafía, Tampografía, Transfer",,false
Polera Manga Corta Algodón Mujer,POLERAS Y SHORTS,https://regalospremium.cl/poleras-y-shorts-publicitarios/polera-manga-corta-algodon-mujer.html,100% Algodón pre-lavado,,"Serigrafía, Tampografía, Transfer",,false
Polera Manga Corta Poliéster Hombre,POLERAS Y SHORTS,https://regalospremium.cl/poleras-y-shorts-publicitarios/polera-manga-corta-poliester-hombre.html,100% Poliéster,,"Serigrafía, Sublimación",,false
Polera Manga Corta Poliéster Mujer,POLERAS Y SHORTS,https://regalospremium.cl/poleras-y-shorts-publicitarios/polera-manga-corta-poliester-mujer.html,100% Poliéster,,"Serigrafía, Sublimación",,false
Polera Poliéster Hombre con Cuello,POLERAS Y SHORTS,https://regalospremium.cl/poleras-y-shorts-publicitarios/polera-poliester-hombre-con-cuello.html,100% poliéster,,"Serigrafía, Tampografía, Transfer, Sublimación",,false
Polera Poliéster Mujer con Cuello,POLERAS Y SHORTS,https://regalospremium.cl/poleras-y-shorts-publicitarios/polera-poliester-mujer-con-cuello.html,100% poliéster,,"Serigrafía, Tampografía, Transfer, Sublimación",,false
Polera Deportiva Hombre Roger,POLERAS Y SHORTS,https://regalospremium.cl/poleras-y-shorts-publicitarios/polera-deportiva-hombre-roger.html,100% poliéster,,"Serigrafía, Tampografía, Transfer, Sublimación",,false
Polera Deportiva Mujer Steffi,POLERAS Y SHORTS,https://regalospremium.cl/poleras-y-shorts-publicitarios/polera-deportiva-mujer-steffi.html,100% poliéster,,"Serigrafía, Tampografía, Transfer, Sublimación",,false
Polera Deportiva Hombre Zinedine,POLERAS Y SHORTS,https://regalospremium.cl/poleras-y-shorts-publicitarios/polera-deportiva-hombre-zinedine.html,100% poliéster,,"Serigrafía, Tampografía, Transfer, Sublimación",,false
Short Deportivo,POLERAS Y SHORTS,https://regalospremium.cl/poleras-y-shorts-publicitarios/short-deportivo.html,100% poliéster,,"Serigrafía, Tampografía, Transfer, Sublimación",,false
Guantes de Polar Anti-Peeling,ROPA DE INVIERNO,https://regalospremium.cl/ropa-publicitaria-de-invierno/guantes-de-polar-anti-peeling.html,,,"Bordado, Estampado",,false
Bufanda de Polar Anti-peeling,ROPA DE INVIERNO,https://regalospremium.cl/ropa-publicitaria-de-invierno/bufanda-de-polar-anti-peeling.html,,,Bordado,,false
Cuello Alto de Polar Anti-peeling,ROPA DE INVIERNO,https://regalospremium.cl/ropa-publicitaria-de-invierno/cuello-alto-de-polar-anti-peeling.html,,,Bordado,,false
Gorro de Lana con Doblez,ROPA DE INVIERNO,https://regalospremium.cl/ropa-publicitaria-de-invierno/gorro-de-lana-con-doblez.html,,,Bordado,,false
Cuello Corto de Polar Anti-peeling,ROPA DE INVIERNO,https://regalospremium.cl/ropa-publicitaria-de-invierno/cuello-corto-de-polar-anti-peeling.html,,,"Bordado, Estampado",,false
Bolsa de Polar Anti-Peeling,ROPA DE INVIERNO,https://regalospremium.cl/ropa-publicitaria-de-invierno/bolsa-de-polar-anti-peeling.html,,,"Bordado, Estampado",,false
Bufanda de Polar Anti-Peeling para Niño,ROPA DE INVIERNO,https://regalospremium.cl/ropa-publicitaria-de-invierno/bufanda-de-polar-anti-peeling-para-nino.html,,,Bordado,,false
Guantes Polar Anti-Peeling para Mujer y Niño,ROPA DE INVIERNO,https://regalospremium.cl/ropa-publicitaria-de-invierno/guantes-polar-anti-peeling-para-mujer-y-nino.html,,,"Bordado, Estampado",,false
Chaqueta Hombre Micropolar Anti-Peeling,ROPA DE INVIERNO,https://regalospremium.cl/ropa-de-invierno-publicitaria/chaqueta-hombre-micropolar-anti-peeling.html,100% poliéster,,Bordado,,false
Chaqueta Mujer Micropolar Anti-Peeling,ROPA DE INVIERNO,https://regalospremium.cl/ropa-de-invierno-publicitaria/chaqueta-mujer-micropolar-anti-peeling.html,100% poliéster,,Bordado,,false
Chaqueta Softshell Hombre Manga Larga,ROPA DE INVIERNO,https://regalospremium.cl/ropa-de-invierno-publicitaria/chaqueta-softshell-hombre-manga-larga.html,100% poliéster,,Bordado,,false
Chaqueta con Gorro Softshell Hombre Manga Larga,ROPA DE INVIERNO,https://regalospremium.cl/ropa-de-invierno-publicitaria/chaqueta-con-gorro-softshell-hombre-manga-larga.html,100% poliéster,,Bordado,,false
Gorro de Polar Anti-Peeling,GORROS Y JOCKEYS,https://regalospremium.cl/comprar-gorros-y-jockeys-publicitarios/gorro-de-polar-anti-peeling.html,,,"Bordado, Estampado",,false
Gorro LED «CHILOÉ»,GORROS Y JOCKEYS,https://regalospremium.cl/comprar-gorros-y-jockeys-publicitarios/gorro-led-chiloe-recargable-usb.html,,,Bordado,,false
Jockey Denim,GORROS Y JOCKEYS,https://regalospremium.cl/comprar-gorros-y-jockeys-publicitarios/jockey-denim.html,Algodón Peinado,,,,false
Gorro Sport Microfibra,GORROS Y JOCKEYS,https://regalospremium.cl/comprar-gorros-y-jockeys-publicitarios/gorro-sport-microfibra.html,Microfibra Polypeach,,,,false
Gilligan Algodón Para Niños,GORROS Y JOCKEYS,https://regalospremium.cl/comprar-gorros-y-jockeys-publicitarios/gilligan-algodon-para-ninos.html,100% Algodón,,,,false
Jockey Algodón,GORROS Y JOCKEYS,https://regalospremium.cl/comprar-gorros-y-jockeys-publicitarios/jockey-algodon.html,Algodón,,,,false
Jockey Denim Sandwich,GORROS Y JOCKEYS,https://regalospremium.cl/comprar-gorros-y-jockeys-publicitarios/jockey-denim-sandwich.html,Algodón Peinado,,,,false
Bandana de Microfibra,GORROS Y JOCKEYS,https://regalospremium.cl/comprar-gorros-y-jockeys-publicitarios/bandana-de-microfibra.html,Microfibra Elasticada,,Sublimación,,false
Gilligan Poliéster Para Niños,GORROS Y JOCKEYS,https://regalospremium.cl/comprar-gorros-y-jockeys-publicitarios/gilligan-poliester-para-ninos.html,100% Poliéster,,"Serigrafía, Bordado",,false
Jockey Poliéster Sublimación,GORROS Y JOCKEYS,https://regalospremium.cl/comprar-gorros-y-jockeys-publicitarios/jockey-poliester-sublimacion.html,Poliéster,,Sublimación - Serigrafía,,false
Jockey Poliéster Sponge Malla Sublimación,GORROS Y JOCKEYS,https://regalospremium.cl/comprar-gorros-y-jockeys-publicitarios/jockey-poliester-sponge-malla-sublimacion.html,,,Sublimación* - Serigrafía,,false
Mini Trofeo World,MEDALLAS  TROFEOS  GALVANOS,https://regalospremium.cl/medallas-trofeos-galvanos-publicitarios/mini-trofeo-world.html,Cristal,,,,false
Mini Trofeo Telus,MEDALLAS  TROFEOS  GALVANOS,https://regalospremium.cl/medallas-trofeos-galvanos-publicitarios/mini-trofeo-telus.html,Cristal-Jade,,Grabado Láser,,false
Trofeo Cristal Circle,MEDALLAS  TROFEOS  GALVANOS,https://regalospremium.cl/medallas-trofeos-galvanos-publicitarios/trofeo-cristal-circle.html,,,Grabado Láser,,false
Trofeo Cristal Tower,MEDALLAS  TROFEOS  GALVANOS,https://regalospremium.cl/medallas-trofeos-galvanos-publicitarios/trofeo-cristal-tower.html,Cristal,,Grabado Láser,,false
Trofeo Cristal Diamond,MEDALLAS  TROFEOS  GALVANOS,https://regalospremium.cl/medallas-trofeos-galvanos-publicitarios/trofeo-cristal-diamond.html,Cristal,,Grabado Láser,,false
Bloque Cristal Solid,MEDALLAS  TROFEOS  GALVANOS,https://regalospremium.cl/medallas-trofeos-galvanos-publicitarios/bloque-cristal-solid.html,Cristal,,Grabado Láser,,false
Trofeo Cristal Win,MEDALLAS  TROFEOS  GALVANOS,https://regalospremium.cl/medallas-trofeos-galvanos-publicitarios/trofeo-cristal-win.html,Cristal / Tornasol,,Grabado Láser,,false
Trofeo Cristal Cylinder,MEDALLAS  TROFEOS  GALVANOS,https://regalospremium.cl/medallas-trofeos-galvanos-publicitarios/trofeo-cristal-cylinder.html,Cristal,,Grabado Láser,,false
Trofeo Cristal Planet,MEDALLAS  TROFEOS  GALVANOS,https://regalospremium.cl/medallas-trofeos-galvanos-publicitarios/trofeo-cristal-planet.html,Cristal,,Grabado Láser,,false
Trofeo Flame,MEDALLAS  TROFEOS  GALVANOS,https://regalospremium.cl/medallas-trofeos-galvanos-publicitarios/trofeo-flame.html,Cristal-Jade,,Grabado Láser,,false
Trofeo Cristal Hexagon,MEDALLAS  TROFEOS  GALVANOS,https://regalospremium.cl/medallas-trofeos-galvanos-publicitarios/trofeo-cristal-hexagon.html,,,Grabado Láser,,false
Trofeo Cristal Black Diamond,MEDALLAS  TROFEOS  GALVANOS,https://regalospremium.cl/medallas-trofeos-galvanos-publicitarios/trofeo-cristal-black-diamond.html,,,Grabado Láser,,false
Trofeo Cristal Catedral,MEDALLAS  TROFEOS  GALVANOS,https://regalospremium.cl/medallas-trofeos-galvanos-publicitarios/trofeo-cristal-catedral.html,,,Grabado Láser,,false
Trofeo Cristal Bauhaus,MEDALLAS  TROFEOS  GALVANOS,https://regalospremium.cl/medallas-trofeos-galvanos-publicitarios/trofeo-cristal-bauhaus.html,,,Grabado Láser,,false
Galvano Plato Pequeño Sublimación,MEDALLAS  TROFEOS  GALVANOS,https://regalospremium.cl/medallas-trofeos-galvanos-publicitarios/galvano-plato-pequeno-sublimacion.html,Acero Inoxidable cromado,,Sublimación,,false
Galvano Plato Grande Sublimación,MEDALLAS  TROFEOS  GALVANOS,https://regalospremium.cl/medallas-trofeos-galvanos-publicitarios/galvano-plato-grande-sublimacion.html,Acero Inoxidable cromado,,Sublimación,,false
Trofeo Cristal Sublimación,MEDALLAS  TROFEOS  GALVANOS,https://regalospremium.cl/medallas-trofeos-galvanos-publicitarios/trofeo-de-cristal.html,Cristal / Acrílico,,Sublimación,,false
Trofeo Cristal Sublimación,MEDALLAS  TROFEOS  GALVANOS,https://regalospremium.cl/medallas-trofeos-galvanos-publicitarios/trofeo-cristal-sublimacion.html,Cristal,,Sublimación,,false
Mini Trofeo Cristal Sublimación,MEDALLAS  TROFEOS  GALVANOS,https://regalospremium.cl/medallas-trofeos-galvanos-publicitarios/mini-trofeo-cristal-sublimacion.html,Cristal,,Sublimación,,false
Estuche Escolar de TNT,INFANTIL,https://regalospremium.cl/cotizar-regalos-publicitarios-infantiles/estuche-escolar-de-tnt.html,Tela TNT nonwoven de 80g/m2,,Serigrafía,,false
Yo-Yo Plástico Traslúcido,INFANTIL,https://regalospremium.cl/cotizar-regalos-publicitarios-infantiles/yo-yo-plastico-traslucido.html,,,,,false
Mini Ping-Pong de Sobremesa,INFANTIL,https://regalospremium.cl/cotizar-regalos-publicitarios-infantiles/mini-ping-pong-de-sobremesa.html,MDF + PVC,,,,false
Estuche Escolar para Sublimación,INFANTIL,https://regalospremium.cl/cotizar-regalos-publicitarios-infantiles/estuche-escolar-para-sublimacion.html,"Tela TNT elaborada con polipropileno (PP), no tejido",,Sublimación - Serigrafía,,false
Bolso de Fieltro Porta Mascota,BOLSAS DE FIELTRO,https://regalospremium.cl/bolsas-de-fieltro-publicitarias/bolso-de-fieltro-porta-mascota.html,Fieltro Poliéster 450g/m2,,Impresión digital (no 100% cubriente),,false
Bolsa de Fieltro,BOLSAS DE FIELTRO,https://regalospremium.cl/bolsas-de-fieltro-publicitarias/bolsa-de-fieltro.html,Fieltro Poliéster 300g/m2,,Impresión digital (no 100% cubriente),,false
Estuche Porta Lentes de Fieltro,BOLSAS DE FIELTRO,https://regalospremium.cl/bolsas-de-fieltro-publicitarias/estuche-porta-lentes-de-fieltro.html,Fieltro Poliéster 300g/m2,,,,false
Bolsa de Papel 120g/m2,BOLSAS DE PAPEL,https://regalospremium.cl/bolsas-de-papel-publicitarias/bolsa-de-papel.html,Papel Kraft,,Serigrafía,,false
Bolsa de Papel 120g/m2,BOLSAS DE PAPEL,https://regalospremium.cl/bolsas-de-papel-publicitarias/bolsa-de-papel-120gm2.html,Papel Kraft,,Serigrafía,,false
Bolsa de Papel 120g/m2,BOLSAS DE PAPEL,https://regalospremium.cl/bolsas-de-papel-publicitarias/bolsa-papel-120.html,Papel Kraft,,Serigrafía,,false
Bolsa de Papel 120g/m2,BOLSAS DE PAPEL,https://regalospremium.cl/bolsas-de-papel-publicitarias/bolsa-de-papel-kraft.html,Papel Kraft,,Serigrafía,,false
Bolsa de Papel 120g/m2,BOLSAS DE PAPEL,https://regalospremium.cl/bolsas-de-papel-publicitarias/bolsa-de-papel-120.html,Papel Kraft,,Serigrafía,,false
Bolsa de Papel 120g/m2,BOLSAS DE PAPEL,https://regalospremium.cl/bolsas-de-papel-publicitarias/bolsa-de-papel-120-gramos.html,Papel Kraft,,Serigrafía,,false
Bolsa de Papel 150g/m2,BOLSAS DE PAPEL,https://regalospremium.cl/bolsas-de-papel-publicitarias/bolsa-de-papel-150gm2.html,Papel Kraft,,Serigrafía,,false
Bolsa de Papel 150g/m2,BOLSAS DE PAPEL,https://regalospremium.cl/bolsas-de-papel-publicitarias/bolsa-de-papel-150.html,Papel Kraft,,Serigrafía,,false
Bolsa de Papel 150g/m2,BOLSAS DE PAPEL,https://regalospremium.cl/bolsas-de-papel-publicitarias/bolsa-de-papel-150-gramos.html,Papel Kraft,,Serigrafía,,false
Bolígrafo Touch-Screen Corto,Bolígrafos Touch-Screen,https://regalospremium.cl/boligrafos-touch-screen/boligra-touch-screen.html,,,Serigrafía o Tampografía. No se sugiere imprimir con tinta blanca sobre cuerpo de color metalizado,,false
Bolígrafo Touch Screen Stylus,Bolígrafos Touch-Screen,https://regalospremium.cl/boligrafos-touch-screen/boligrafo-touch-screen-stylus.html,,,No se recomienda imprimir con tinta blanca sobre cuerpo de color metalizado,,false
Bolígrafo Touch Screen Keyring,Bolígrafos Touch-Screen,https://regalospremium.cl/boligrafos-touch-screen/boligrafo-touch-screen-keyring.html,,,Serigrafía o Tampografía. No se sugiere imprimir con tinta blanca sobre cuerpo de color metalizado,,false
Bolígrafo Touch Screen,Bolígrafos Touch-Screen,https://regalospremium.cl/boligrafos-touch-screen/boligrafo-touch-screen-b.html,,,"Serigrafía, Tampografía",,false
Bolígrafo Touch Screen Wind Color,Bolígrafos Touch-Screen,https://regalospremium.cl/boligrafos-touch-screen/boligrafo-touch-screen-wind-color.html,,,"Serigrafía, Tampografía. No se sugiere imprimir con tinta blanca sobre cuerpo de color metalizado",,false
Bolígrafo Touch Screen Wind Satin,Bolígrafos Touch-Screen,https://regalospremium.cl/boligrafos-touch-screen/boligrafo-touch-screen-wind-satin.html,,,"Serigrafía, Tampografía",,false
Bolígrafo Touch Screen,Bolígrafos Touch-Screen,https://regalospremium.cl/boligrafos-touch-screen/boligrafo-touch-screen.html,,,"Serigrafía, Tampografía. No se recomienda imprimir con tinta blanca sobre cuerpo de color metalizado",,false
Bolígrafo Touch Screen Alabama,Bolígrafos Touch-Screen,https://regalospremium.cl/boligrafos-touch-screen/boligrafo-touch-screen-alabama.html,,,Serigrafía o Tampografía. No se sugiere imprimir con tinta,,false
Bolígrafo Touch Screen Shadow,Bolígrafos Touch-Screen,https://regalospremium.cl/boligrafos-touch-screen/boligrafo-touch-screen-shadow.html,,,"Idealmente imprimir con tintas plata, dorada o roja, se reco",,false
Bolígrafo Touch Screen Trek,Bolígrafos Touch-Screen,https://regalospremium.cl/boligrafos-touch-screen/boligrafo-touch-screen-trek.html,,,"Serigrafía, Láser en máquina YAG. No se sugiere imprimir con tinta blanca sobre cuerpo de color metalizado",,false
Roller Pen Cooper,Bolígrafos Color Metalizado,https://regalospremium.cl/boligrafos-color-metalizado-publicitarios/roller-pen-cooper.html,,,"Serigrafía, Láser en máquina YAG",,false
Bolígrafo New Satin Touch Screen,Bolígrafos Touch-Screen,https://regalospremium.cl/boligrafos-touch-screen/boligrafo-new-satin-touch-screen.html,,,"Serigrafía, Tampografía",,false
Bolígrafo Wind Stella LED,Bolígrafos Touch-Screen,https://regalospremium.cl/boligrafos-touch-screen/boligrafo-wind-stella-led.html,,,"Serigrafía, Tampografía",,false
Bolígrafo Plástico Masai,Bolígrafos Cuerpo Blanco,https://regalospremium.cl/boligrafos-cuerpo-blanco-publicitarios/boligrafo-plastico-masai.html,,,,,false
Bolígrafo Promocional Scratch,Bolígrafos Cuerpo Blanco,https://regalospremium.cl/boligrafos-cuerpo-blanco-publicitarios/boligrafo-promocional-scratch.html,,,,,false
Bolígrafo Promocional Milky,Bolígrafos Cuerpo Blanco,https://regalospremium.cl/boligrafos-cuerpo-blanco-publicitarios/boligrafo-promocional-milky.html,,,,,false
Bolígrafo Plástico Venus,Bolígrafos Cuerpo Blanco,https://regalospremium.cl/boligrafos-cuerpo-blanco-publicitarios/boligrafo-plastico-venus.html,,,,,false
Bolígrafo Plástico Wind Stella,Bolígrafos Cuerpo Blanco,https://regalospremium.cl/boligrafos-cuerpo-blanco-publicitarios/boligrafo-plastico-wind-stella.html,,,"Serigrafía, Tampografía",,false
Bolígrafo Plástico Angel,Bolígrafos Cuerpo Blanco,https://regalospremium.cl/boligrafos-cuerpo-blanco-publicitarios/boligrafo-plastico-angel.html,,,"Serigrafía, Tampografía",,false
Bolígrafo Promocional Economic,Bolígrafos Cuerpo Blanco,https://regalospremium.cl/boligrafos-cuerpo-blanco-publicitarios/boligrafo-promocional-economic.html,,,,,false
Bolígrafom Plástico Hooligan,Bolígrafos Cuerpo Blanco,https://regalospremium.cl/boligrafos-cuerpo-blanco-publicitarios/boligrafom-plastico-hooligan.html,,,,,false
Bolígrafo Plástico Wind Color,Bolígrafos Cuerpo Color,https://regalospremium.cl/boligrafos-cuerpo-color-publicitarios/boligrafo-plastico-wind-color.html,,,"Serigrafía, Tampografía",,false
Bolígrafo Promocional Gordito,Bolígrafos Cuerpo Color,https://regalospremium.cl/boligrafos-cuerpo-color-publicitarios/boligrafo-promocional-gordito.html,,,,,false
Bolígrafo Plástico Jeringa,Bolígrafos Cuerpo Color,https://regalospremium.cl/boligrafos-cuerpo-color-publicitarios/boligrafo-plastico-jeringa.html,,,,,false
Bolígrafo Promocional Gross,Bolígrafos Cuerpo Color,https://regalospremium.cl/boligrafos-cuerpo-color-publicitarios/boligrafo-promocional-gross.html,,,,,false
Bolígrafo Promocional Zulu,Bolígrafos Cuerpo Color,https://regalospremium.cl/boligrafos-cuerpo-color-publicitarios/boligrafo-promocional-zulu.html,,,,,false
Bolígrafo Promocional Cheaper,Bolígrafos Cuerpo Color,https://regalospremium.cl/boligrafos-cuerpo-color-publicitarios/boligrafo-promocional-cheaper.html,,,,,false
Bolígrafo Plástico Discovery,Bolígrafos Cuerpo Color,https://regalospremium.cl/boligrafos-cuerpo-color-publicitarios/boligrafo-plastico-discovery.html,,,,,false
Bolígrafo Plástico Evolution,Bolígrafos Cuerpo Color,https://regalospremium.cl/boligrafos-cuerpo-color-publicitarios/boligrafo-plastico-evolution.html,,,"Serigrafía, Tampografía",,false
Bolígrafo Plástico Punch,Bolígrafos Cuerpo Color,https://regalospremium.cl/boligrafos-cuerpo-color-publicitarios/boligrafo-plastico-punch.html,,,"Serigrafía, Tampografía",,false
Bolígrafo Plástico Paz y Amor,Bolígrafos Cuerpo Color,https://regalospremium.cl/boligrafos-cuerpo-color-publicitarios/boligrafo-plastico-paz-y-amor.html,,,,,false
Set Tazas Santa Marta,Mugs Ceramicos - Plasticos,https://regalospremium.cl/mugs-ceramica-plastico-publicitarios/set-tazas-santa-marta-.html,,,"Serigrafia , Grabado Laser",,false
Bolígrafo Plástico Me Gusta,Bolígrafos Cuerpo Color,https://regalospremium.cl/boligrafos-cuerpo-color-publicitarios/boligrafo-plastico-me-gusta.html,,,,,false
Bolígrafo Plástico N°1,Bolígrafos Cuerpo Color,https://regalospremium.cl/boligrafos-cuerpo-color-publicitarios/boligrafo-plastico-n1.html,,,"Serigrafía, Tampografía",,false
Bolígrafo Plástico Rainbow,Bolígrafos Cuerpo Color,https://regalospremium.cl/boligrafos-cuerpo-color-publicitarios/boligrafo-plastico-rainbow.html,,,,,false
Bolígrafo Plástico New York,Bolígrafos Cuerpo Color,https://regalospremium.cl/boligrafos-cuerpo-color-publicitarios/boligrafo-plastico-new-york.html,,,"Serigrafía, Tampografía",,false
Bolígrafo Plástico Arco,Bolígrafos Color Metalizado,https://regalospremium.cl/boligrafos-color-metalizado-publicitarios/boligrafo-plastico-arco.html,,,No se recomienda imprimir con tinta blanca sobre cuerpo de color metalizado,,false
Bolígrafo Plástico Qasar Color,Bolígrafos Color Metalizado,https://regalospremium.cl/boligrafos-color-metalizado-publicitarios/boligrafo-plastico-qasar-color.html,,,No se recomienda imprimir con tinta blanca sobre cuerpo de c,,false
Bolígrafo Plástico Prime,Bolígrafos Color Metalizado,https://regalospremium.cl/boligrafos-color-metalizado-publicitarios/boligrafo-plastico-prime.html,,,No se recomienda imprimir con tinta blanca sobre cuerpo de c,,false
Bolígrafo Plástico Vulcano,Bolígrafos Color Metalizado,https://regalospremium.cl/boligrafos-color-metalizado-publicitarios/boligrafo-plastico-vulcano.html,,,"Serigrafía, Láser en máquina YAG. No se sugiere imprimir con tinta blanca sobre cuerpo de color metalizado",,false
Bolígrafo Plástico Badge,Bolígrafos Color Metalizado,https://regalospremium.cl/boligrafos-color-metalizado-publicitarios/boligrafo-plastico-badge.html,,,Serigrafía o Tampografía. No se sugiere imprimir con tinta,,false
Bolígrafo Plástico Wind Satin,Bolígrafos Cuerpo Plateado,https://regalospremium.cl/boligrafos-cuerpo-plateado-publicitarios/boligrafo-plastico-wind-satin.html,,,"Serigrafía, Tampografía",,false
Bolígrafo Plástico Active,Bolígrafos Cuerpo Plateado,https://regalospremium.cl/boligrafos-cuerpo-plateado-publicitarios/boligrafo-plastico-active.html,,,"Serigrafía, Tampografía",,false
Bolígrafo Plástico Alum,Bolígrafos Cuerpo Plateado,https://regalospremium.cl/boligrafos-cuerpo-plateado-publicitarios/boligrafo-plastico-alum.html,,,"Serigrafía, Tampografía",,false
Bolígrafo Plástico Kinetic,Bolígrafos Cuerpo Plateado,https://regalospremium.cl/boligrafos-cuerpo-plateado-publicitarios/boligrafo-plastico-kinetic.html,,,,,false
Bolígrafo Plástico Fusión,Bolígrafos Cuerpo Plateado,https://regalospremium.cl/boligrafos-cuerpo-plateado-publicitarios/boligrafo-plastico-fusion.html,,,,,false
Bolígrafo Plástico Qasar Silver,Bolígrafos Cuerpo Plateado,https://regalospremium.cl/boligrafos-cuerpo-plateado-publicitarios/boligrafo-plastico-qasar-silver.html,,,,,false
Bolígrafo Plástico Praxis,Bolígrafos Cuerpo Plateado,https://regalospremium.cl/boligrafos-cuerpo-plateado-publicitarios/boligrafo-plastico-praxis.html,,,,,false
Bolígrafo Plástico Andrómeda,Bolígrafos Cuerpo Plateado,https://regalospremium.cl/boligrafos-cuerpo-plateado-publicitarios/boligrafo-plastico-andromeda.html,,,,,false
Bolígrafo Plástico Júpiter,Bolígrafos Cuerpo Plateado,https://regalospremium.cl/boligrafos-cuerpo-plateado-publicitarios/boligrafo-plastico-jupiter.html,,,,,false
Bolígrafo Plástico Motion,Bolígrafos Cuerpo Plateado,https://regalospremium.cl/boligrafos-cuerpo-plateado-publicitarios/boligrafo-plastico-motion.html,,,,,false
Bolígrafo Plástico Gordito Silver,Bolígrafos Cuerpo Plateado,https://regalospremium.cl/boligrafos-cuerpo-plateado-publicitarios/boligrafo-plastico-gordito-silver.html,,,,,false
Bolígrafo Dual Arme,Bolígrafos Metálicos y Ejecutivos,https://regalospremium.cl/boligrafos-metalicos-y-ejecutivos-publicitarios/boligrafo-dual-arme.html,,,Serigrafía,,false
Bolígrafo con Destacador Wind Satin,Bolígrafos Funcionales y Destacadores,https://regalospremium.cl/boligrafos-funcionales-y-destacadores-publicitarios/boligrafo-con-destacador-wind-satin.html,,,,,false
Bolígrafo con Destacador Wind Color,Bolígrafos Funcionales y Destacadores,https://regalospremium.cl/boligrafos-funcionales-y-destacadores-publicitarios/boligrafo-con-destacador-wind-color.html,,,,,false
Bolígrafo con Linterna LED,Bolígrafos Funcionales y Destacadores,https://regalospremium.cl/boligrafos-funcionales-y-destacadores-publicitarios/boligrafo-con-linterna-led.html,,,,,false
Bolígrafo Gross Lanyard,Bolígrafos Funcionales y Destacadores,https://regalospremium.cl/boligrafos-funcionales-y-destacadores-publicitarios/boligrafo-gross-lanyard.html,,,,,false
Bolígrafo Plástico 3 en 1,Bolígrafos Funcionales y Destacadores,https://regalospremium.cl/boligrafos-funcionales-y-destacadores-publicitarios/boligrafo-plastico-3-en-1.html,,,Serigrafía,,false
Bolígrafo con Manito Rascadora,Bolígrafos Funcionales y Destacadores,https://regalospremium.cl/boligrafos-funcionales-y-destacadores-publicitarios/boligrafo-con-manito-rascadora.html,,,Serigrafía,,false
Bolígrafo Screen-Touch NEON,Bolígrafos Touch-Screen,https://regalospremium.cl/boligrafos-touch-screen/boligrafo-screen-touch-neon.html,,,Grabado Láser,,false
Bolígrafo Screen Touch con Destacador de Cera,Bolígrafos Funcionales y Destacadores,https://regalospremium.cl/boligrafos-funcionales-y-destacadores-publicitarios/boligrafo-screen-touch-con-destacador-de-cera.html,,,Serigrafía,,false
Multidestacador 5 colores,Inicio,https://regalospremium.cl/inicio/multidestacador-5-colores.html,,,"Serigrafía, Tampografía",,false
Destacador Soft,Inicio,https://regalospremium.cl/inicio/destacador-soft.html,,,Serigrafía,,false
Destacador Imantado Cápsula,Inicio,https://regalospremium.cl/inicio/destacador-imantado-capsula.html,Plástico ABS,,Serigrafía sobre la base,,false
Set 3 Destacadores de Cera,Inicio,https://regalospremium.cl/inicio/set-3-destacadores-de-cera.html,,,Serigrafía,,false
Mouse Pad Sublimación,PRODUCTOS PARA SUBLIMACIÓN,https://regalospremium.cl/cotizar-productos-para-sublimacion/raton-pad-sublimacion.html,,,"Serigrafía, Sublimación",,false
Reloj de Pared Sublimación,PRODUCTOS PARA SUBLIMACIÓN,https://regalospremium.cl/cotizar-productos-para-sublimacion/reloj-de-pared-sublimacion.html,,,"Serigrafía, Sublimación",,false
Imán 5cm para Sublimación,PRODUCTOS PARA SUBLIMACIÓN,https://regalospremium.cl/cotizar-productos-para-sublimacion/iman-5cm-para-sublimacion.html,,,Sublimación,,false
Delantal Pechera Sublimación,PRODUCTOS PARA SUBLIMACIÓN,https://regalospremium.cl/cotizar-productos-para-sublimacion/delantal-pechera-sublimacion.html,Poliéster 210D/PU + Tela Ecológica PET nonwoven 80g,,Sublimación - Serigrafía,,true
Toalla Facial Sublimación,PRODUCTOS PARA SUBLIMACIÓN,https://regalospremium.cl/cotizar-productos-para-sublimacion/toalla-facial-sublimacion.html,Microfibra,,Toalla: Sublimación - Bordado / Bolsito: Serigrafía - Bordado,,false
Toalla de Mano Sublimación,PRODUCTOS PARA SUBLIMACIÓN,https://regalospremium.cl/cotizar-productos-para-sublimacion/toalla-de-mano-sublimacion.html,Microfibra,,Sublimación - Bordado,,false
Toalla Deportiva Sublimación,PRODUCTOS PARA SUBLIMACIÓN,https://regalospremium.cl/cotizar-productos-para-sublimacion/toalla-deportiva-sublimacion.html,Microfibra,,Toalla: Sublimación - Bordado / Bolsito: Serigrafía - Bordado,,false
Toalla de Playa Sublimación,PRODUCTOS PARA SUBLIMACIÓN,https://regalospremium.cl/cotizar-productos-para-sublimacion/toalla-de-playa-sublimacion.html,Microfibra,,Sublimación - Bordado,,false
Cojín Sublimación,PRODUCTOS PARA SUBLIMACIÓN,https://regalospremium.cl/cotizar-productos-para-sublimacion/cojin-sublimacion.html,Poliéster,,Sublimación - Serigrafía,,false
Eco Delantal Simple Sublimación,PRODUCTOS PARA SUBLIMACIÓN,https://regalospremium.cl/cotizar-productos-para-sublimacion/eco-delantal-simple-sublimacion.html,PET nonwoven 80g,,Sublimación - Serigrafía,,false
Frasco Cerámico Sublimación,PRODUCTOS PARA SUBLIMACIÓN,https://regalospremium.cl/cotizar-productos-para-sublimacion/frasco-ceramico-sublimacion.html,Cerámico / Madera de Bamboo,,Sublimación (frasco) / Serigrafía (tapa de bamboo),,false
Tabla Cocina Sublimación,PRODUCTOS PARA SUBLIMACIÓN,https://regalospremium.cl/cotizar-productos-para-sublimacion/tabla-cocina-sublimacion.html,Vidrio texturado,,Sublimación,,false
Tabla para Cortar Sublimación,PRODUCTOS PARA SUBLIMACIÓN,https://regalospremium.cl/cotizar-productos-para-sublimacion/tabla-para-cortar-sublimacion.html,Vidrio texturado,,Sublimación,,false
Posavaso Redondo Sublimación,PRODUCTOS PARA SUBLIMACIÓN,https://regalospremium.cl/cotizar-productos-para-sublimacion/posavaso-redondo-sublimacion.html,,,Sublimación - Serigrafía,,false
Porta-Botella Aislante Sublimación,PRODUCTOS PARA SUBLIMACIÓN,https://regalospremium.cl/cotizar-productos-para-sublimacion/porta-botella-aislante-sublimacion.html,Poly-Neopreno 4mm,,Sublimación - Serigrafía,,false
Porta Botella de Vino para Sublimación,PRODUCTOS PARA SUBLIMACIÓN,https://regalospremium.cl/cotizar-productos-para-sublimacion/porta-botella-de-vino-para-sublimacion.html,"Tela TNT elaborada con polipropileno (PP), no tejido",,Sublimación - Serigrafía,,false
Imán Cuadrado para Sublimación,PRODUCTOS PARA SUBLIMACIÓN,https://regalospremium.cl/cotizar-productos-para-sublimacion/iman-cuadrado-para-sublimacion.html,,,Sublimación,,false
Plato Mediano Sublimación,PRODUCTOS PARA SUBLIMACIÓN,https://regalospremium.cl/cotizar-productos-para-sublimacion/plato-mediano-sublimacion.html,Porcelana,,Sublimación,,false
Plato Grande Sublimación,PRODUCTOS PARA SUBLIMACIÓN,https://regalospremium.cl/cotizar-productos-para-sublimacion/plato-grande-sublimacion.html,Porcelana,,Sublimación,,false
Botella Drinker,Botellas Metalicas,https://regalospremium.cl/botellas-metalicas-publicitarias/botella-drinker.html,,,Grabado Láser,,false
Botella Térmica Inox,Botellas Metalicas,https://regalospremium.cl/botellas-metalicas-publicitarias/botella-termica-inox.html,,,,,false
Botella Belize,Botellas Plasticas,https://regalospremium.cl/botellas-plasticas-publicitarias/botella-belize.html,,,Serigrafía,,false
Mug Térmico Astoria,Mugs Metálicos,https://regalospremium.cl/mugs-metalicos-publicitarios/mug-termico-astoria.html,,,"Serigrafía, Grabado Láser",,false
Power Bank Cetus,POWER BANK Y ACCESORIOS,https://regalospremium.cl/power-bank-y-accesorios/power-bank-cetus.html,,,"Serigrafía, Grabado Láser",,false
Power Bank Barnard,POWER BANK Y ACCESORIOS,https://regalospremium.cl/power-bank-y-accesorios/power-bank-barnard.html,,,"Serigrafía, Grabado Láser",,false
Power Bank Palermo,POWER BANK Y ACCESORIOS,https://regalospremium.cl/power-bank-y-accesorios/power-bank-palermo.html,,,"Serigrafía, Grabado Láser",,false
Power Bank Blade,POWER BANK Y ACCESORIOS,https://regalospremium.cl/power-bank-y-accesorios/power-bank-blade.html,,,Serigrafía,,false
Bolígrafo Pintacs,Bolígrafos Metálicos y Ejecutivos,https://regalospremium.cl/boligrafos-metalicos-y-ejecutivos-publicitarios/boligrafo-pintacs.html,,,"Grabado Láser, Serigrafía",,false
Bolígrafo Roller London,Bolígrafos Metálicos y Ejecutivos,https://regalospremium.cl/boligrafos-metalicos-y-ejecutivos-publicitarios/boligrafo-roller-london.html,,,"Ø 0,8 x 5 cm. Destape electroplateado en la parte superior",,false
Bolígrafo Polux,Bolígrafos Metálicos y Ejecutivos,https://regalospremium.cl/boligrafos-metalicos-y-ejecutivos-publicitarios/boligrafo-polux.html,,,Grabado Láser,,false
Memo Set Office,CUADERNOS - LIBRETAS - MEMO SET,https://regalospremium.cl/cuadernos-libretas-memo-set-publicitarios/memo-set-office.html,,,"Serigrafía, Grabado Láser",,false
Portalápices Ecológico Malibu,BOLSAS DE PAPEL,https://regalospremium.cl/bolsas-de-papel-publicitarias/portalapices-ecologico-malibu.html,,,Serigrafía,,true
Set de Escritorio de Bambú,CUADERNOS - LIBRETAS - MEMO SET,https://regalospremium.cl/cuadernos-libretas-memo-set-publicitarios/set-de-escritorio-de-bambu.html,,,"Serigrafía, Grabado Láser",,true
Set de Oficina Cubo,CUADERNOS - LIBRETAS - MEMO SET,https://regalospremium.cl/cuadernos-libretas-memo-set-publicitarios/set-de-oficina-cubo.html,,,Serigrafía,,false
Llavero Auto,Llaveros Metalicos,https://regalospremium.cl/llaveros-metalicos/llavero-auto.html,,,"Serigrafía, Grabado Láser",,false
Llavero Metálico Casual Day,Llaveros Metalicos,https://regalospremium.cl/llaveros-metalicos/llavero-metalico-casual-day.html,,,"Serigrafía, Grabado Láser",,false
Llavero Metálico Symon,Llaveros Metalicos,https://regalospremium.cl/llaveros-metalicos/llavero-metalico-symon.html,,,"Serigrafía, Grabado Láser",,false
Llavero Metálico con Abrebotellas,Llaveros Metalicos,https://regalospremium.cl/llaveros-metalicos/llavero-destapador-metalico-publicitario.html,Metal,,"Tampografía, Serigrafía, Grabado Láser, Impresión Digital y Grabado en Pantógrafo",100 unidades,false
Llavero Metálico Casa,Llaveros Metalicos,https://regalospremium.cl/llaveros-metalicos/llavero-metalico-casa.html,,,"Serigrafía, Grabado Láser",,false
Espejo Circular Bambú,BELLEZA Y SALUD,https://regalospremium.cl/publicitarios-belleza-y-salud/espejo-circular-bambu.html,,,,,true
Neccesaire Beauty,BELLEZA Y SALUD,https://regalospremium.cl/publicitarios-belleza-y-salud/neccesaire-beauty.html,,,Serigrafía,,false
Set Zen,BELLEZA Y SALUD,https://regalospremium.cl/publicitarios-belleza-y-salud/set-zen.html,,,Serigrafía,,false
Neccesaire Daily,BELLEZA Y SALUD,https://regalospremium.cl/publicitarios-belleza-y-salud/neccesaire-daily.html,,,Serigrafía,,false
Mug Tesko,Mugs Metálicos,https://regalospremium.cl/mugs-metalicos-publicitarios/mug-tesko.html,,,Grabado Láser,,false
Mug Siluet Black,Mugs Metálicos,https://regalospremium.cl/mugs-metalicos-publicitarios/mug-siluet-black.html,,,"Serigrafía, Grabado Láser",,false
Mug Siluet,Mugs Metálicos,https://regalospremium.cl/mugs-metalicos-publicitarios/mug-siluet.html,,,"Serigrafía, Grabado Láser",,false
Botella Térmica Muak,Botellas Metalicas,https://regalospremium.cl/botellas-metalicas-publicitarias/botella-termica-muak.html,,,"Serigrafía, Grabado Láser",,false
Botella Hop,Botellas Metalicas,https://regalospremium.cl/botellas-metalicas-publicitarias/botella-hop.html,,,"Serigrafía, Grabado Láser",,false
Botella Térmica Voda,Botellas Metalicas,https://regalospremium.cl/botellas-metalicas-publicitarias/botella-termica-voda.html,,,Grabado Láser,,false
Botella Térmica Han,Botellas Metalicas,https://regalospremium.cl/botellas-metalicas-publicitarias/botella-termica-han.html,,,Grabado Láser,,false
Set de Asado Hunan,HERRAMIENTAS Y ASADO,https://regalospremium.cl/herramientas-y-asado/set-de-asado-hunan.html,,,"Serigrafía, Grabado Láser",,false
Tabla para Quesos,HOGAR  GOURMET  SOMMELIER,https://regalospremium.cl/hogar-gourmet-sommelier/tabla-para-quesos.html,,,Grabado Láser,,true
Paraguas Lambarda,PARAGUAS Y CAPAS DE AGUA,https://regalospremium.cl/paraguas-y-capas-de-agua/paraguas-lambarda.html,,,"Serigrafía, Grabado Láser",,false
Cooler Cher,Inicio,https://regalospremium.cl/inicio/cooler-cher.html,,,Serigrafía,,false
Libreta Mediana White,CUADERNOS - LIBRETAS - MEMO SET,https://regalospremium.cl/cuadernos-libretas-memo-set-publicitarios/libreta-mediana-white.html,,,"Serigrafía, Grabado Láser",,false
Bolígrafo «COPPERFIELD I»,Bolígrafos Metálicos y Ejecutivos,https://regalospremium.cl/boligrafos-metalicos-y-ejecutivos-publicitarios/boligrafo-copperfield-soft-touch-cobre.html,,,Grabado Láser,,false
Bolígrafo Metálico Premium Negro Cobre,Bolígrafos Metálicos y Ejecutivos,https://regalospremium.cl/boligrafos-metalicos-y-ejecutivos-publicitarios/boligrafo-metalico-premium.html,,,Grabado Láser,,false
Bolígrafo Jackson,Bolígrafos Metálicos y Ejecutivos,https://regalospremium.cl/boligrafos-metalicos-y-ejecutivos-publicitarios/boligrafo-jackson.html,,,Grabado Láser,,false
Organizador de Escritorio de Bambú,BAMBOO,https://regalospremium.cl/regalos-corporativos-bambu/organizador-de-escritorio-de-bambu.html,,,Serigrafía Grabado Láser,,true
Soporte para Celular Bambú Office,BAMBOO,https://regalospremium.cl/regalos-corporativos-bambu/soporte-para-celular-bambu-office.html,,,Grabado Láser,,true
Libreta Eco,CUADERNOS - LIBRETAS - MEMO SET,https://regalospremium.cl/cuadernos-libretas-memo-set-publicitarios/libreta-eco.html,,,Serigrafía,,false
Libreta Urban,CUADERNOS - LIBRETAS - MEMO SET,https://regalospremium.cl/cuadernos-libretas-memo-set-publicitarios/libreta-urban.html,,,Serigrafía,,false
Destapador Vino,HOGAR  GOURMET  SOMMELIER,https://regalospremium.cl/hogar-gourmet-sommelier/destapador-vino.html,,,Grabado Láser,,false
Botella Térmica Isla,Botellas Metalicas,https://regalospremium.cl/botellas-metalicas-publicitarias/botella-termica-isla.html,,,"Serigrafía, Grabado Láser",,false
Bolsa de Algodón Altea,BOLSAS DE ALGODÓN,https://regalospremium.cl/bolsas-de-algodon-publicitarias/bolsa-de-algodon-altea.html,,,Serigrafía,,false
Mug Dickens,Mugs Metálicos,https://regalospremium.cl/mugs-metalicos-publicitarios/mug-dickens.html,,,Serigrafía,,false
Mug Take Fast,Mugs Metálicos,https://regalospremium.cl/mugs-metalicos-publicitarios/mug-take-fast.html,,,"Serigrafía, Grabado Láser",,false
Mug Bolje,Mugs Metálicos,https://regalospremium.cl/mugs-metalicos-publicitarios/mug-bolje.html,,,Grabado Láser,,false
Huincha de Medir con Nivel,HERRAMIENTAS Y ASADO,https://regalospremium.cl/herramientas-y-asado/huincha-de-medir-con-nivel.html,,,Serigrafía,,false
Set de Herramientas,ACCESORIOS AUTOMÓVIL,https://regalospremium.cl/regalos-publicitarios-para-automovil/comprar-set-de-herramientas.html,,,Serigrafía,,false
Lonchera Cooler Max,COOLERS,https://regalospremium.cl/coolers-publicitarios/lonchera-cooler-max.html,,,Serigrafía,,false
Cuaderno Memo Semanal Workit,CUADERNOS - LIBRETAS - MEMO SET,https://regalospremium.cl/cuadernos-libretas-memo-set-publicitarios/cuaderno-memo-semanal-workit.html,,,Serigrafía,,false
Bolígrafo Metálico Cascais,Bolígrafos Metálicos y Ejecutivos,https://regalospremium.cl/boligrafos-metalicos-y-ejecutivos-publicitarios/boligrafo-metalico-cascais.html,,,"Serigrafía, Grabado Láser",,true
Botella Rex,Botellas Metalicas,https://regalospremium.cl/botellas-metalicas-publicitarias/botella-rex.html,,,Grabado Láser,,false
Botella Térmica King,Botellas Metalicas,https://regalospremium.cl/botellas-metalicas-publicitarias/botella-termica-king.html,,,,,false
Mug Nori,Mugs Metálicos,https://regalospremium.cl/mugs-metalicos-publicitarios/mug-nori.html,,,Grabado Láser,,false
Bolígrafo London II,Bolígrafos Metálicos y Ejecutivos,https://regalospremium.cl/boligrafos-metalicos-y-ejecutivos-publicitarios/boligrafo-london-ii.html,,,"Ø 0,8 x 5 cm. Destape electroplateado en la parte superior. Presentación en caja de regalo",,false
Bolígrafo Metálico Getty,Bolígrafos Metálicos y Ejecutivos,https://regalospremium.cl/boligrafos-metalicos-y-ejecutivos-publicitarios/boligrafo-metalico-getty.html,,,Grabado Láser,,false
Bolígrafo Metálico Booker,Bolígrafos Metálicos y Ejecutivos,https://regalospremium.cl/boligrafos-metalicos-y-ejecutivos-publicitarios/boligrafo-metalico-booker.html,,,Grabado Láser,,false
Bolígrafo Metálico Onega,Bolígrafos Metálicos y Ejecutivos,https://regalospremium.cl/boligrafos-metalicos-y-ejecutivos-publicitarios/boligrafo-metalico-onega.html,,,Grabado Láser,,false
Bolígrafo Metálico Rio,Bolígrafos Metálicos y Ejecutivos,https://regalospremium.cl/boligrafos-metalicos-y-ejecutivos-publicitarios/boligrafo-metalico-rio.html,,,Grabado Láser,,false
Bolígrafo Metálico Cobra,Bolígrafos Metálicos y Ejecutivos,https://regalospremium.cl/boligrafos-metalicos-y-ejecutivos-publicitarios/boligrafo-metalico-cobra.html,,,Grabado Láser,,false
Bolígrafo Metálico Marusi,Bolígrafos Metálicos y Ejecutivos,https://regalospremium.cl/boligrafos-metalicos-y-ejecutivos-publicitarios/boligrafo-metalico-marusi.html,,,"Serigrafía, Grabado Láser",,false
Set Bolígrafo Bambú Nagano,BOLÍGRAFOS Y LÁPICES ECO,https://regalospremium.cl/boligrafos-y-lapices-eco-publicitarios/set-boligrafo-bambu-nagano.html,,,Grabado Láser,,true
Set de Pintura Hexágono,ECO FRIENDLY,https://regalospremium.cl/productos-eco-friendly-publicitarios/set-de-pintura-hexagono.html,,,Serigrafía,,false
PARLANTE BLUETOOTH DANCE,AUDIO,https://regalospremium.cl/audio-publicitario/parlante-bluetooth.html,,,,,false
AURICULARES BLUETOOTH SHELL,ACCESORIOS USB,https://regalospremium.cl/accesorios-usb-promocional/auriculares-bluetooth-shell.html,,,,,false
ORGANIZADOR DE ESCRITORIO CON LÁMPARA MINIOFFICE,ESCRITORIO Y OFICINA,https://regalospremium.cl/regalos-publicitarios-para-negocios-y-empresas/organizador-de-escritorio-con-lampara.html,,,,,false
MUG TÉRMICO MUG BAR,Mugs Metálicos,https://regalospremium.cl/mugs-metalicos-publicitarios/mug-termico-500ml.html,,,,,false
PARLANTE BLUETOOTH JELLY,AUDIO,https://regalospremium.cl/audio-publicitario/parlante-bluetooth-publicitario.html,,,,,false
Cooler Bag Yute 10L,COOLERS,https://regalospremium.cl/coolers-publicitarios/cooler-bag-yute.html,"Yute, PEVA aislante, esponja PE FOAM",,"Serigrafía, Bordado, Pantógrafo, Grabado Láser",,false
Cooler Chico de Yute 4L,COOLERS,https://regalospremium.cl/coolers-publicitarios/cooler-chico-de-yute-4l.html,"Yute, PEVA aislante, esponja PE FOAM",,"Serigrafía, Bordado, Pantógrafo, Grabado Láser",,false
Delantal Pechera de Algodón 8oz,HERRAMIENTAS Y ASADO,https://regalospremium.cl/herramientas-y-asado/delantal-pechera-de-algodon-8oz.html,Algodón natural de 8 onzas,,"Serigrafía, Bordado",,false
Cooler Bag,COOLERS,https://regalospremium.cl/coolers-publicitarios/cooler-bag.html,"Poliéster 300D/PVC, PEVA aislante, esponja PE FOAM",,"Serigrafía, Bordado",,false
Audífonos Bluetooth JL5.0,AUDIO,https://regalospremium.cl/audio-publicitario/audifonos-bluetooth-jl50.html,Plástico ABS (UV finish),,Serigrafía,,false
Cooler Bag RPET Negro,COOLERS,https://regalospremium.cl/coolers-publicitarios/cooler-bag-rpet-negro.html,"RPET, Poliéster 250D/PVC, PEVA aislante, esponja PE FOAM",,"Serigrafía, Bordado",,true
Mouse Pad Ergonómico con Apoya Muñeca,COMPUTACIÓN,https://regalospremium.cl/publicitarios-para-computacion/mouse-pad-ergonomico-con-apoya-muneca.html,"PU Neopreno, Gel",,,,false
USB Linterna LED Cabeza,HERRAMIENTAS Y ASADO,https://regalospremium.cl/herramientas-y-asado/usb-linterna-led-cabeza-.html,"Silicona elasticada, LED",,,,false
Bolsa Canvas Laundry Bag,BOLSAS DE ALGODÓN,https://regalospremium.cl/bolsas-de-algodon-publicitarias/bolsa-canvas-laundry-bag.html,"Canvas Algodón natural de 355 g/m2, Cuero natural",,Serigrafía,,false
Bolsa Yute Canvas Laundry Bag,BOLSAS DE YUTE,https://regalospremium.cl/bolsas-de-yute-publicitarias/bolsa-yute-canvas-laundry-bag.html,"Yute, Canvas Algodón natural de 355 g/m2, Cuero natural",,Serigrafía,,false
Bolsa de Compras 10oz Canvas asas Cuero,BOLSAS DE ALGODÓN,https://regalospremium.cl/bolsas-de-algodon-publicitarias/bolsa-de-compras-10oz-canvas-asas-cuero.html,"Canvas Algodón natural de 280 g/m2, Cuero natural",,Serigrafía,,false
Auriculares Bluetooth JL5.0,AUDIO,https://regalospremium.cl/audio-publicitario/auriculares-bluetooth-jl50.html,Plástico ABS (UV finish),,Serigrafía,,false
Parlante Bluetooth de Bolsillo,AUDIO,https://regalospremium.cl/audio-publicitario/parlante-bluetooth-de-bolsillo.html,Aluminio,,"Serigrafía, Láser",,false
Pendrive de 1TB,MEMORIAS USB,https://regalospremium.cl/pendrive-publicitario/pendrive-de-1tb.html,Zinc Alloy opaco,,"Pantógrafo, Grabado Láser",,false
Set 5 USB Pendrive 64GB,MEMORIAS USB,https://regalospremium.cl/pendrive-publicitario/set-5-usb-pendrive-64gb.html,"Aluminio, PVC",,"Pantógrafo, Grabado Láser",,false
Mochila tipo Morral en Canvas Algodón,BOLSAS DE ALGODÓN,https://regalospremium.cl/bolsas-de-algodon-publicitarias/mochila-tipo-morral-en-canvas-algodon.html,Canvas Algodón de 10 onzas (280 g/m2),,Serigrafía,,false
Set Ejecutivo de Escritorio,CUADERNOS - LIBRETAS - MEMO SET,https://regalospremium.cl/cuadernos-libretas-memo-set-publicitarios/-set-ejecutivo-de-escritorio.html,"Cartón, PU, metal",,Serigrafía,,false
Mochila Lost,BOLSOS Y MOCHILAS,https://regalospremium.cl/bolsos-y-mochilas-publicitarios/mochila-lost.html,,,,,false
Carpeta Memo,CUADERNOS - LIBRETAS - MEMO SET,https://regalospremium.cl/cuadernos-libretas-memo-set-publicitarios/carpeta-memo.html,,,,,false
Set de Vino Ajedrez,HOGAR  GOURMET  SOMMELIER,https://regalospremium.cl/hogar-gourmet-sommelier/set-de-vino-ajedrez.html,,,,,true
Termo Jother,Botellas Metalicas,https://regalospremium.cl/botellas-metalicas-publicitarias/termo-jother.html,,,,,false
Botella Térmica Chamonix,Botellas Metalicas,https://regalospremium.cl/botellas-metalicas-publicitarias/botella-termica-chamonix.html,,,,,false
Lonchera Hungry,BAMBOO,https://regalospremium.cl/regalos-corporativos-bambu/lonchera-hungry.html,,,,,true
Cargador Inalámbrico Compact,POWER BANK Y ACCESORIOS,https://regalospremium.cl/power-bank-y-accesorios/cargador-inalambrico-compact.html,,,,,true
Power Bank Multipuerto New York,POWER BANK Y ACCESORIOS,https://regalospremium.cl/power-bank-y-accesorios/power-bank-multipuerto-new-york.html,,,,,false
Power Bank Bambobank,POWER BANK Y ACCESORIOS,https://regalospremium.cl/power-bank-y-accesorios/power-bank-bambobank.html,,,,,true
Power Bank Charge One,POWER BANK Y ACCESORIOS,https://regalospremium.cl/power-bank-y-accesorios/power-bank-charge-one.html,,,,,false
Power Bank 10000 mAh,POWER BANK Y ACCESORIOS,https://regalospremium.cl/power-bank-y-accesorios/power-bank-10000-mah.html,,,,,false
CUADERNO MEMO SEMANAL,CUADERNOS - LIBRETAS - MEMO SET,https://regalospremium.cl/cuadernos-libretas-memo-set-publicitarios/cuaderno-memo-semanal.html,,,,,false
Set de Libreta y Bolígrafo Magic,CUADERNOS - LIBRETAS - MEMO SET,https://regalospremium.cl/cuadernos-libretas-memo-set-publicitarios/set-de-libreta-y-boligrafo-magic.html,,,,,false
Cooler Aruba,COOLERS,https://regalospremium.cl/coolers-publicitarios/cooler-aruba.html,,,,,false
Cooler Bag Convert,COOLERS,https://regalospremium.cl/coolers-publicitarios/cooler-bag-convert.html,,,,,false
Libreta Bookraft,CUADERNOS - LIBRETAS - MEMO SET,https://regalospremium.cl/cuadernos-libretas-memo-set-publicitarios/libreta-bookraft.html,,,,,false
Abridor de Botellas,ECO FRIENDLY,https://regalospremium.cl/productos-eco-friendly-publicitarios/abridor-de-botellas.html,,,,,false
Llavero Bamboo Spin,Llaveros Madera,https://regalospremium.cl/llaveros-madera/llavero-bamboo-spin.html,,,,,true
Parlante Bluetooth Hendaya,BAMBOO,https://regalospremium.cl/regalos-corporativos-bambu/parlante-bluetooth-hendaya.html,,,,,true
Destapador Sacacorchos,HOGAR  GOURMET  SOMMELIER,https://regalospremium.cl/hogar-gourmet-sommelier/destapador-sacacorchos-.html,,,,,false
Jarro Cervecero Térmico,Mugs Metálicos,https://regalospremium.cl/mugs-metalicos-publicitarios/jarro-cervecero-termico.html,,,,,false
Set Asado Cuchillo Tenedor,HERRAMIENTAS Y ASADO,https://regalospremium.cl/herramientas-y-asado/set-asado-cuchillo-tenedor.html,,,,,false
Set de Asado Grill,HERRAMIENTAS Y ASADO,https://regalospremium.cl/herramientas-y-asado/set-de-asado-grill.html,,,,,false
Set de Asado Tablita,HERRAMIENTAS Y ASADO,https://regalospremium.cl/herramientas-y-asado/set-de-asado-tablita.html,,,,,true
Set de Asado Campestre,HERRAMIENTAS Y ASADO,https://regalospremium.cl/herramientas-y-asado/set-de-asado-campestre.html,,,,,false
Set de Asado Total,HERRAMIENTAS Y ASADO,https://regalospremium.cl/herramientas-y-asado/set-de-asado-total.html,,,,,false
Bolígrafo Park Tinta Azul,Bolígrafos Metálicos y Ejecutivos,https://regalospremium.cl/boligrafos-metalicos-y-ejecutivos-publicitarios/boligrafo-park-tinta-azul.html,,,,,false
Bolígrafo Blake Tinta Azul,Bolígrafos Metálicos y Ejecutivos,https://regalospremium.cl/boligrafos-metalicos-y-ejecutivos-publicitarios/boligrafo-blake-tinta-azul.html,,,,,false
Bolígrafo Blake Tinta Negra,Bolígrafos Metálicos y Ejecutivos,https://regalospremium.cl/boligrafos-metalicos-y-ejecutivos-publicitarios/boligrafo-blake-tinta-negra.html,,,,,false
Bolígrafo Silverfield One,Bolígrafos Metálicos y Ejecutivos,https://regalospremium.cl/boligrafos-metalicos-y-ejecutivos-publicitarios/boligrafo-silverfield-one.html,,,,,false
Roller Silverfield Two,Bolígrafos Metálicos y Ejecutivos,https://regalospremium.cl/boligrafos-metalicos-y-ejecutivos-publicitarios/roller-silverfield-two.html,,,,,false
Bolígrafo Silverfield One Tinta Azul,Bolígrafos Metálicos y Ejecutivos,https://regalospremium.cl/boligrafos-metalicos-y-ejecutivos-publicitarios/boligrafo-silverfield-one-tinta-azul.html,,,,,false
Roller Silverfield Two Tinta Azul,Bolígrafos Metálicos y Ejecutivos,https://regalospremium.cl/boligrafos-metalicos-y-ejecutivos-publicitarios/roller-silverfield-two-tinta-azul.html,,,,,false
Roller Negro Cobre Tinta Azul,Bolígrafos Metálicos y Ejecutivos,https://regalospremium.cl/boligrafos-metalicos-y-ejecutivos-publicitarios/roller-negro-cobre-tinta-azul.html,,,,,false
Bolígrafo Touch Logic,Bolígrafos Touch-Screen,https://regalospremium.cl/boligrafos-touch-screen/boligrafo-touch-logic.html,,,,,false
Bolígrafo Touch Mikonos,Bolígrafos Touch-Screen,https://regalospremium.cl/boligrafos-touch-screen/boligrafo-touch-mikonos.html,,,,,false
Bolígrafo Touch Texas,Bolígrafos Touch-Screen,https://regalospremium.cl/boligrafos-touch-screen/boligrafo-touch-texas.html,,,,,false
Bolígrafo Milos,Bolígrafos Metálicos y Ejecutivos,https://regalospremium.cl/boligrafos-metalicos-y-ejecutivos-publicitarios/boligrafo-milos.html,,,,,false
Bolígrafo Duero,Bolígrafos Metálicos y Ejecutivos,https://regalospremium.cl/boligrafos-metalicos-y-ejecutivos-publicitarios/boligrafo-duero.html,,,,,false
Mochila Grey,BOLSOS Y MOCHILAS,https://regalospremium.cl/bolsos-y-mochilas-publicitarios/mochila-grey.html,,,,,false
Mochila Dallas,BOLSOS Y MOCHILAS,https://regalospremium.cl/bolsos-y-mochilas-publicitarios/mochila-dallas.html,,,,,false
Mochila Deep,BOLSOS Y MOCHILAS,https://regalospremium.cl/bolsos-y-mochilas-publicitarios/mochila-deep.html,,,,,false
Auriculares Bluetooth Andes,AUDIO,https://regalospremium.cl/audio-publicitario/auriculares-bluetooth-andes.html,,,,,false
Mochila City Urbana,BOLSOS Y MOCHILAS,https://regalospremium.cl/bolsos-y-mochilas-publicitarios/mochila-city-urbana.html,,,,,false
Mochila Advanced,BOLSOS Y MOCHILAS,https://regalospremium.cl/bolsos-y-mochilas-publicitarios/mochila-advanced.html,,,,,false
Mochila Aconcagua,BOLSOS Y MOCHILAS,https://regalospremium.cl/bolsos-y-mochilas-publicitarios/mochila-aconcagua.html,,,,,false
Mochila Chester,BOLSOS Y MOCHILAS,https://regalospremium.cl/bolsos-y-mochilas-publicitarios/mochila-chester.html,,,,,false
Bolso Voyage,BOLSOS Y MOCHILAS,https://regalospremium.cl/bolsos-y-mochilas-publicitarios/bolso-voyage.html,,,,,false
Mochila Spirit,BOLSOS Y MOCHILAS,https://regalospremium.cl/bolsos-y-mochilas-publicitarios/mochila-spirit.html,,,,,false
Bolso Picnic Chiloé,BOLSOS Y MOCHILAS,https://regalospremium.cl/bolsos-y-mochilas-publicitarios/bolso-picnic-chiloe.html,,,,,false
Carpeta con Cierre Vip,CARPETAS Y PORTAFOLIOS,https://regalospremium.cl/carpetas-y-portafolios-publicitarios/carpeta-con-cierre-vip.html,,,,,false
Mochila Ancud,BOLSOS Y MOCHILAS,https://regalospremium.cl/bolsos-y-mochilas-publicitarios/mochila-ancud.html,,,,,false
Mochila Chaitén,BOLSOS Y MOCHILAS,https://regalospremium.cl/bolsos-y-mochilas-publicitarios/mochila-chaiten.html,,,,,false
Mochila Caleta Tortel,BOLSOS Y MOCHILAS,https://regalospremium.cl/bolsos-y-mochilas-publicitarios/mochila-caleta-tortel.html,,,,,false
Carpeta Bussines,CARPETAS Y PORTAFOLIOS,https://regalospremium.cl/carpetas-y-portafolios-publicitarios/carpeta-bussines.html,,,,,false
Organizador Viaje Auto,ACCESORIOS AUTOMÓVIL,https://regalospremium.cl/regalos-publicitarios-para-automovil/organizador-viaje-auto.html,,,,,false
Mochila Urbana,BOLSOS Y MOCHILAS,https://regalospremium.cl/bolsos-y-mochilas-publicitarios/mochila-urbana.html,,,,,false
LLavero Metálico Love,Llaveros Promocionales,https://regalospremium.cl/llaveros-promocionales/llavero-metalico-love.html,Acero inoxidable,,Sublimación sobre rectángulo blanco,,false
Botella Palena,Botellas Metalicas,https://regalospremium.cl/botellas-metalicas-publicitarias/botella-palena.html,,,,,false
Parlante Bluetooth Surround,AUDIO,https://regalospremium.cl/audio-publicitario/parlante-bluetooth-surround.html,,,,,false
Auriculares Bluetooth Jackson,AUDIO,https://regalospremium.cl/audio-publicitario/auriculares-bluetooth-jackson.html,,,,,false
Tabla Para Cortar Bambucut,HERRAMIENTAS Y ASADO,https://regalospremium.cl/herramientas-y-asado/tabla-para-cortar-bambucut.html,,,,,true
Tabla Para Cortar Bamboo,HERRAMIENTAS Y ASADO,https://regalospremium.cl/herramientas-y-asado/tabla-para-cortar-bamboo-.html,,,,,true
Juego de Dominó,PASATIEMPOS,https://regalospremium.cl/regalos-publicitarios-ocio-y-pasatiempo/juego-de-domino.html,,,,,false
Auriculares Bluetooth Henry,AUDIO,https://regalospremium.cl/audio-publicitario/auriculares-bluetooth-henry.html,,,,,false
Juego de Habilidad Torre,TIEMPO LIBRE,https://regalospremium.cl/publicitarios-para-tiempo-libre/juego-de-habilidad-torre.html,,,,,false
Bandolera Cangoo,BOLSOS Y MOCHILAS,https://regalospremium.cl/bolsos-y-mochilas-publicitarios/bandolera-cangoo.html,,,,,false
Set de Asado Metal Box,HERRAMIENTAS Y ASADO,https://regalospremium.cl/herramientas-y-asado/set-de-asado-metal-box.html,,,,,false
Farol Isla,VIAJES Y VACACIONES,https://regalospremium.cl/regalos-publicitarios-para-viajes-y-vacaciones/farol-isla.html,,,,,false
Mug Ume,Mugs Metálicos,https://regalospremium.cl/mugs-metalicos-publicitarios/mug-ume.html,,,,,false
Set de Asado Dieciochero,HERRAMIENTAS Y ASADO,https://regalospremium.cl/herramientas-y-asado/set-de-asado-dieciochero.html,,,,,false
Mochila Porta Notebook,BOLSOS Y MOCHILAS,https://regalospremium.cl/bolsos-y-mochilas-publicitarios/mochila-porta-notebooks.html,"Poliéster 600D/PVC, 210D/PU",,"Bordado, Serigrafía",,false
Mochila Porta Notebook Double,BOLSOS Y MOCHILAS,https://regalospremium.cl/bolsos-y-mochilas-publicitarios/mochila-porta-notebook-double.html,"Poliéster 600D/PVC, 210D/PU",,"Bordado, Serigrafía",,false
Mochila Porta Notebook Elegant,BOLSOS Y MOCHILAS,https://regalospremium.cl/bolsos-y-mochilas-publicitarios/mochila-porta-notebook-elegant.html,"Poliéster 600D/PVC, 210D/PU",,"Bordado, Serigrafía",,false
Mochila Porta Notebook Planet,BOLSOS Y MOCHILAS,https://regalospremium.cl/bolsos-y-mochilas-publicitarios/mochila-porta-notebook-planet.html,"PONGEE-RPET bitono, eco-cuero 210D/PU, Poliéster 300D/PU",,"Bordado, Serigrafía",,true
Mochila Impermeable,BOLSOS Y MOCHILAS,https://regalospremium.cl/bolsos-y-mochilas-publicitarios/mochila-impermeable-.html,"Poliéster Memory 75D/PVC, PU 210D",,"Bordado, Serigrafía",,false
Mochila Porta Notebook IA,BOLSOS Y MOCHILAS,https://regalospremium.cl/bolsos-y-mochilas-publicitarios/mochila-porta-notebook-ia.html,Poliéster 600D/PU,,"Bordado, Serigrafía",,false
Mochila Porta Notebook Cloud,BOLSOS Y MOCHILAS,https://regalospremium.cl/bolsos-y-mochilas-publicitarios/mochila-porta-notebook-cloud.html,Poliéster 1680D/PVC,,"Bordado, Serigrafía",,false
Mochila Porta Notebook Reciclated,BOLSOS Y MOCHILAS,https://regalospremium.cl/bolsos-y-mochilas-publicitarios/mochila-porta-notebook-reciclated.html,"RPET, Poliéster 250D/PVC",,"Bordado, Serigrafía",,true
Mochila Porta Notebook Robots,BOLSOS Y MOCHILAS,https://regalospremium.cl/bolsos-y-mochilas-publicitarios/mochila-porta-notebook-robots.html,"Poliéster 600D/PVC bitono, PU 210D",,"Bordado, Serigrafía",,false
Mochila Porta Notebook,BOLSOS Y MOCHILAS,https://regalospremium.cl/bolsos-y-mochilas-publicitarios/mochila-porta-notebook-.html,"Poliéster 600D/PVC bitono, PU 210D",,"Bordado, Serigrafía",,false
Tazón Vidrio Empavonado Sublimación,Mugs Ceramicos - Plasticos,https://regalospremium.cl/mugs-ceramica-plastico-publicitarios/tazon-vidrio-empavonado-sublimacion.html,Vidrio,,Sublimación,,false
Tazón Cervecero de Vidrio para Sublimación,Mugs Ceramicos - Plasticos,https://regalospremium.cl/mugs-ceramica-plastico-publicitarios/tazon-cervecero-de-vidrio-para-sublimacion.html,Vidrio,,Sublimación,,false
Botella Térmica Verige,Botellas Metalicas,https://regalospremium.cl/botellas-metalicas-publicitarias/botella-termica-verige.html,,,,,true
Cooler Botella Geler,Inicio,https://regalospremium.cl/inicio/cooler-botella-geler.html,,,,,false
Botella Térmica Hidro II,Botellas Metalicas,https://regalospremium.cl/botellas-metalicas-publicitarias/botella-termica-hidro-ii.html,,,,,false
Botella Térmica Hidro,Botellas Metalicas,https://regalospremium.cl/botellas-metalicas-publicitarias/botella-termica-hidro.html,,,,,false
Adaptador Universal Eléctrico,VIAJES Y VACACIONES,https://regalospremium.cl/regalos-publicitarios-para-viajes-y-vacaciones/adaptador-universal-electrico-.html,,,,,false
Botella Tulum,Botellas Metalicas,https://regalospremium.cl/botellas-metalicas-publicitarias/botella-tulum.html,,,,,false
Cable de Carga Retráctil Conny,POWER BANK Y ACCESORIOS,https://regalospremium.cl/power-bank-y-accesorios/cable-de-carga-retractil-conny.html,,,,,true
Tazón Enlozado Negro,Mugs Metálicos,https://regalospremium.cl/mugs-metalicos-publicitarios/taza-cafe-sublimacion-160cc-orca-coatings.html,Cerámica,,"Serigrafía con horno, Calco y Sublimación",,false
Pimentero Eléctrico USB,HOGAR  GOURMET  SOMMELIER,https://regalospremium.cl/hogar-gourmet-sommelier/pimentero-electrico-usb.html,"Plástico ABS, Acero Inoxidable",,Serigrafía,,false
Set de Vino Eléctrico USB,HOGAR  GOURMET  SOMMELIER,https://regalospremium.cl/hogar-gourmet-sommelier/set-de-vino-electrico-usb.html,"Plástico ABS, Acero Inoxidable",,Serigrafía,,false
Sacacorcho Eléctrico,HOGAR  GOURMET  SOMMELIER,https://regalospremium.cl/hogar-gourmet-sommelier/sacacorcho-electrico.html,"Plástico ABS, Acero Inoxidable",,Serigrafía,,false
Tazón Plateado Sublimación,Mugs Ceramicos - Plasticos,https://regalospremium.cl/mugs-ceramica-plastico-publicitarios/tazon-plateado-sublimacion.html,Cerámica,,Sublimación,,false
Tazón Cerámico Fluorescente Sublimación,Mugs Ceramicos - Plasticos,https://regalospremium.cl/mugs-ceramica-plastico-publicitarios/tazon-ceramico-fluorescente-sublimacion.html,Cerámica,,Sublimación,,false
Botella Balada,Botellas Plasticas,https://regalospremium.cl/botellas-plasticas-publicitarias/botella-balada.html,,,,,false
Mug Térmico Garamond,Mugs Metálicos,https://regalospremium.cl/mugs-metalicos-publicitarios/mug-termico-garamond.html,,,,,false
Mug Camper,Mugs Metálicos,https://regalospremium.cl/mugs-metalicos-publicitarios/mug-camper.html,,,,,false
Bolígrafo Ecológico de Bamboo,BOLÍGRAFOS Y LÁPICES ECO,https://regalospremium.cl/boligrafos-y-lapices-eco-publicitarios/boligrafo-ecologico-de-bamboo.html,"Bamboo, plástico, aluminio cromado",,"Serigrafía, Grabado Láser",,true
Lápiz de Bamboo con Punta Tungsteno.,BOLÍGRAFOS Y LÁPICES ECO,https://regalospremium.cl/boligrafos-y-lapices-eco-publicitarios/lapiz-de-bamboo-con-punta-tungsteno.html,"Bamboo, Carburo de Tungsteno, plástico PP translúcido",,"Serigrafía, Grabado Láser",,true
Llavero Linterna LED,Llaveros funcionales,https://regalospremium.cl/llaveros-funcionales/llavero-led-linterna.html,Plástico ABS,,"Serigrafía, Pantografía",,false
Multiherramienta Ideal Tools,HERRAMIENTAS Y ASADO,https://regalospremium.cl/herramientas-y-asado/multiherramienta-ideal-tools.html,,,,,false
Gorra Triumph,GORROS Y JOCKEYS,https://regalospremium.cl/comprar-gorros-y-jockeys-publicitarios/gorra-triumph.html,,,,,false
Candado Para Bicicleta,Inicio,https://regalospremium.cl/inicio/candado-para-bicicleta.html,,,,,false
Maleta de Viaje con Ruedas Ejecutiva,VIAJES Y VACACIONES,https://regalospremium.cl/regalos-publicitarios-para-viajes-y-vacaciones/maleta-de-viaje-con-ruedas-ejecutiva.html,,,,,false
Bolso Deportivo Bept,DEPORTES,https://regalospremium.cl/regalos-publicitarios-para-deportes/bolso-deportivo-bept.html,,,,,false
Mochila Catania,BOLSOS Y MOCHILAS,https://regalospremium.cl/bolsos-y-mochilas-publicitarios/mochila-catania.html,,,,,false
Mochila Town II,BOLSOS Y MOCHILAS,https://regalospremium.cl/bolsos-y-mochilas-publicitarios/mochila-nonwoven-cordones-marinera.html,Non-Woven,,Serigrafía,,false
Parasol Plegable Para Auto,ACCESORIOS AUTOMÓVIL,https://regalospremium.cl/regalos-publicitarios-para-automovil/parasol-plegable-para-auto.html,,,,,false
Bolsa Térmica Alumi,COOLERS,https://regalospremium.cl/coolers-publicitarios/bolsa-termica-nonwoven-aluminio.html,"Non-Woven 80 g, espuma PE y aluminio",,Serigrafía,,true
Llavero de Bamboo Metal Tag,Llaveros Madera,https://regalospremium.cl/llaveros-madera/llavero-bambu-metal-regalo-corporativo.html,Bambú natural y metal,,Grabado en láser,,true
Set de Cubiertos Mealtime,HOGAR  GOURMET  SOMMELIER,https://regalospremium.cl/hogar-gourmet-sommelier/set-cubiertos-acero-inoxidable-estuche-canvas.html,Acero Inoxidable 420 y madera,,Serigrafía,,true
Memo Clip de Escritorio Bambstick,BAMBOO,https://regalospremium.cl/regalos-corporativos-bambu/memo-clip-bambu-escritorio.html,Bambú y metal,,"Grabado en láser, Impresión Digital",,true
Set de Herramientas Meissa,HERRAMIENTAS Y ASADO,https://regalospremium.cl/herramientas-y-asado/set-herramientas-estuche-cierre-11-piezas.html,Poliéster 600D Oxford,,Serigrafía,,false
Set de Herramientas Compact,HERRAMIENTAS Y ASADO,https://regalospremium.cl/herramientas-y-asado/set-herramientas-estuche-negro-24-piezas.html,,,Serigrafía,,false
Lámpara Led Pixie,ELECTRÓNICOS,https://regalospremium.cl/publicitarios-electronicos/lampara-led-pixie.html,,,,,false
Libreta Ecológica Tapa Dura,CUADERNOS - LIBRETAS - MEMO SET,https://regalospremium.cl/cuadernos-libretas-memo-set-publicitarios/libreta-ecologica-tapa-dura.html,,,,,true
Bolso Deportivo Workout,BOLSOS DE VIAJE,https://regalospremium.cl/bolsos-de-viaje-publicitarios/bolso-deportivo-34l-correa-ajustable.html,Poliéster 600D,,"Serigrafía, DTF (Transfer Digital)",,false
Bolígrafo Touch York,Bolígrafos Touch-Screen,https://regalospremium.cl/boligrafos-touch-screen/boligrafo-touch-york.html,,,,,false
Bolígrafo Metálico Lantana,Bolígrafos Metálicos y Ejecutivos,https://regalospremium.cl/boligrafos-metalicos-y-ejecutivos-publicitarios/boligrafo-metalico-touch-tinta-azul.html,Aluminio y plástico,,Grabado en láser,,false
Bolígrafo Galax,Bolígrafos Color Metalizado,https://regalospremium.cl/boligrafos-color-metalizado-publicitarios/boligrafo-metalico-electroplateado.html,Aluminio,,Serigrafía,,false
Bolígrafo de Bamboo Nagano,REGALOS ECOLÓGICOS PREMIUM,https://regalospremium.cl/regalos-ecologicos-premium/boligrafo-bambu-clip-metalico-tinta-negra.html,"Bambú, plástico y metal",,"Tampografía, Serigrafía, Grabado en láser, Impresión Digital",,true
Bolígrafo Metálico Angra,Bolígrafos Metálicos y Ejecutivos,https://regalospremium.cl/boligrafos-metalicos-y-ejecutivos-publicitarios/boligrafo-metalico-angra.html,Metal,,Grabado en láser,,false
Bolígrafo y Resaltador Study,Bolígrafos Funcionales y Destacadores,https://regalospremium.cl/boligrafos-funcionales-y-destacadores-publicitarios/boligrafo-resaltador-amarillo-tinta-negra.html,Plástico,,"Tampografía, Serigrafía, Grabado en láser",,false
Bolígrafo Metálico Gregor,Bolígrafos Metálicos y Ejecutivos,https://regalospremium.cl/boligrafos-metalicos-y-ejecutivos-publicitarios/boligrafo-metalico-grip-detalles-negros.html,"Metal, plástico, goma",,"Serigrafía, Grabado en láser, Grabado en pantógrafo, Impresión Digital, Tampografía",,false
Auriculares Bluetooth Dinan,AUDIO,https://regalospremium.cl/audio-publicitario/auriculares-bluetooth-control-tactil-estuche-cargador.html,Plástico ABS,,Serigrafía,,false
Parlante Bluetooth Clark,AUDIO,https://regalospremium.cl/audio-publicitario/parlante-bluetooth-5-compacto-multifuncion.html,Plástico ABS engomado + tela,,Serigrafía,,false
Parlante Bluetooth Portland,AUDIO,https://regalospremium.cl/audio-publicitario/parlante-bluetooth-ventosas-personalizable.html,Plástico,,"Serigrafía, Impresión Digital, Grabado en láser",,false
Cargador Inalámbrico Crux,POWER BANK Y ACCESORIOS,https://regalospremium.cl/power-bank-y-accesorios/cargador-inalambrico-5w-circular.html,Plástico,,"Tampografía, Serigrafía, Impresión Digital, Grabado en láser",,false
Cable Adaptador Felin,ACCESORIOS USB,https://regalospremium.cl/accesorios-usb-promocional/set-cables-adaptadores-sujetador.html,,,"Serigrafía, Impresión Digital",,false
Parlante Bluetooth Vegas,AUDIO,https://regalospremium.cl/audio-publicitario/parlante-bluetooth-metalico-portatil.html,metal,,"tampografía, serigrafía, impresión digital, grabado láser",,false
Llavero Terra,Llaveros Metalicos,https://regalospremium.cl/llaveros-metalicos/llavero-metalico-giratorio-caja-regalo.html,metal,,"serigrafía, grabado en láser",,false
Llavero Madera Lina,Llaveros Madera,https://regalospremium.cl/llaveros-madera/llavero-madera-rectangular-grabado-laser.html,madera,,grabado en láser,,false
Llavero Redondo de Madera,Llaveros Madera,https://regalospremium.cl/llaveros-madera/llavero-madera-redondo-grabado-laser.html,madera,,grabado en láser,,true
Necessaire Magnolia,BELLEZA Y SALUD,https://regalospremium.cl/publicitarios-belleza-y-salud/necessaire-poliester-personalizado.html,poliéster,,"serigrafía, DTF (transfer digital)",,false
Cinta Control Masa Corporal,BELLEZA Y SALUD,https://regalospremium.cl/publicitarios-belleza-y-salud/cinta-metrica-plastica-personalizada.html,plástico,,"serigrafía, DTF UV (transfer digital UV)",,false
Bolso Térmico Scape,COOLERS,https://regalospremium.cl/coolers-publicitarios/bolso-termico-16l-poliester-aluminio.html,Polyester 600D,,"serigrafía, DTF (transfer digital)",,false
Botella Térmica Tracy,Botellas Metalicas,https://regalospremium.cl/botellas-metalicas-publicitarias/botella-termica-500ml-acero-bambu.html,acero inoxidable (304 interior / 201 exterior),,"grabado láser (en botella), impresión digital (en bambú)",,true
Botella de Aluminio Armin,Botellas Metalicas,https://regalospremium.cl/botellas-metalicas-publicitarias/botella-aluminio-750ml-tapa-bambu.html,aluminio,,"grabado láser, impresión digital, serigrafía, impresión 360° digital",,true
Bolígrafo Bamboo Verywood,BOLÍGRAFOS Y LÁPICES ECO,https://regalospremium.cl/boligrafos-y-lapices-eco-publicitarios/boligrafo-bamboo-verywood.html,cuerpo de bambú / punta plástica de colores,,"tampografía, impresión digital, láser CO₂, grabado láser UV",,true
Botella Térmica Otawa I,Botellas Metalicas,https://regalospremium.cl/botellas-metalicas-publicitarias/botella-termica-750ml-negro-acero.html,acero inoxidable (304 interior / 201 exterior),,"grabado láser, tampografía, serigrafía",,false
"Botella Térmica  ""OTAWA II""",Botellas Metalicas,https://regalospremium.cl/botellas-metalicas-publicitarias/botella-termica-750ml-acero-negra.html,acero inoxidable (304 interior / 201 exterior),,"grabado láser, tampografía, serigrafía",,false
Botella Térmica KUPFER,Botellas Metalicas,https://regalospremium.cl/botellas-metalicas-publicitarias/botella-termica-acero-500ml-negro-mate.html,acero inoxidable (304 interior / 201 exterior),,"tampografía, serigrafía, grabado láser, pantógrafo, impresión digital y 360°",,false
Botella Acero Inoxidable Odolné,Mugs Metálicos,https://regalospremium.cl/mugs-metalicos-publicitarios/mug-acero-inoxidable-350ml-doble-pared.html,Acero inoxidable (304 interior / 201 exterior),,"serigrafía, grabado láser, pantógrafo, impresión 360° digital",,false
Botella de Aluminio ¨Chloe¨,Botellas Metalicas,https://regalospremium.cl/botellas-metalicas-publicitarias/botella-de-aluminio-chloe-.html,"Aluminio (botella), Acero (tapa)",,"grabado láser, serigrafía, impresión digital 360°",,false
Botella Plástico PET HAWAII - MAUI,Botellas Plasticas,https://regalospremium.cl/botellas-plasticas-publicitarias/botella-plastico-pet-hawaii-maui.html,"Plástico PET (cuerpo), Plástico (tapa)",,Serigrafía,,false
Botella Plástico PET Palena,Botellas Plasticas,https://regalospremium.cl/botellas-plasticas-publicitarias/botella-plastico-pet-palena.html,,,,,false
Botella Plástico PET Manquehue,Botellas Plasticas,https://regalospremium.cl/botellas-plasticas-publicitarias/botella-pet-550ml-tapa-rosca.html,Plástico PET,,Serigrafía,,false
Memo Folder Stick,ECO FRIENDLY,https://regalospremium.cl/productos-eco-friendly-publicitarios/set-adhesivo-ecologico-carton-banda-elastica.html,Cartón reciclado,,"Tampografía, Serigrafía, Impresión Digital",,true
Mug Acero Inoxidable Casablanca,Mugs Metálicos,https://regalospremium.cl/mugs-metalicos-publicitarios/mug-acero-inoxidable-350ml-tapa-rosca.html,"Acero inoxidable 304 (interior), Acero inoxidable 201 (exterior)",,Grabado en láser,,false
Set de Autoadhesivos Office,ECO FRIENDLY,https://regalospremium.cl/productos-eco-friendly-publicitarios/set-autoadhesivos-carton-ecologico.html,Cartón,,Serigrafía,,true
Botella Aluminio Sublimación Roy,Botellas Metalicas,https://regalospremium.cl/botellas-metalicas-publicitarias/botella-aluminio-400ml-tapa-gancho-sublimacion.html,Aluminio,,"Serigrafía, Impresión Digital, Grabado en láser, Impresión 360° Digital",,false
Botella ALuminio Rex,Botellas Metalicas,https://regalospremium.cl/botellas-metalicas-publicitarias/botella-aluminio-blanca-750ml-sublimacion.html,Aluminio,,"Grabado en láser, Sublimación, Impresión Digital, Impresión 360° Digital",,false
Bolígrafo Eco Touch Bamboo,BOLÍGRAFOS Y LÁPICES ECO,https://regalospremium.cl/boligrafos-y-lapices-eco-publicitarios/boligrafo-bambu-punta-touch.html,"Bambú, metal, plástico",,"Tampografía, Serigrafía, Impresión Digital, Grabado en láser, Grabado Láser UV",,true
Set de Sujeta Papeles,ESCRITORIO Y OFICINA,https://regalospremium.cl/regalos-publicitarios-para-negocios-y-empresas/set-sujeta-papeles-frasco-vidrio-tapa-metal.html,Vidrio y metal,,"Tampografía, Grabado en láser",,false
Set de Clips Cobre,ESCRITORIO Y OFICINA,https://regalospremium.cl/regalos-publicitarios-para-negocios-y-empresas/set-clips-frasco-vidrio-tapa-metal.html,Vidrio y metal,,"Tampografía, Grabado en láser",,false
Huincha de Medir Retráctil,HERRAMIENTAS Y ASADO,https://regalospremium.cl/herramientas-y-asado/huincha-metrica-1-5m-boton-bloqueo.html,Plástico,,"Serigrafía, Impresión Digital",,false
Bolígrafo Plástico Penny,Bolígrafos Cuerpo Color,https://regalospremium.cl/boligrafos-cuerpo-color-publicitarios/boligrafo-color-mate-tinta-azul.html,Plástico ABS,,"Serigrafía, Grabado en láser, Impresión Digital",,false
Bolígrafo Plástico Croma,Bolígrafos Cuerpo Blanco,https://regalospremium.cl/boligrafos-cuerpo-blanco-publicitarios/boligrafo-blanco-clip-color-tinta-negra.html,Plástico,,"Serigrafía, Grabado en láser, Impresión Digital",,false
Bolígrafo Plástico Color,Bolígrafos Cuerpo Color,https://regalospremium.cl/boligrafos-cuerpo-color-publicitarios/boligrafo-retractil-colores-reciclable.html,Plástico,,Amplia,,false
Bolígrafo de Aluminio Smoothie,Bolígrafos Metálicos y Ejecutivos,https://regalospremium.cl/boligrafos-metalicos-y-ejecutivos-publicitarios/boligrafo-metalico-engomado-tinta-negra.html,Aluminio,,GTIN (simulado):,,false
Bolígrafo Plástico Bilbo,Bolígrafos Cuerpo Blanco,https://regalospremium.cl/boligrafos-cuerpo-blanco-publicitarios/boligrafo-plastico-bilbo,Plástico,,"Serigrafía, grabado láser",,false
"Bolígrafo ""NANDO"" Tinta azul",Bolígrafos Cuerpo Color,https://regalospremium.cl/boligrafos-cuerpo-color-publicitarios/boligrafo-color-pulsador-tinta-azul.html,Plástico,,Serigrafía,,false
Bolígrafo Plástico Otto Tinta Azul,Bolígrafos Cuerpo Color,https://regalospremium.cl/boligrafos-cuerpo-color-publicitarios/boligrafo-color-tinta-azul-puntera-plateada.html,Plástico,,Serigrafía,,false
Bolígrafo Plástico Otto,BOLÍGRAFOS Y LÁPICES,https://regalospremium.cl/boligrafos-y-lapices-publicitarios/boligrafo-plastico-otto.html,Plástico,,"Serigrafía, Grabado en láser (solo en bolígrafo blanco)",,false
Bolígrafo Plástico BILBO,Bolígrafos Cuerpo Blanco,https://regalospremium.cl/boligrafos-cuerpo-blanco-publicitarios/boligrafo-blanco-clip-color-tinta-azul.html,Plástico,,"Tampografía, Serigrafía, Impresión Digital, Grabado en láser",,false
Bolígrafo Plástico Perso,Bolígrafos Cuerpo Color,https://regalospremium.cl/boligrafos-cuerpo-color-publicitarios/boligrafo-plastico-perso.html,Plástico,,"Tampografía, Serigrafía, Impresión Digital, Grabado en láser",,false
Bolígrafo Plástico Touch Josefa,Bolígrafos Touch-Screen,https://regalospremium.cl/boligrafos-touch-screen/boligrafo-touch-giratorio-tinta-azul.html,Plástico con detalles metálicos,,serigrafia,,false
"BOLÍGRAFO TOUCH ""TWIST""",Bolígrafos Touch-Screen,https://regalospremium.cl/boligrafos-touch-screen/boligrafo-touch-giratorio-metalizado.html,Plástico con detalles metálicos,,"Tampografía, Impresión Digital",,false
Bolígrafo Plástico Good,Bolígrafos Cuerpo Blanco,https://regalospremium.cl/boligrafos-cuerpo-blanco-publicitarios/boligrafo-blanco-mate-reciclable.html,Plástico,,"Serigrafía, Grabado en láser",,true
Bolígrafo Plástico Elfo,BOLÍGRAFOS Y LÁPICES,https://regalospremium.cl/boligrafos-y-lapices-publicitarios/boligrafo-plastico-reciclable-azul.html,Plástico,,Serigrafía,,false
Mochila Survivor,BOLSOS Y MOCHILAS,https://regalospremium.cl/bolsos-y-mochilas-publicitarios/mochila-outdoor-19l-multiproposito.html,Algodón y Poliéster,,"Serigrafía, Transfer",,false
Botella Térmica Liter,Botellas Metalicas,https://regalospremium.cl/botellas-metalicas-publicitarias/botella-deportiva-termica-1l-acero.html,Acero inoxidable 304 y 201,,"Serigrafía, Tampografía, Grabado en láser, Impresión 360° Digital*",,false
Botella Térmica Montana,Botellas Metalicas,https://regalospremium.cl/botellas-metalicas-publicitarias/botella-termica-montana.html,"Acero inoxidable 304 y 201, plástico PP, silicona",,"Grabado en láser, Impresión 360° Digital*",,false
Bolso Picnic Tranquera,BOLSOS Y MOCHILAS,https://regalospremium.cl/bolsos-y-mochilas-publicitarios/bolso-picnic-10l-cuero-pu.html,Poliéster con detalle cuero PU,,"Serigrafía, Transfer",,false
Soporte de Escritorio para Celular,ESCRITORIO Y OFICINA,https://regalospremium.cl/regalos-publicitarios-para-negocios-y-empresas/soporte-celular-plegable-ajustable-premium.html,Plástico ABS mate + EVA,,"Serigrafía, Grabado en láser, DTF UV*",,false
Llavero Pendrive 64GB de Cuero,Llaveros Cuero,https://regalospremium.cl/llaveros-cuero/pendrive-usb-64gb-eco-cuero-negro-premium.html,"Eco-cuero, Zinc Alloy, Aluminio",,"Serigrafía, Grabado Láser",,false
Pendrive 64GB de Cuero,MEMORIAS USB,https://regalospremium.cl/pendrive-publicitario/pendrive-usb-64gb-eco-cuero-premium.html,"Eco-cuero, Zinc Alloy, Aluminio",,"Serigrafía, Grabado Láser",,false
Bolígrafo Metálico Pendrive 32GB,Bolígrafos Metálicos y Ejecutivos,https://regalospremium.cl/boligrafos-metalicos-y-ejecutivos-publicitarios/boligrafo-usb-32gb-metalico-estuche-premium.html,Acero,,"Serigrafía, Grabado Láser",,false
Bolígrafo Puntero Láser Pendrive 64GB,Bolígrafos Metálicos y Ejecutivos,https://regalospremium.cl/boligrafos-metalicos-y-ejecutivos-publicitarios/boligrafo-usb-64gb-puntero-laser-premium.html,Acero,,"Serigrafía, Grabado Láser",,false
Botella Encobrizada con Filtro,Botellas Metalicas,https://regalospremium.cl/botellas-metalicas-publicitarias/botella-acero-encobrizada-600ml-con-filtro-premium.html,Acero inoxidable 304 SS,,Grabado Láser,,false
Mug metálico y bamboo AURUS,Mugs Ecológicos,https://regalospremium.cl/mugs-ecologicos-publicitarios/botella-pet-700ml-tapa-acero-translucida-premium.html,"Acero inoxidable 201 y 304, bambú, silicona ABS, plástico PS Crystal Clear",,"Serigrafía, Grabado Láser",,true
Botella PET tapa acero VIVID,Botellas Plasticas,https://regalospremium.cl/botellas-plasticas-publicitarias/botella-pet-700ml-tapa-acero-translucida-premium.html,"Plástico PET, Acero Inoxidable",,Serigrafía,,false
Botella PET tapa bamboo AINOA,Botellas Plasticas,https://regalospremium.cl/botellas-plasticas-publicitarias/mug-termico-600ml-tapa-antiderrame-premium.html,"Acero inoxidable 304 y 201, PET Crystal Clear, PP, silicona",,"Serigrafía, Grabado Láser",,false
"Bolígrafo ""DANKE"" Tinta azul",Bolígrafos Metálicos y Ejecutivos,https://regalospremium.cl/boligrafos-metalicos-y-ejecutivos-publicitarios/boligrafo-metalico-giratorio-caja-regalo-premium.html,"metal (aluminio, hierro con acabado brillante)",,"Serigrafía, Grabado Láser, Impresión Digital",,false
"Botella térmica ""ALLY"" acabado mate",Botellas Metalicas,https://regalospremium.cl/botellas-metalicas-publicitarias/botella-termica-ally-acabado-mate.html,"Acero inoxidable 304 (interior), 201 (exterior), PP (tapa)",,"Tampografía, Serigrafía, Grabado Láser",,false
"Botella térmica sublimable ""ALLY"" con tapa de seguridad",Botellas Metalicas,https://regalospremium.cl/botellas-metalicas-publicitarias/botella-termica-sublimable-ally-con-tapa-de-seguridad.html,"Acero inoxidable 304 (interior), 201 (exterior), PP (tapa)",,"Sublimación, Grabado Láser",,false
"Set de juegos múltiple ""JAVFAN""",TIEMPO LIBRE,https://regalospremium.cl/publicitarios-para-tiempo-libre/set-juegos-ajedrez-domino-backgammon-cartas-premium.html,"madera de pino y schima, papel plastificado, plástico",,"Tampografía, Serigrafía, Grabado Láser, Impresión Digital, Láser CO2",,false
"Bolígrafo ""VUMY""",BOLÍGRAFOS Y LÁPICES ECO,https://regalospremium.cl/boligrafos-y-lapices-eco-publicitarios/boligrafo-metalico-bambu-acabado-mate.html,"Aluminio, bambú, plástico",,Grabado Láser,,true
"Set de juegos ""PLAYER 2""",TIEMPO LIBRE,https://regalospremium.cl/publicitarios-para-tiempo-libre/set-entretenimiento-cartas-poker-dados-madera-kraft.html,"madera de pino, papel plastificado, madera de cerezo, polywood",,"Tampografía, Serigrafía, Grabado Láser, Impresión Digital, Láser CO2",,false
"Bolígrafo touch ""GLOSSY""",Bolígrafos Touch-Screen,https://regalospremium.cl/boligrafos-touch-screen/boligrafo-metalico-touch-aluminio-premium.html,Aluminio con detalles metálicos,,"Tampografía, Serigrafía, Grabado Láser",,false
Mug Térmico «BIG» 850cc,Mugs Metálicos,https://regalospremium.cl/mugs-metalicos-publicitarios/mug-termico-800cc-tapa-antiderrame-premium.html,"Acero inoxidable 304 y 201, PET Crystal Clear, PP, silicona",,serigrafía y grabado láser,,false
Mug Térmico «MID» 600cc  con doble pared aislante,Mugs Metálicos,https://regalospremium.cl/mugs-metalicos-publicitarios/mug-termico-mid-600cc-con-doble-pared-aislante.html,- Interior: acero inoxidable 304 SS,,"serigrafía, grabado láser",,false
Mochila-Cooler de Picnic 4 Personas,MOCHILAS,https://regalospremium.cl/mochilas/mochila-picnic-4-personas-accesorios-cooler.html,poliéster 600D + aislante PEVA,,serigrafía,,false
Libreta IBERICA con tapa kraft,CUADERNOS - LIBRETAS - MEMO SET,https://regalospremium.cl/cuadernos-libretas-memo-set-publicitarios/libreta-iberica-con-tapa-kraft.html,cartón y papel,,"tampografía, serigrafía, impresión digital",,false
Libreta ESCANDINAVA,CUADERNOS - LIBRETAS - MEMO SET,https://regalospremium.cl/cuadernos-libretas-memo-set-publicitarios/libreta-a5-tapa-simil-bambu-cierre-elastico.html,PU y papel,,"serigrafía, impresión digital",,true
Cargador Power Bank 5000mAh,POWER BANK Y ACCESORIOS,https://regalospremium.cl/power-bank-y-accesorios/powerbank-5000mah-blanco-usb-typec.html,plástico ABS,,serigrafía,,false
Cargador Power Bank metálico,POWER BANK Y ACCESORIOS,https://regalospremium.cl/power-bank-y-accesorios/powerbank-metalico-2200mah-usb-caja-negra.html,acero inoxidable,,"serigrafía, grabado láser",,false
USB Pendrive 64GB con forma de llave,MEMORIAS USB,https://regalospremium.cl/pendrive-publicitario/usb-pen-drive-64gb-llave-metalica.html,aluminio,,"serigrafía, láser, pantógrafo",,false
Mug térmico doble pared 350cc,Mugs Metálicos,https://regalospremium.cl/mugs-metalicos-publicitarios/mug-termico-doble-pared-350cc.html,,,,,false
"Necessaire de Viaje ""RUTA""",COOLERS,https://regalospremium.cl/coolers-publicitarios/necessaire-viaje-ruta.html,,,Serigrafía y Bordado,,false
"Porta-Documentos y Celular de Eco-cuero ""TREVOR""",BOLSOS Y MOCHILAS,https://regalospremium.cl/bolsos-y-mochilas-publicitarios/bolso-ejecutivo-eco-cuero-trevor.html,"Eco-cuero color café, elegante y resistente",,,,false
"Maletín ejecutivo porta-notebook de Eco-cuero ""BRONSON""",MALETINES Y FUNDAS,https://regalospremium.cl/maletines-y-fundas/maletin-ejecutivo-eco-cuero-bronson.html,Eco-cuero,,"Serigrafía, Grabado láser",,false
Billetera de Cuero,BILLETERAS Y PORTA - DOCUMENTOS,https://regalospremium.cl/billeteras-y-porta-documentos/billetera-cuero-natural-8-compartimentos.html,Cuero natural,,"Serigrafía, Cuño seco",,false
Deluxe Billetera de Cuero,BILLETERAS Y PORTA - DOCUMENTOS,https://regalospremium.cl/billeteras-y-porta-documentos/billetera-deluxe-cuero-negro.html,Cuero natural,,"Serigrafía, Cuño seco",,false
Billetera de Cuero De Lujo,BILLETERAS Y PORTA - DOCUMENTOS,https://regalospremium.cl/billeteras-y-porta-documentos/billetera-deluxe-cuero-marron-broche.html,Cuero natural,,"Serigrafía, Cuño seco",,false
Billetera de Eco-Cuero «GEORGIA»,BILLETERAS Y PORTA - DOCUMENTOS,https://regalospremium.cl/billeteras-y-porta-documentos/billetera-eco-cuero-georgia.html,Eco-cuero,,"Serigrafía, Cuño seco, Grabado láser",,false
"Billetera vertical de Eco-Cuero ""LAM""",BILLETERAS Y PORTA - DOCUMENTOS,https://regalospremium.cl/billeteras-y-porta-documentos/billetera-eco-cuero-lam.html,Eco-cuero,,"Serigrafía, Grabado láser",,false
Llavero-Linterna LED cuerpo Bamboo,LINTERNAS LED,https://regalospremium.cl/linternas-led-publicitaria/llavero-linterna-led-bamboo.html,"Bamboo, plástico ABS, aluminio",,"Serigrafía, Grabado láser",,true
"Bolígrafo ecológico de Bamboo ""EVA""",BOLÍGRAFOS Y LÁPICES ECO,https://regalospremium.cl/boligrafos-y-lapices-eco-publicitarios/boligrafo-ecologico-bamboo-eva.html,"Bamboo, goma EVA, aluminio",,"Serigrafía, Grabado láser",,true
"Trofeo de Madera y Cristal ""Silver Star""",MEDALLAS - TROFEOS - GALVANOS,https://regalospremium.cl/medallas-trofeos-galvanos/trofeo-silver-star-madera-cristal-acero.html,"Madera, Cristal, Acero inoxidable",,"Grabado láser, Serigrafía",,false
"Trofeo de Madera y Cristal ""Lonely Star""",MEDALLAS - TROFEOS - GALVANOS,https://regalospremium.cl/medallas-trofeos-galvanos/trofeo-lonely-star-madera-cristal.html,"Madera barnizada, Cristal",,"Grabado láser, Serigrafía",,false
"Trofeo de Cristal Negro ""Azabache""",MEDALLAS - TROFEOS - GALVANOS,https://regalospremium.cl/medallas-trofeos-galvanos/trofeo-cristal-negro-azabache.html,Cristal,,"Grabado láser, Serigrafía",,false
USB Pendrive giro 64GB de Bamboo,MEMORIAS USB,https://regalospremium.cl/pendrive-publicitario/pendrive-usb-bamboo-64gb-estuche.html,"Bamboo barnizado, EVA",,"Serigrafía, Grabado láser",,false
"Mug Térmico ""DRIVEN"" 500cc",Botellas Metalicas,https://regalospremium.cl/botellas-metalicas-publicitarias/mug-termico-driven-500ml-doble-pared.html,"Acero inoxidable 304 SS (interior), 201 SS (exterior), Plástico PP, silicona, base ABS antideslizante",,"Serigrafía, Grabado láser",,false
"Botella metálica ""AGLU"" 650cc",Botellas Metalicas,https://regalospremium.cl/botellas-metalicas-publicitarias/botella-aglu-aluminio-650ml-bpa-free.html,"Aluminio, Plástico PP",,"Serigrafía, Grabado láser",,false
Botella Deportiva de Aluminio 420cc,Botellas Metalicas,https://regalospremium.cl/botellas-metalicas-publicitarias/botella-aluminio-420ml-bpa-free.html,Aluminio,,"Serigrafía, Grabado láser",,false
Cuaderno Tapa Dura Encobrizada,CUADERNOS - LIBRETAS - MEMO SET,https://regalospremium.cl/cuadernos-libretas-memo-set-publicitarios/cuaderno-a5-pu-cobre-hojas-amarillas.html,"PU, cartón piedra, papel",,Serigrafía,,false
"Medalla Cristal ""Diamond"" con cinta tricolor",MEDALLAS  TROFEOS  GALVANOS,https://regalospremium.cl/medallas-trofeos-galvanos-publicitarios/medalla-cristal-diamond-lanyard-tricolor.html,cristal transparente y poliéster,,"grabado láser, serigrafía",,false
Cargador Power-Bank 13000mAh,POWER BANK Y ACCESORIOS,https://regalospremium.cl/power-bank-y-accesorios/powerbank-usb-13000mah-linterna-led-cables.html,plástico ABS,,serigrafía,,false
Cuaderno Gris cierre imantado,CUADERNOS - LIBRETAS - MEMO SET,https://regalospremium.cl/cuadernos-libretas-memo-set-publicitarios/cuaderno-a5-pu-cierre-imantado-porta-boligrafo.html,"PU (poliuretano), papel",,serigrafía,,false
"BOTELLA TÉRMICA ""INOX""",Botellas Metalicas,https://regalospremium.cl/botellas-metalicas-publicitarias/botella-termica-acero-500ml-doble-pared.html,acero inoxidable interior 304 / exterior 201,,"grabado láser, impresión digital 360°",,false
"Power Bank ""BAMBPOWER 2""",POWER BANK Y ACCESORIOS,https://regalospremium.cl/power-bank-y-accesorios/powerbank-bamboo-10000mah-usb-tipo-c.html,bamboo natural,,"serigrafía, grabado láser, impresión digital",,true
"Parlante Altavoz Bluetooth de Bamboo ""WAVE""",AUDIO,https://regalospremium.cl/audio-publicitario/mini-parlante-bamboo-bluetooth-usb-tf.html,plástico ABS + bamboo,,"serigrafía, grabado láser",,false
"Parlante Altavoz grande de Bamboo ""GREAT""",AUDIO,https://regalospremium.cl/audio-publicitario/parlante-bamboo-luces-led-bluetooth-caja-negra.html,"bambú, acero inoxidable, silicona",,"serigrafía, grabado láser",,true
Parlante Altavoz de caña de trigo «LIFE»,AUDIO,https://regalospremium.cl/audio-publicitario/parlante-bluetooth-hexagon-led,Plástico ABS con revestimiento metálico,,Serigrafía,,false
"Parlante Altavoz Bluetooth ""HEXAGON""",AUDIO,https://regalospremium.cl/audio-publicitario/parlante-bluetooth-c84-led-multifuncion.html,Plástico ABS con revestimiento metálico,,Serigrafía,,false
Parlante Altavoz Bluetooth colgante «HANG»,AUDIO,https://regalospremium.cl/audio-publicitario/parlante-bluetooth-c85-multifuncion-con-fm-aux.html,"Plástico ABS engomado, tela, silicona",,Serigrafía,,false
"Mug térmico ""MAGNO""",Botellas Metalicas,https://regalospremium.cl/botellas-metalicas-publicitarias/mug-termico-880ml-y-sorbete-doble-pared.html,"Acero inoxidable 304 y 201, polipropileno (PP), silicona, plástico transparente",,"Serigrafía, grabado láser, DTF UV (Transfer Digital UV)",,false
"Mug ""MEGA""",ESCRITORIO Y OFICINA,https://regalospremium.cl/regalos-publicitarios-para-negocios-y-empresas/botella-termica-500ml-y-doble-pared-acero.html,"Acero inoxidable 304 (interior), acero inoxidable 201 (exterior), polipropileno, silicona",,"Grabado láser, impresión digital, impresión digital 360°",,false
"Botella térmica ""CHOKER""",Botellas Metalicas,https://regalospremium.cl/botellas-metalicas-publicitarias/botella-termica-500ml-doble-pared-acero.html,"Acero inoxidable 304 (interior), acero inoxidable 201 (exterior), polipropileno, silicona",,"Grabado láser, impresión digital, impresión digital 360°",,false
Mug Térmico «Giant» 1.2 Lts.,Botellas Metalicas,https://regalospremium.cl/botellas-metalicas-publicitarias/mug-termico-giant-1200cc-con-bombilla.html,"Acero inoxidable 304 SS, acero inoxidable 201 SS, plástico PET Crystal Clear, polipropileno (PP), silicona",,"Serigrafía, grabado láser",,false
Mug metálico encobrizado 600c cc.,Mugs Metálicos,https://regalospremium.cl/mugs-metalicos-publicitarios/mug-metalico-cobre-600ml-doble-pared.html,"Acero inoxidable 201 SS, plástico PP, plástico PS Crystal Clear, silicona ABS antideslizante",,"Serigrafía, grabado láser",,false
Cuaderno de PU-eco-cuero con cierre imantado «ENVELOPE»,CUADERNOS - LIBRETAS - MEMO SET,https://regalospremium.cl/cuadernos-libretas-memo-set-publicitarios/cuaderno-a5-envelope-eco-cuero-cierre-dorado.html,"Cartón forrado, PU eco-cuero, papel",,"Serigrafía, cuño seco, grabado láser",,false
Cuaderno Termo-PU con cierre imantado «KEVIN»,CUADERNOS - LIBRETAS - MEMO SET,https://regalospremium.cl/cuadernos-libretas-memo-set-publicitarios/cuaderno-a5-kevin-termo-pu-cierre-imantado.html,"Cartón forrado, Termo-PU, papel",,"Serigrafía, grabado láser",,false
Cuaderno de PU eco-cuero A5,CUADERNOS - LIBRETAS - MEMO SET,https://regalospremium.cl/cuadernos-libretas-memo-set-publicitarios/cuaderno-a5-eco-cuero-hojas-lineadas.html,"PU eco-cuero, papel",,"Serigrafía, cuño seco, grabado láser",,false
Cuaderno de PU eco-cuero A6,CUADERNOS - LIBRETAS - MEMO SET,https://regalospremium.cl/cuadernos-libretas-memo-set-publicitarios/libreta-a6-eco-cuero-hojas-lineadas.html,"PU eco-cuero, papel",,"Serigrafía, cuño seco, grabado láser",,false
Cuaderno matemáticas tapa dura plateada,CUADERNOS - LIBRETAS - MEMO SET,https://regalospremium.cl/cuadernos-libretas-memo-set-publicitarios/cuaderno-a5-anillado-metalico-hojas-cuadriculadas.html,"Cartón forrado, papel",,Serigrafía,,false
Cuaderno Antiguo A5,CUADERNOS - LIBRETAS - MEMO SET,https://regalospremium.cl/cuadernos-libretas-memo-set-publicitarios/cuaderno-a5-old-tapa-envejecida-cierre-imantado.html,"Cartón, papel",,"Serigrafía Polydine, cama plana, grabado láser",,false
Carpeta con Libreta de Apuntes Premium,CUADERNOS - LIBRETAS - MEMO SET,https://regalospremium.cl/cuadernos-libretas-memo-set-publicitarios/libreta-ejecutiva-carpeta-pu-caja-premium.html,"Cartón, PU, papel",,"Serigrafía, cama plana",,false
"Set de Escritura con Carpeta y Pizarra ""PHILLIP""",CUADERNOS - LIBRETAS - MEMO SET,https://regalospremium.cl/cuadernos-libretas-memo-set-publicitarios/set-escritura-phillip-a4-pizarra.html,"cartón forrado, Termo-PU, papel, polietileno",,"serigrafía, grabado láser",,false
USB Pendrive giro metálico 16GB,MEMORIAS USB,https://regalospremium.cl/pendrive-publicitario/pendrive-usb-16gb-metal-estuche.html,"acero inoxidable, polietileno (PE), PVC",,"serigrafía, grabado láser",,false
"Set de vino y Tabla para quesos ""WINCHESTER""",HOGAR  GOURMET  SOMMELIER,https://regalospremium.cl/hogar-gourmet-sommelier/set-vino-quesos-bambu-acero.html,"bambú, acero inoxidable, madera de caucho, zinc, non woven",,"tampografía, serigrafía, grabado en láser, impresión digital, grabado láser UV",,true
"Set de Asado / BBQ ""BRANGUS""",HERRAMIENTAS Y ASADO,https://regalospremium.cl/herramientas-y-asado/set-asado-tabla-cuchillo-tenedor.html,"madera de acacia, acero inoxidable 420, acero de carbono",,grabado en láser,,false
Cargador Power-Bank 20.000 mAh,POWER BANK Y ACCESORIOS,https://regalospremium.cl/power-bank-y-accesorios/power-bank-20000mah-pantalla-negro.html,plástico ABS y policarbonato (PC),,serigrafía,,false
Cargador Power-Bank 10.000 mAh,POWER BANK Y ACCESORIOS,https://regalospremium.cl/power-bank-y-accesorios/powerbank-usb-pantalla-10000mah-promocional.html,plástico ABS y policarbonato (PC),,serigrafía,,false
Audífonos Auriculares inalámbricos «COPPER» 5.3,AUDIO,https://regalospremium.cl/audio-publicitario/audifonos-bluetooth-tapametalica-ecologicos.html,"plástico ABS, silicona y acero inoxidable",,serigrafía y grabado láser en la tapa,,true
"Mochila ""GAMA""",MOCHILAS,https://regalospremium.cl/mochilas/mochila-urbana-bitono-poliester-corporativa.html,Poliéster 600D,,"Serigrafía, Transfer, Bordado y DTF Textil",50 unidades,false
"Cargador inalámbrico ""DISCO""",POWER BANK Y ACCESORIOS,https://regalospremium.cl/power-bank-y-accesorios/cargador-inalambrico-led-usbc.html,plástico ABS,,"tampografía, serigrafía, grabado en láser",,false
"Set de vasos tequileros ""TOC TOC""",TIEMPO LIBRE,https://regalospremium.cl/publicitarios-para-tiempo-libre/set-vasos-tequileros-bandeja-bambu.html,vidrio y bambú,,"serigrafía, grabado en láser",,true
"Libreta ""MEDIANA""",CUADERNOS - LIBRETAS - MEMO SET,https://regalospremium.cl/cuadernos-libretas-memo-set-publicitarios/libreta-tapa-color-cinta-elastica.html,"papel, cartón, poliuretano",,"tampografía, serigrafía, impresión digital",,false
"Mug térmico ""CAPOF""",Botellas Metalicas,https://regalospremium.cl/botellas-metalicas-publicitarias/mug-termico-portatil-con-correa.html,acero inoxidable y polipropileno,,"tampografía, serigrafía, grabado en láser, impresión 360° digital",,false
"Mug térmico ""TORCH""",Mugs Metálicos,https://regalospremium.cl/mugs-metalicos-publicitarios/mug-termico-doble-pared-vacuum.html,acero inoxidable y plástico PS,,"tampografía, serigrafía, grabado en láser, impresión 360° digital, DTF UV",,false
"Linterna portátil recargable ""CANOPUS""",POWER BANK Y ACCESORIOS,https://regalospremium.cl/power-bank-y-accesorios/linterna-portatil-recargable-canopus.html,ABS,,serigrafia,,false
CARGADOR ¨KINGWI¨,TECNOLÓGICOS,https://regalospremium.cl/regalos-promocionales-tecnologicos/cargador-inalambrico-usb-rapido-promocional-personalizado.html,Plástico ABS,,,,false
"LINTERNA ""Hand light""",LINTERNAS LED,https://regalospremium.cl/linternas-led-publicitaria/linterna-led-manija-activadora.html,plástico ABS,,"tampografía, serigrafía, DTF UV (transfer digital UV)",,false
"llavero destapador ""OPENER""",Llaveros funcionales,https://regalospremium.cl/llaveros-funcionales/llavero-destapador-correa-negra.html,aluminio y poliéster,,"serigrafía, grabado en láser",,false
"Botella plegable ""KALAP""",Mugs Ceramicos - Plasticos,https://regalospremium.cl/mugs-ceramica-plastico-publicitarios/botella-plegable-silicona-mosqueton.html,"silicona, acero inoxidable, polipropileno",,grabado en láser,,false
"Bolsa de algodón ""COTI FORT""",BOLSAS DE ALGODÓN,https://regalospremium.cl/bolsas-de-algodon-publicitarias/bolsa-de-algodon-reutilizable-fuelle-personalizada.html,100% Algodón,,"Serigrafía, Transfer, Bordado y DTF Textil",50 unidades,true
"Bolígrafo ""SWITCH"" tinta azul",Bolígrafos Color Metalizado,https://regalospremium.cl/boligrafos-color-metalizado-publicitarios/boligrafo-aluminio-mate-retractil-cromado.html,"Aluminio, plástico ABS y acero",,serigrafia o grabado láser,,false
"Mug sublimable ""SORI""",Mugs Metálicos,https://regalospremium.cl/mugs-metalicos-publicitarios/mug-doble-pared-500ml-tapa-silicona.html,Polipropileno y acero inoxidable 201,,serigrafía o grabado láser,,false
"Bolígrafo ""TOP ROSE""",Bolígrafos Metálicos y Ejecutivos,https://regalospremium.cl/boligrafos-metalicos-y-ejecutivos-publicitarios/boligrafo-metalico-negro-gold-rose-caja.html,Metal,,serigrafía o grabado láser,,false
Bolsa de compras compactable en tela RPET,ECO FRIENDLY,https://regalospremium.cl/productos-eco-friendly-publicitarios/bolsa-ecologica-rpet-compactable-bolsillo.html,RPET (plástico reciclado),,"bordado, serigrafía o sublimación",,true
Libreta Termo-PU modelo «SOFT»,CUADERNOS - LIBRETAS - MEMO SET,https://regalospremium.cl/cuadernos-libretas-memo-set-publicitarios/libreta-deluxe-soft-a6-termo-pu-punteada.html,Termo-PU y papel FSC IVORY PAPER,,serigrafía o grabado láser,,false
"Cuaderno Termo-PU modelo ""SOFT""",CUADERNOS - LIBRETAS - MEMO SET,https://regalospremium.cl/cuadernos-libretas-memo-set-publicitarios/cuaderno-ecologico-compost-reciclado-boligrafo.html,Cartón reciclado,,serigrafía o grabado láser,,true
"Mini-Mochila Cruzada ""TRANSIT"" 2L",MOCHILAS,https://regalospremium.cl/mochilas/mini-mochila-cruzada-personalizada-transit.html,Poliéster 600D/PVC,,,,false
"Bolígrafo aluminio reciclado y bambú ""BALU""",Bolígrafos Color Metalizado,https://regalospremium.cl/boligrafos-color-metalizado-publicitarios/boligrafo-aluminio-reciclado-y-bambu-balu.html,"Aluminio reciclado, plástico RPET y bambú",,"Tampografía, Serigrafía, Grabado en láser",,true
Vaso Térmico metálico «MATE» 300ml. con Bombilla,Botellas Metalicas,https://regalospremium.cl/botellas-metalicas-publicitarias/vaso-termico-metalico-mate-300ml-con-bombilla.html,"Acero inoxidable 304 SS (interior), 201 SS (exterior), PP",,Grabado Láser,,false
Abanico plástico «FRESH AIR» full color,VERANO,https://regalospremium.cl/regalos-publicitarios-de-verano/abanico-plastico-fresh-air-full-color.html,Polipropileno (PP),,Impresión full color,,false
"Bolso térmico ""PEBAG""",COOLERS,https://regalospremium.cl/coolers-publicitarios/bolso-termico-pebag.html,,,"serigrafía, transfer, bordado y DTF",,false
"Power bank ""OSLO""",POWER BANK Y ACCESORIOS,https://regalospremium.cl/power-bank-y-accesorios/power-bank-oslo.html,Plástico ABS,,"tampografía, serigrafía, impresión digital, DTF UV",,false
"Set de juegos ""POKADA""",PASATIEMPOS,https://regalospremium.cl/regalos-publicitarios-ocio-y-pasatiempo/set-entretenimiento-bambu-premium.html,"Bambú, EVA, metal, madera y papel plastificado",,"tampografía, serigrafía, grabado láser, impresión digital",,true
"Set de vino ""VINICIUS""",HOGAR  GOURMET  SOMMELIER,https://regalospremium.cl/hogar-gourmet-sommelier/set-de-vino-vinicius.html,"Bambú, EVA, metal, madera y papel plastificado",,"serigrafía, grabado láser, impresión digital",,true
"Gorra ""TRAC""",GORROS Y JOCKEYS,https://regalospremium.cl/comprar-gorros-y-jockeys-publicitarios/gorra-premium-paneles-malla.html,Algodón y poliéster,,"serigrafía, transfer, bordado, DTF",,false
"Gorra ""CIMA""",GORROS Y JOCKEYS,https://regalospremium.cl/comprar-gorros-y-jockeys-publicitarios/gorra-cubre-cuello-premium.html,Microfibra y poliéster,,"serigrafía, transfer, bordado, DTF",,false
"Gorro ""PILU""",GORROS Y JOCKEYS,https://regalospremium.cl/comprar-gorros-y-jockeys-publicitarios/gorro-pescador-premium.html,100% algodón liviano y poliéster,,"serigrafía, transfer, bordado, DTF",,false
"Gorra ""PENTA""",VERANO,https://regalospremium.cl/regalos-publicitarios-de-verano/gorra-5-paneles-premium.html,100% poliéster,,"serigrafía, transfer, bordado, DTF",,false
Placa Galvano encobrizado «STUDIO»,MEDALLAS  TROFEOS  GALVANOS,https://regalospremium.cl/medallas-trofeos-galvanos-publicitarios/placa-galvano-encobrizado-studio-.html,,,"Grabado Láser, Serigrafía, DTF",,false
Trofeo Galvano de Madera y Cristal «Lido»,MEDALLAS  TROFEOS  GALVANOS,https://regalospremium.cl/medallas-trofeos-galvanos-publicitarios/trofeo-galvano-de-madera-y-cristal-lido.html,Madera y cristal,,"Grabado Láser, Serigrafía",,false
Trofeo Galvano de Madera y Cristal «Wave»,MEDALLAS  TROFEOS  GALVANOS,https://regalospremium.cl/medallas-trofeos-galvanos-publicitarios/trofeo-galvano-de-madera-y-cristal-wave.html,Madera y cristal,,"Grabado Láser, Serigrafía",,false
Trofeo Galvano de Madera y Cristal «Sail»,MEDALLAS  TROFEOS  GALVANOS,https://regalospremium.cl/medallas-trofeos-galvanos-publicitarios/trofeo-sail-madera-cristal.html,Madera y cristal,,"grabado láser, serigrafía",,false
"Trofeo de Acero Encobrizado y Cristal ""Ladder""",MEDALLAS  TROFEOS  GALVANOS,https://regalospremium.cl/medallas-trofeos-galvanos-publicitarios/galvano-ladder-cristal-cobre.html,Cristal y acero inoxidable,,"Grabado Láser, Serigrafía",,false
Bloque Trofeo de Acero y Madera «LUKAS»,MEDALLAS  TROFEOS  GALVANOS,https://regalospremium.cl/medallas-trofeos-galvanos-publicitarios/galvano-lukas-madera-acero.html,Madera y acero inoxidable,,"Grabado Láser, Serigrafía",,false
Pulsera plástica de PVC,LANYARDS E IDENTIFICACIÓN,https://regalospremium.cl/lanyards-e-identificacion-empresa/pulsera-plastica-de-pvc.html,PVC,,Serigrafía,,false
Bolígrafo MINDO con Regla y Destornilladores,LINEA ECOLOGICA GREEN,https://regalospremium.cl/the-green-life/boligrafo-multifuncion-mindo-bambu-fsc.html,Bambú,,,,true
Bolígrafo 2 en 1 SINTRA,LINEA ECOLOGICA GREEN,https://regalospremium.cl/the-green-life/lapiz-inkless-sintra-bambu-carton-reciclado.html,Bambú y cartón reciclado,,,,true
Lápiz grafito UBUD con goma de borrar,LINEA ECOLOGICA GREEN,https://regalospremium.cl/the-green-life/lapiz-inkless-ubud-envase-reciclado.html,Envase de leche reciclado,,,,true
Bolígrafo retráctil BOMBAY,LINEA ECOLOGICA GREEN,https://regalospremium.cl/the-green-life/boligrafo-ecologico-bombay.html,"Bambú, Fibra de Trigo",,"Grabado Láser, Serigrafía",,true
Bolígrafo retráctil CAUCA,LINEA ECOLOGICA GREEN,https://regalospremium.cl/the-green-life/boligrafo-ecologico-cauca-fibra-cafe.html,Fibra de Café,,,,true
Bolígrafo de Aluminio ZERMATT,LINEA ECOLOGICA GREEN,https://regalospremium.cl/the-green-life/boligrafo-de-aluminio-zermatt-.html,"Aluminio, Corcho",,,,true
Bolígrafo TANGSHAN,LINEA ECOLOGICA GREEN,https://regalospremium.cl/the-green-life/boligrafo-tangshan-acero-inoxidable-funda-rpet.html,"Acero inoxidable, RPET",,,,true
Bolígrafo ARUSHA,LINEA ECOLOGICA GREEN,https://regalospremium.cl/the-green-life/boligrafo-arusha-acero-corcho-natural.html,"Acero inoxidable, Corcho",,,,true
Bolígrafo de acero JODHPUR,LINEA ECOLOGICA GREEN,https://regalospremium.cl/the-green-life/boligrafo-de-acero-jodhpur.html,"Acero inoxidable, Cuero reciclado",,,,true
Cuaderno A5 GIVERNY,LINEA ECOLOGICA GREEN,https://regalospremium.cl/the-green-life/boligrafo-jodhpur-cuero-reciclado.html,"Acero inoxidable, Cuero reciclado",,,,true
Cuaderno A5 IBIZA,LINEA ECOLOGICA GREEN,https://regalospremium.cl/the-green-life/cuaderno-a5-ibiza.html,"Cuero reciclado, PU",,"Cama Plana, Grabado Láser",,true
Cuaderno A5 TAHITI,LINEA ECOLOGICA GREEN,https://regalospremium.cl/the-green-life/cuaderno-a5-tahiti.html,"Cuero reciclado, PU",,"Cama Plana, Grabado Láser",,true
Cuaderno A5 OSORNO,LINEA ECOLOGICA GREEN,https://regalospremium.cl/the-green-life/cuaderno-a5-osorno.html,Cartón lácteo reciclado,,"Cama Plana, Grabado Láser, Serigrafía",,true
Libreta YOSEMITE,LINEA ECOLOGICA GREEN,https://regalospremium.cl/the-green-life/libreta-yosemite.html,Papel Piedra,,Serigrafía,,true
Cuaderno A5 YELLOWSTONE,LINEA ECOLOGICA GREEN,https://regalospremium.cl/the-green-life/cuaderno-a5-yellowstone-papel-piedra.html,Papel Piedra,,,,true
Cuaderno A5 BOSTON,LINEA ECOLOGICA GREEN,https://regalospremium.cl/the-green-life/cuaderno-a5-boston.html,PU reciclado,,,,true
Cuaderno A5 HONOLULU,LINEA ECOLOGICA GREEN,https://regalospremium.cl/the-green-life/cuaderno-a5-honolulu.html,Fibra vegetal,,,,true
Cuaderno BARÚ,LINEA ECOLOGICA GREEN,https://regalospremium.cl/the-green-life/cuaderno-baru.html,Fibra de trigo,,"Grabado Láser, Serigrafía",,true
Cuaderno A5 ALCÁNTARA,LINEA ECOLOGICA GREEN,https://regalospremium.cl/the-green-life/cuaderno-a5-alcantara.html,Corcho natural,,,,true
Cuaderno NIZA,LINEA ECOLOGICA GREEN,https://regalospremium.cl/the-green-life/cuaderno-a5-niza-fibra-de-cafe.html,Fibra de café,,,,true
Set libreta BALEARES,LINEA ECOLOGICA GREEN,https://regalospremium.cl/the-green-life/set-baleares-carton-lacteo-reciclado.html,Cartón lácteo reciclado,,,,true
Set de Escritura de Bamboo,BAMBOO,https://regalospremium.cl/regalos-corporativos-bambu/set-de-escritura-de-bamboo.html,Bambú y metal dorado,,"Serigrafía, Grabado Láser, Cama Plana (Impresión Digital)",,true
"Pendrive giro OTG USB 3.0 / Type C, 64GB",CELULAR Y TABLET,https://regalospremium.cl/promocionales-para-celular/pendrive-otg-64gb-usb-3-0-type-c-metalico-estuche-premium.html,"Acero inoxidable, aluminio, silicona y espuma",,"Pantógrafo, Grabado láser",,false
Set Petaca + Vasitos «OXFORD»,VERANO,https://regalospremium.cl/regalos-publicitarios-de-verano/set-petaca-licorera-oxford-8oz-eco-cuero-vasos-embudo.html,"Acero inoxidable SS304, eco-cuero, cartón forrado y tela aterciopelada",,"Serigrafía, DTF, Tampografía, Grabado láser",,false
USB Pendrive «Giro» 64GB,MEMORIAS USB,https://regalospremium.cl/pendrive-publicitario/usb-pendrive-giro-64gb.html,aluminio y PVC,,"pantógrafo, grabado láser",,false
Botella de Aluminio «BUZZ» 650cc,Botellas Metalicas,https://regalospremium.cl/botellas-metalicas-publicitarias/botella-deportiva-aluminio-750ml-buzz.html,aluminio y plástico PP,,"serigrafía, grabado láser",,false
Llavero-Casco-Destapador,Llaveros Metalicos,https://regalospremium.cl/llaveros-metalicos/llavero-destapador-casco-metalico.html,metálico,,"serigrafía, grabado láser (máquina YAG)",,false
"Bolso cooler ICELAND de RPET con interior térmico 8,5L",COOLERS,https://regalospremium.cl/coolers-publicitarios/bolso-cooler-iceland-de-rpet-con-interior-termico-85l.html,"RPET, nylon ripstop, PEVA, espuma PE FOAM",,"serigrafía, DTF (consultar costos)",,true
"Set termico  Cobre ""Radomiro""",Botellas Metalicas,https://regalospremium.cl/botellas-metalicas-publicitarias/set-termico-cobre-radomiro.html,"acero inoxidable 304 SS, acero inoxidable 201 SS, PP, silicona, EVA, poliéster 600D/PVC",,"grabado láser, serigrafía, DTF",,false
"Set de Regalo ""MINE"" negro con detalles encobrizados",LINEA COBRE - MINERIA,https://regalospremium.cl/linea-cobre-mineria/set-regalo-mine-boligrafo-llavero.html,"acero inoxidable, tela Oxford, EVA, papel y cartón",,"serigrafía, grabado láser, DTF",,false
Bolsa ecológica de algodón y yute YARI,BOLSAS DE ALGODÓN,https://regalospremium.cl/bolsas-de-algodon-publicitarias/bolsa-ecologica-yute-20l.html,yute laminado y lona de algodón,,"serigrafía, transfer, bordado y DTF textil",,true
Bolsa ecológica de algodón reciclado y yute YONA,BOLSAS DE ALGODÓN,https://regalospremium.cl/bolsas-de-algodon-publicitarias/bolsa-ecologica-algodon-reciclado-23l.html,yute laminado y lona de algodón reciclado,,"serigrafía, transfer y DTF textil",,true
Bolsa ecológica de yute y algodón YUCATAN,BOLSAS DE ALGODÓN,https://regalospremium.cl/bolsas-de-algodon-publicitarias/bolsa-yute-bolsillo-24l.html,yute laminado y lona de algodón,,"serigrafía, transfer y DTF textil",,true
Bolsa ecológica de yute YEYE,BOLSAS DE YUTE,https://regalospremium.cl/bolsas-de-yute-publicitarias/bolsa-yute-13l.html,yute laminado y algodón,,"serigrafía, transfer y DTF textil",,true
"Bolsa de algodón ""CORD""",BOLSAS DE ALGODÓN,https://regalospremium.cl/bolsas-de-algodon-publicitarias/bolsa-algodon-cordon-ajustable.html,100% algodón,,"serigrafía, transfer y DTF textil",,false
"Bolsa de algodón ""TOTI""",BOLSAS DE ALGODÓN,https://regalospremium.cl/bolsas-de-algodon-publicitarias/bolsa-de-algodon-toti.html,100% algodón,,"serigrafía, transfer y DTF textil",,false
"Bolsa mochila de algodón ""CHILL""",BOLSAS DE ALGODÓN,https://regalospremium.cl/bolsas-de-algodon-publicitarias/mochila-algodon-reciclado-cordones.html,100% algodón reciclado,,"serigrafía, transfer, bordado y DTF textil",,true
"Bolsa de algodón ""RECOTI FULL COLOR""",BOLSAS DE ALGODÓN,https://regalospremium.cl/bolsas-de-algodon-publicitarias/bolsa-de-algodon-recoti-full-color.html,50% algodón reciclado y 50% poliéster reciclado,,"serigrafía, transfer y DTF textil",,true
"Bolsa de algodón ""COTI CORE""",BOLSAS DE ALGODÓN,https://regalospremium.cl/bolsas-de-algodon-publicitarias/bolsa-de-algodon-coti-core.html,100% algodón,,"serigrafía, transfer y DTF textil",,false
"Bolsa de algodón ""COTI FORT""",BOLSAS DE ALGODÓN,https://regalospremium.cl/bolsas-de-algodon-publicitarias/bolsa-algodon-fuelle-promocional.html,100% algodón,,"serigrafía, transfer y DTF textil",,false
"Bolsa de algodón ""DONNA""",BOLSAS DE ALGODÓN,https://regalospremium.cl/bolsas-de-algodon-publicitarias/bolsa-algodon-asas-colores.html,100% algodón,,"serigrafía, transfer, bordado y DTF textil",,false
Power Bank BATEL,POWER BANK Y ACCESORIOS,https://regalospremium.cl/power-bank-y-accesorios/power-bank-corporativo-aluminio-reciclado-batel.html,Aluminio reciclado y ABS,,"Serigrafía, Grabado Láser e Impresión Digital",50 unidades,true
"Taza ""MAGUI FROST""",Mugs Ceramicos - Plasticos,https://regalospremium.cl/mugs-ceramica-plastico-publicitarios/taza-vidrio-frost-bambu-350ml.html,vidrio y bambú,,"tampografía, serigrafía, grabado láser, impresión digital, calco vitrificable, sand blast y DTF UV",,true
Pelota Antiestres Promocional,ANTISTRESS,https://regalospremium.cl/regalo-publicitario-antistress/pelota-antiestres-promocional.html,espuma de poliuretano,,tampografía y serigrafía,,false
Bolígrafo Metálico Mate,Bolígrafos Metálicos y Ejecutivos,https://regalospremium.cl/boligrafos-metalicos-y-ejecutivos-publicitarios/boligrafo-metalico-mate.html,"acero inoxidable, hierro y aleación de cobre y zinc",,"tampografía, serigrafía y grabado láser",,false
"Botella térmica ""RIBB""",Botellas Metalicas,https://regalospremium.cl/botellas-metalicas-publicitarias/botella-termica-deportiva-840ml.html,"acero inoxidable, elastómero termoplástico (TPE), silicona, ABS, polipropileno y poliestireno",,"tampografía, serigrafía, grabado láser, impresión digital",,false
"Parlante bluetooth ""TURBO""",COMPUTACIÓN,https://regalospremium.cl/publicitarios-para-computacion/parlante-bluetooth-subwoofer-luces-led.html,"ABS, metal y silicona",,"serigrafía, DTF UV y grabado láser",,false
"Auriculares Bluetooth ""EPIC""",AUDIO,https://regalospremium.cl/audio-publicitario/auriculares-bluetooth-pantalla-tactil.html,plástico ABS,,"tampografía, serigrafía, impresión digital y DTF UV",,false
"Mug térmico ""LUNGO""",Mugs Metálicos,https://regalospremium.cl/mugs-metalicos-publicitarios/mug-termico-500ml-con-bombilla.html,"acero reciclado, polipropileno, poliéster, polietileno y silicona",,"tampografía, serigrafía, grabado láser, impresión digital",,true
"Botella térmica ""ULTRA""",Botellas Metalicas,https://regalospremium.cl/botellas-metalicas-publicitarias/botella-termica-acero-inoxidable-500ml-corporativa.html,,,"Tampografía, Serigrafía, Grabado Láser, Impresión Digital e Impresión 360° Digital",50 unidades,false
Llavero Destapador SHARK,HOGAR  GOURMET  SOMMELIER,https://regalospremium.cl/hogar-gourmet-sommelier/llavero-destapador-aluminio-personalizado.html,aluminio,,"tampografía, serigrafía, grabado láser y grabado en pantógrafo",,false
"Botella térmica ""ROLLING""",Botellas Metalicas,https://regalospremium.cl/botellas-metalicas-publicitarias/botella-termica-acero-inoxidable-500ml-personalizada.html,,,"Tampografía, Serigrafía, Grabado Láser, Impresión Digital e Impresión 360° Digital",,false
"Botella térmica con dos tapas ""ROLLING TOP""",Botellas Metalicas,https://regalospremium.cl/botellas-metalicas-publicitarias/botella-termica-dos-tapas-500ml-personalizada.html,,,"Tampografía, Serigrafía, Grabado Láser, Impresión Digital e Impresión 360° Digital",,false
"Libreta Bicolor ""TREK""",CUADERNOS - LIBRETAS - MEMO SET,https://regalospremium.cl/cuadernos-libretas-memo-set-publicitarios/libreta-corporativa-tapa-rigida-bicolor-personalizada.html,papel reciclado y poliuretano,,Serigrafía e Impresión Digital,,true
"Libreta Bicolor ""MARROQUÍ""",CUADERNOS - LIBRETAS - MEMO SET,https://regalospremium.cl/cuadernos-libretas-memo-set-publicitarios/libreta-corcho-personalizada-corporativa.html,"poliuretano, papel y corcho reciclados",,Serigrafía e Impresión Digital,,true
Termo Doble Pared POTTER 500 ml,Botellas Metalicas,https://regalospremium.cl/botellas-metalicas-publicitarias/termo-acero-inoxidable-vacuum-500ml-personalizado.html,,,"Tampografía, Serigrafía, Grabado Láser, Impresión Digital e Impresión 360° Digital",,false
Mouse pad sublimable DILAN,COMPUTACIÓN,https://regalospremium.cl/publicitarios-para-computacion/mouse-pad-sublimable-dilan.html,goma y tela,,"Serigrafía, Transfer, Sublimación y DTF Textil",,false
"Bolígrafo Retractil ""GUJA""",Bolígrafos Metálicos y Ejecutivos,https://regalospremium.cl/boligrafos-metalicos-y-ejecutivos-publicitarios/boligrafo-retractil-guja.html,,,"Tampografía, Serigrafía, Grabado Láser e Impresión Digital",,false
"Bolígrafo ""DINASTY"" Tinta azul",Bolígrafos Metálicos y Ejecutivos,https://regalospremium.cl/boligrafos-metalicos-y-ejecutivos-publicitarios/boligrafo-ejecutivo-negro-rose-gold-personalizado.html,,,Grabado Láser,,false
"Bolígrafo Retractil ""MIK""",Bolígrafos Color Metalizado,https://regalospremium.cl/boligrafos-color-metalizado-publicitarios/boligrafo-retractil-mik.html,,,Serigrafía y Grabado Láser,,true
"Boligrafo Retractil ""CLISÉ"" Tinta Azul",Bolígrafos Color Metalizado,https://regalospremium.cl/boligrafos-color-metalizado-publicitarios/boligrafo-retractil-clise-tinta-azul.html,,,"Tampografía, Serigrafía, Grabado Láser e Impresión Digital",,false
"Bolígrafo ""MORK"" TINTA AZUL",Bolígrafos Color Metalizado,https://regalospremium.cl/boligrafos-color-metalizado-publicitarios/boligrafo-ejecutivo-aluminio-reciclado-personalizado.html,,,"Tampografía, Serigrafía y Grabado Láser",,true
Bolígrafo de Aluminio VUMY,Bolígrafos Color Metalizado,https://regalospremium.cl/boligrafos-color-metalizado-publicitarios/boligrafo-aluminio-reciclado-bambu-personalizado-vumy.html,,,"Tampografía, Serigrafía, Grabado Láser e Impresión Digital",,true
Bolígrafo ANNY Tinta Azul,Bolígrafos Metálicos y Ejecutivos,https://regalospremium.cl/boligrafos-metalicos-y-ejecutivos-publicitarios/boligrafo-metalico-tinta-gel-personalizado-anny.html,,,"Tampografía, Serigrafía y Grabado Láser",,false
"Bolígrafo aluminio reciclado y bambú ""BALU""",Bolígrafos Color Metalizado,https://regalospremium.cl/boligrafos-color-metalizado-publicitarios/boligrafo-aluminio-reciclado-bambu-rpet-personalizado-balu.html,,,"Tampografía, Serigrafía y Grabado Láser",,true
Bolígrafo Metálico KIM,Bolígrafos Metálicos y Ejecutivos,https://regalospremium.cl/boligrafos-metalicos-y-ejecutivos-publicitarios/boligrafo-metalico-bambu-personalizado-kim.html,,,"Tampografía, Serigrafía y Grabado Láser",,true
"Taza con Cierre ""MIKA""",Mugs Ceramicos - Plasticos,https://regalospremium.cl/mugs-ceramica-plastico-publicitarios/taza-con-cierre-mika.html,,,"Tampografía, Serigrafía, Transfer y DTF UV",,false
"Set de corte ""NAPOLE""",HOGAR  GOURMET  SOMMELIER,https://regalospremium.cl/hogar-gourmet-sommelier/set-cortador-pizza-bambu-personalizado-napole.html,,,"Tampografía, Serigrafía y Grabado Láser",,true
"Mug térmico ""CAPPU""",Mugs Metálicos,https://regalospremium.cl/mugs-metalicos-publicitarios/mug-termico-acero-reciclado-personalizado-cappu.html,,,"Tampografía, Serigrafía, Grabado Láser, Impresión Digital e Impresión 360° Digital",,true
"Botella ""BALADINA FROST""",Botellas Plasticas,https://regalospremium.cl/botellas-plasticas-publicitarias/botella-pet-transparente-personalizada-780ml-baladina-frost.html,,,"Tampografía, Serigrafía, Impresión Digital, Impresión 360° Digital y DTF UV",,false
"SET DE MANICURA ""LARISA""",BELLEZA Y SALUD,https://regalospremium.cl/publicitarios-belleza-y-salud/set-manicura-personalizado-estuche-larisa.html,,,"Serigrafía, Grabado Láser, Impresión Digital y DTF UV",,false
"Botella térmica ""PUSH""",Botellas Metalicas,https://regalospremium.cl/botellas-metalicas-publicitarias/botella-termica-deportiva-840ml-personalizada-push.html,,,"Grabado Láser, Impresión Digital e Impresión 360° Digital",,false
"Set de asado / BBQ ""HUACHALOMO""",HERRAMIENTAS Y ASADO,https://regalospremium.cl/herramientas-y-asado/set-asado-bbq-tabla-bambu-personalizado-huachalomo.html,,,"Tampografía, Serigrafía y Grabado Láser",,true
"BOTELLA ""LAGUNA""",Botellas Metalicas,https://regalospremium.cl/botellas-metalicas-publicitarias/botella-vidrio-frost-500ml-personalizada-laguna.html,,,"Impresión Digital, Impresión 360° Digital, Tampografía y Serigrafía",,true
"Mug térmico ""SIRI""",Mugs Metálicos,https://regalospremium.cl/mugs-metalicos-publicitarios/mug-termico-600ml-acero-inoxidable-personalizado-siri.html,,,Grabado Láser e Impresión Digital,,false
"Guirnalda de luces led ""RADIANT""",ELECTRÓNICOS,https://regalospremium.cl/publicitarios-electronicos/guirnalda-luces-led-retractil-recargable-radiant.html,plástico ABS,,"Tampografía, Serigrafía, Impresión Digital y DTF UV",,false
"Ventilador de bolsillo ""FANTASTIC""",VIAJES Y VACACIONES,https://regalospremium.cl/regalos-publicitarios-para-viajes-y-vacaciones/ventilador-portatil-plegable-recargable-fantastic.html,plástico ABS,,"Tampografía, Serigrafía, Impresión Digital y DTF UV",,false
"SET DE ASADO / BBQ ""Tomahawk""",HERRAMIENTAS Y ASADO,https://regalospremium.cl/herramientas-y-asado/set-de-asado-bbq-tomahawk.html,"poliéster 300D, bambú y acero inoxidable",,"Tampografía, Serigrafía, Grabado Láser, DTF Textil e Impresión Digital",,true
"Libreta ""CRETA""",CUADERNOS - LIBRETAS - MEMO SET,https://regalospremium.cl/cuadernos-libretas-memo-set-publicitarios/libreta-creta.html,"papel, cartón, RPET y metal",,"Serigrafía, Grabado Láser, Impresión Digital y DTF Textil",,true
"Botella de Aluninio ""FOREST""",Botellas Metalicas,https://regalospremium.cl/botellas-metalicas-publicitarias/botella-aluminio-750ml-tapa-bambu-forest.html,aluminio y bambú,,"Tampografía, Serigrafía, Grabado Láser, Impresión Digital e Impresión 360° Digital",,true
Libreta Ecológica de Croquis,CUADERNOS - LIBRETAS - MEMO SET,https://regalospremium.cl/cuadernos-libretas-memo-set-publicitarios/libreta-ecologica-de-croquis.html,"cartón piedra reciclado, papel reciclado y acero inoxidable",,,,true
Termo 1/2 L negro/encobrizado «CRISOL» 500cc,Botellas Metalicas,https://regalospremium.cl/botellas-metalicas-publicitarias/-termo-12-l-negroencobrizado-crisol-500cc-.html,"acero inoxidable 304 SS, acero inoxidable 201 SS, PP, silicona y EVA",,"Grabado Láser, Serigrafía y DTF",,false
Placa Galvano encobrizado PLANA,MEDALLAS - TROFEOS - GALVANOS,https://regalospremium.cl/medallas-trofeos-galvanos/placa-galvano-encobrizado-plana.html,acero inoxidable y madera,,"Grabado Láser CO2, Serigrafía y DTF",,false
Trofeo galvano de cristal RUNA,MEDALLAS - TROFEOS - GALVANOS,https://regalospremium.cl/medallas-trofeos-galvanos/trofeo-galvano-cristal-base-cobre-rune.html,cristal y acero inoxidable,,,,false
"Trofeo Galvano  ""CUBO""",MEDALLAS - TROFEOS - GALVANOS,https://regalospremium.cl/medallas-trofeos-galvanos/trofeo-galvano-cubo.html,cristal y acero inoxidable,,Grabado Láser y Serigrafía,,false
"Llavero  ""COPPER""",Llaveros Metalicos,https://regalospremium.cl/llaveros-metalicos/llavero-copper.html,zinc alloy y aluminio,,"Serigrafía, Pantografía y Grabado Láser",,false
Llavero en cobre BLACK,Llaveros Metalicos,https://regalospremium.cl/llaveros-metalicos/llavero-en-cobre-black.html,zinc alloy y aluminio,,"Serigrafía, Pantografía y Grabado Láser",,false
"Tazón  Encobrizado ""ANDINO""",Mugs Metálicos,https://regalospremium.cl/mugs-metalicos-publicitarios/tazon-encobrizado-andino.html,,,,,false
Memo Set Ecológico BOX,CUADERNOS - LIBRETAS - MEMO SET,https://regalospremium.cl/cuadernos-libretas-memo-set-publicitarios/memo-set-ecologico-box.html,"Papel, cartón forrado y plástico",,Serigrafía y DTF,,true
"SET DE VASOS DE VIDRIO ""OVAL""",HOGAR  GOURMET  SOMMELIER,https://regalospremium.cl/hogar-gourmet-sommelier/set-de-vasos-de-vidrio-oval.html,Vidrio,,"Serigrafía, Impresión Digital",,false
"Mug térmico ""400""",Mugs Metálicos,https://regalospremium.cl/mugs-metalicos-publicitarios/mug-termico-400.html,,,"Serigrafía, Grabado Láser, Impresión, DTF UV",,false
"Linterna con set de herramientas ""DO-IT""",ACCESORIOS AUTOMÓVIL,https://regalospremium.cl/regalos-publicitarios-para-automovil/linterna-con-set-de-herramientas-do-it.html,ABS y acero al carbono,,"Serigrafía, Impresión Digital y DTF UV",,false
"Set de viaje ""ESCALA""",VIAJES Y VACACIONES,https://regalospremium.cl/regalos-publicitarios-para-viajes-y-vacaciones/set-de-viaje-escala.html,Poliuretano reciclado de textura suave,,Serigrafía,,true
"Set ejecutivo ""ESTANDAR""",CARPETAS Y PORTAFOLIOS,https://regalospremium.cl/carpetas-y-portafolios-publicitarios/set-ejecutivo-estandar.html,"Aluminio, plástico ABS, acero, papel, cartón y poliuretano",,"Serigrafía, Grabado Láser e Impresión Digital",,false
Set de Escritura «CASPIO»,Bolígrafos Metálicos y Ejecutivos,https://regalospremium.cl/boligrafos-metalicos-y-ejecutivos-publicitarios/-set-de-escritura-caspio-.html,"Acero inoxidable, PU, tela aterciopelada y papel",,Grabado Láser,,false
Coctelera Metálica «DRINK»,HOGAR  GOURMET  SOMMELIER,https://regalospremium.cl/hogar-gourmet-sommelier/coctelera-metalica-drink.html,Acero inoxidable 304 SS,,Grabado Láser,,false
Copa Metálica «CALIZ»,HOGAR  GOURMET  SOMMELIER,https://regalospremium.cl/hogar-gourmet-sommelier/copa-metalica-caliz.html,Acero inoxidable 304 SS,,Grabado Láser,,false
Tazón Metálico Encobrizado «COBRE»,HOGAR  GOURMET  SOMMELIER,https://regalospremium.cl/hogar-gourmet-sommelier/tazon-metalico-encobrizado-cobre.html,Acero inoxidable 304 SS,,Grabado Láser,,false
Mini Pendrive USB 2.0 «LOCK»,MEMORIAS USB,https://regalospremium.cl/pendrive-publicitario/mini-pendrive-usb-20-lock-32gb-acero-inoxidable.html,Acero inoxidable,,Pantógrafo y Grabado Láser,,true
Mini Pendrive USB 3.0 «GIRO»,MEMORIAS USB,https://regalospremium.cl/pendrive-publicitario/mini-pendrive-usb-30-giro-16gb-acero-inoxidable.html,Acero inoxidable,,Pantógrafo y Grabado Láser,,true
Pendrive USB 2.0 «BOT» 32 GB,MEMORIAS USB,https://regalospremium.cl/pendrive-publicitario/pendrive-usb-20-bot-32gb-acero-inoxidable.html,Acero inoxidable,,Pantógrafo y Grabado Láser,,true
Set  de Oficina «ANDES»,CUADERNOS - LIBRETAS - MEMO SET,https://regalospremium.cl/cuadernos-libretas-memo-set-publicitarios/set-de-oficina-andes.html,,,,,true
Tazón Térmico Encobrizado «VETA»,Mugs Metálicos,https://regalospremium.cl/mugs-metalicos-publicitarios/tazon-termico-encobrizado-veta-250cc.html,"Acero inoxidable 304 SS, acero inoxidable 201 SS, PP, silicona y EVA",,Grabado Láser,,false
Botella Deportiva «MARATÓN»,Botellas Metalicas,https://regalospremium.cl/botellas-metalicas-publicitarias/botella-deportiva-maraton-600cc-aluminio.html,"Aluminio, plástico PP y silicona",,"Serigrafía, Grabado Láser y DTF",,false
Botella Térmica «NORDICA»,Botellas Metalicas,https://regalospremium.cl/botellas-metalicas-publicitarias/botella-termica-nordica-500ml-bambu-reciclado.html,Acero inoxidable reciclado y bambú,,"DTF, Grabado Láser y Serigrafía",,true
Llavero Encobrizado «CUPRA»,Llaveros Cuero,https://regalospremium.cl/llaveros-cuero/llavero-encobrizado-cupra.html,Zinc Alloy y aluminio,,"Serigrafía, Pantografía y Grabado Láser",,false
Pendrive OTG «COBREX» USB 3.0 / USB-C 64 GB,MEMORIAS USB,https://regalospremium.cl/pendrive-publicitario/pendrive-otg-cobrex-usb30-usb-c-64gb.html,"Acero inoxidable, aluminio, silicona y espuma de protección",,Pantógrafo y Grabado Láser,,false
Vaso Térmico con Bombilla,Mugs Metálicos,https://regalospremium.cl/mugs-metalicos-publicitarios/vaso-termico-bombilla-pampa-300cc.html,"Acero inoxidable 304 SS, acero inoxidable 201 SS y polipropileno (PP)",,"Grabado Láser, Serigrafía y DTF",,false
Set de Regalo «DARTH»,CARPETAS Y PORTAFOLIOS,https://regalospremium.cl/carpetas-y-portafolios-publicitarios/set-regalo-darth-termo-cuaderno-boligrafo.html,,,,,false
Set de Mate «CÓRDOBA»,Mugs Metálicos,https://regalospremium.cl/mugs-metalicos-publicitarios/set-de-mate-cordoba.html,Acero inoxidable,,"Grabado Láser, Tampografía, Serigrafía e Impresión Digital",,false
Trofeo CRECIMIENTO IV,MEDALLAS  TROFEOS  GALVANOS,https://regalospremium.cl/medallas-trofeos-galvanos-publicitarios/trofeo-crecimiento-iv-vidrio-k9.html,Vidrio K9,,"Serigrafía, Grabado Láser y Grabado en Pantógrafo",,false
Bolígrafo Ecológico ELEMENT,BOLÍGRAFOS Y LÁPICES ECO,https://regalospremium.cl/boligrafos-y-lapices-eco-publicitarios/boligrafo-ecologico-element-2-fibra-trigo.html,ABS y Fibra de Trigo (Wheat Straw),,,50 unidades,true
Trofeo de Cristal TRIANGLE,MEDALLAS  TROFEOS  GALVANOS,https://regalospremium.cl/medallas-trofeos-galvanos-publicitarios/trofeo-de-cristal-triangle.html,Madera natural y cristal,,Grabado láser y serigrafía,50 unidades,false
"Pastillero Semanal ""NO ME OLVIDES""",BELLEZA Y SALUD,https://regalospremium.cl/publicitarios-belleza-y-salud/pastillero-semanal-personalizado-empresas.html,Polipropileno (PP) y PVC,,Serigrafía y DTF,50 unidades,false
"Pastillero Plástico 7 Días Personalizado ""FLOR""",BELLEZA Y SALUD,https://regalospremium.cl/publicitarios-belleza-y-salud/pastillero-plastico-7-dias-personalizado.html,Polipropileno (PP),,Serigrafía y DTF,100 unidades,true
"Set Ecológico Bamboo ""VIVA""",ECO FRIENDLY,https://regalospremium.cl/productos-eco-friendly-publicitarios/set-ecologico-bamboo-personalizado-viva.html,"Bamboo, aluminio, acero inoxidable, esponja y cartón",,"Serigrafía, Grabado Láser y DTF",50 unidades,true
